cell_id,ctr_x,ctr_y,n_dolmen,n_sites,n_extant,landform_mode,dist_coast_km,elev_m,bathy_grad,curr_p90,curr_mean,marine_dist_km,marine_curr_p90,marine_curr_mean,marine_depth,marine_grad,risk_score,landform_g,y,dist_coast_km_z,elev_m_z,marine_curr_p90_z,marine_grad_z,marine_depth_z
132,852500.0,1682500.0,0.0,0.0,0.0,,17.066198311211352,-4.75,4.48783076775406,0.26023579835891725,0.12958891689777374,3.6254483778431874,0.26023579835891725,0.12958892,19.75,3.8078865529319543,3.3852093819598448,기타,0,-0.3533144576420541,-0.8916892975030721,7.193332531607515,0.09043376734390268,0.9402441
175,857500.0,1627500.0,0.0,0.0,0.0,,3.053710422682249,0.75,53.818754787358316,0.05640013217926026,0.03010040894150734,2.493365814611695,0.05640013217926026,0.030100409,41.0,10.17656621852381,-0.9098431394371886,기타,0,-0.9324883959899481,-0.8655159802842244,0.20167007598681488,1.362840510408187,3.2376537
176,857500.0,1632500.0,0.0,0.0,0.0,,1.0087581970260082,45.337310791015625,23.30067834095096,,,4.669146651473854,0.05640013217926026,0.030100409,41.0,10.17656621852381,-0.9098431394371886,기타,0,-1.0170117899574231,-0.6533345567808414,0.20167007598681488,1.362840510408187,3.2376537
177,857500.0,1637500.0,0.0,0.0,0.0,,1.0145991574798918,-4.104997634887695,2.2087967440428606,,,8.920578867462714,0.04814613983035089,0.026670583,7.5,5.482928049865327,-0.4027570885145556,기타,0,-1.0167703672995252,-0.8886198699559827,-0.08144587470253299,0.4250924733117192,-0.3841451
178,857500.0,1642500.0,0.0,0.0,0.0,,1.1074021182391567,4.157277584075928,9.624878013743047,,,4.208483135589058,0.04814613983035089,0.026670583,7.5,5.482928049865327,-0.4027570885145556,기타,0,-1.012934570494499,-0.8493014790004628,-0.08144587470253299,0.4250924733117192,-0.3841451
183,857500.0,1667500.0,0.0,0.0,0.0,,12.265486803780126,-3.25,3.48209706929603,0.2199240654706956,0.11068270355463028,1.8911023059945233,0.2199240654706956,0.1106827,15.75,4.926015123809508,2.5552391817367024,기타,0,-0.5517408193809376,-0.88455112007975,5.8106204938271615,0.3138261199038764,0.50779045
185,857500.0,1677500.0,0.0,0.0,0.0,,11.113549554073545,-2.5,1.231107225224513,0.24042180180549627,0.12108366936445236,4.428482414452191,0.26023579835891725,0.12958892,19.75,3.8078865529319543,3.3852093819598448,기타,0,-0.5993534945139781,-0.880982031368089,7.193332531607515,0.09043376734390268,0.9402441
229,862500.0,1627500.0,0.0,0.0,0.0,,2.018360822285265,4.2853803634643555,26.13467045172204,,,7.369142270205775,0.05640013217926026,0.030100409,41.0,10.17656621852381,-0.9098431394371886,기타,0,-0.9752821889551305,-0.8486918654219993,0.20167007598681488,1.362840510408187,3.2376537
230,862500.0,1632500.0,0.0,0.0,0.0,,0.001680280374291134,15.666488647460938,18.003508388489095,,,8.359923155509792,0.05640013217926026,0.030100409,41.0,10.17656621852381,-0.9098431394371886,기타,0,-1.058637037939821,-0.7945316186185267,0.20167007598681488,1.362840510408187,3.2376537
231,862500.0,1637500.0,0.0,0.0,0.0,,1.2415633264858406,-3.5,3.7416437036611954,,,11.174809661829627,0.04814613983035089,0.026670583,7.5,5.482928049865327,-0.4027570885145556,기타,0,-1.0073893257119966,-0.8857408163169703,-0.08144587470253299,0.4250924733117192,-0.3841451
232,862500.0,1642500.0,4.0,1.0,4.0,평지,0.5348789043647924,28.88022804260254,5.375973426504711,,,7.937945196966023,0.04814613983035089,0.026670583,7.5,5.482928049865327,-0.4027570885145556,평지,4,-1.0365984999275197,-0.7316502744664856,-0.08144587470253299,0.4250924733117192,-0.3841451
235,862500.0,1657500.0,0.0,0.0,0.0,,1.6906943246122186,-4.0,6.189709201569974,,,6.343387435113416,0.09691176265478135,0.050902955,20.25,2.3351927115336757,0.8481600846734528,기타,0,-0.9888255295404462,-0.8881202087914111,1.5912386982024898,-0.20379763895344502,0.9943008
283,867500.0,1627500.0,0.0,0.0,0.0,,1.4083749980624198,13.086031913757324,11.901993279072858,,,9.529440758044098,0.1176545768976212,0.061357733,14.0,1.3806701271484076,1.327379907930193,기타,0,-1.0004945491699602,-0.8068114572841152,2.302727311965273,-0.3945029399816594,0.318592
286,867500.0,1642500.0,0.0,0.0,0.0,,1.6077024349165625,4.54711389541626,5.238858237475176,,,12.582154727928536,0.04814613983035089,0.026670583,7.5,5.482928049865327,-0.4027570885145556,기타,0,-0.9922558083023866,-0.847446331829529,-0.08144587470253299,0.4250924733117192,-0.3841451
287,867500.0,1647500.0,0.0,0.0,0.0,,2.6807287129809394,11.740689277648926,13.008256341651828,,,12.1014553079144,0.04814613983035089,0.026670583,7.5,5.482928049865327,-0.4027570885145556,기타,0,-0.9479047365754254,-0.8132136535719163,-0.08144587470253299,0.4250924733117192,-0.3841451
288,867500.0,1652500.0,0.0,0.0,0.0,,0.20324543033492123,21.04271125793457,27.89910858231388,,,11.569610982631996,0.045706267654895785,0.02389438,6.5,0.75,0.2072586866507756,기타,0,-1.050305806350893,-0.7689473313779689,-0.16513467659556272,-0.520505339940375,-0.49225852
289,867500.0,1657500.0,4.0,1.0,4.0,구릉정상,0.4300109879920738,28.320098876953125,26.795913289560282,,,6.83575704327955,0.045706267654895785,0.02389438,6.5,0.75,0.2072586866507756,구릉,4,-1.0409329739063802,-0.7343158087094075,-0.16513467659556272,-0.520505339940375,-0.49225852
293,867500.0,1677500.0,2.0,2.0,1.0,산록하사면,1.3418830999824118,30.893068313598633,47.7016628892278,,,4.265645218727525,0.22997393310070038,0.1027303,21.0,1.3287682265918312,3.2185620943123614,산록,2,-1.003242838751766,-0.7220716004803669,6.155335839819317,-0.40487248778649515,1.0753858
295,867500.0,1687500.0,0.0,0.0,0.0,,7.552814825722266,-3.25,4.72526454285895,0.16695691049098974,0.07698974013328552,3.5505074256246294,0.16695691049098974,0.07698974,14.0,2.1286732957408003,2.051500364579965,기타,0,-0.7465282697885071,-0.88455112007975,3.9938213251956425,-0.24505841999857408,0.318592
337,872500.0,1627500.0,0.0,0.0,0.0,,3.1739507002943568,-1.0,13.350111833393802,,,12.90065708107346,0.033430299907922754,0.020922309,19.0,4.751644452187053,-0.5490235338271147,기타,0,-0.9275185408374127,-0.8738438539447668,-0.5862063389378807,0.278988378014649,0.859159
338,872500.0,1632500.0,0.0,0.0,0.0,,4.316324917026036,-2.0,5.875,,,16.503087499323573,0.1176545768976212,0.061357733,14.0,1.3806701271484076,1.327379907930193,기타,0,-0.8803011316638993,-0.8786026388936482,2.302727311965273,-0.3945029399816594,0.318592
339,872500.0,1637500.0,0.0,0.0,0.0,,0.32614525276765227,2.4381794929504395,8.5194207295173,,,19.117417667486308,0.04814613983035089,0.026670583,7.5,5.482928049865327,-0.4027570885145556,기타,0,-1.0452260250339085,-0.8574822971221615,-0.08144587470253299,0.4250924733117192,-0.3841451
340,872500.0,1642500.0,34.0,8.0,33.0,산록하사면,0.255081016186214,0.25,19.688508351568842,,,17.424415664378326,0.04814613983035089,0.026670583,7.5,5.482928049865327,-0.4027570885145556,산록,34,-1.0481633017048309,-0.867895372758665,-0.08144587470253299,0.4250924733117192,-0.3841451
341,872500.0,1647500.0,1.0,1.0,1.0,지석묘는 장산중학교에서 서쪽으로 70여m 떨,1.203665389962814,49.322410583496094,13.45641384592015,,,16.35463450025768,0.045706267654895785,0.02389438,6.5,0.75,0.2072586866507756,기타,1,-1.008955749699365,-0.6343703238685948,-0.16513467659556272,-0.520505339940375,-0.49225852
342,872500.0,1652500.0,6.0,1.0,2.0,산록하사면,0.6610357231056772,-4.5,6.1625968332820085,,,11.41690613530329,0.045706267654895785,0.02389438,6.5,0.75,0.2072586866507756,산록,6,-1.031384098163832,-0.8904996012658518,-0.16513467659556272,-0.520505339940375,-0.49225852
343,872500.0,1657500.0,0.0,0.0,0.0,,1.2821059333193288,-1.25,8.109414686636017,,,6.573995875236994,0.045706267654895785,0.02389438,6.5,0.75,0.2072586866507756,기타,0,-1.0057135903638246,-0.8750335501819871,-0.16513467659556272,-0.520505339940375,-0.49225852
345,872500.0,1667500.0,0.0,0.0,0.0,,5.75314400074801,5.932886123657227,14.06801656890713,0.0574630215764046,0.03281994163990021,2.1846372833568886,0.0574630215764046,0.03281994,17.5,4.544914740674461,-0.1174663535238946,기타,0,-0.8209135215526431,-0.840851739807198,0.23812769908964104,0.2376855817158323,0.69698894
347,872500.0,1677500.0,24.0,7.0,25.0,산록하사면,2.549264480375244,10.492547988891602,8.090527643290352,,,5.314362152147342,0.03535118028521538,0.019821664,3.25,3.923088706618804,-0.40284748005508214,산록,24,-0.9533385080766629,-0.8191532895509321,-0.520319208057565,0.11345015454871478,-0.8436271
348,872500.0,1682500.0,0.0,0.0,0.0,,0.7210557250601997,2.9942917823791504,12.576290862794856,,,3.8580291640497286,0.16695691049098974,0.07698974,14.0,2.1286732957408003,2.051500364579965,기타,0,-1.028903309513866,-0.8548358783293403,3.9938213251956425,-0.24505841999857408,0.318592
350,872500.0,1692500.0,0.0,0.0,0.0,,8.965115190991087,-1.0,1.0,0.200096932053566,0.09377656877040863,2.7991905945053035,0.200096932053566,0.09377657,1.75,0.39528470752104744,2.845791988305656,기타,0,-0.6881540844768098,-0.8738438539447668,5.13054017759366,-0.5913743667587139,-1.0057971
391,877500.0,1627500.0,0.0,0.0,0.0,,6.701488022315229,31.505455017089844,9.660258574000412,,,14.825994258376115,0.033430299907922754,0.020922309,19.0,4.751644452187053,-0.5490235338271147,기타,0,-0.7817159039526023,-0.7191573838528978,-0.5862063389378807,0.278988378014649,0.859159
393,877500.0,1637500.0,0.0,0.0,0.0,,1.3275232806501045,12.152277946472168,25.83963412293111,,,23.534943230430535,0.1176545768976212,0.061357733,14.0,1.3806701271484076,1.327379907930193,기타,0,-1.0038363688359893,-0.8112549916095901,2.302727311965273,-0.3945029399816594,0.318592
394,877500.0,1642500.0,0.0,0.0,0.0,,0.18470571809702513,10.943588256835938,7.618690121065931,,,22.336291207193092,0.04814613983035089,0.026670583,7.5,5.482928049865327,-0.4027570885145556,기타,0,-1.0510721026887082,-0.8170068859124991,-0.08144587470253299,0.4250924733117192,-0.3841451
395,877500.0,1647500.0,0.0,0.0,0.0,,1.0869667564106131,0.25,6.916376357061194,,,17.71902697807941,0.045706267654895785,0.02389438,6.5,0.75,0.2072586866507756,기타,0,-1.0137792191454706,-0.867895372758665,-0.16513467659556272,-0.520505339940375,-0.49225852
398,877500.0,1662500.0,1.0,1.0,1.0,왕겨동산 구릉정상,6.177451561858805,7.770280838012695,6.436825069702129,,,7.2511340661876575,0.045706267654895785,0.02389438,6.5,0.75,0.2072586866507756,구릉,1,-0.8033757450211462,-0.8321079734953689,-0.16513467659556272,-0.520505339940375,-0.49225852
399,877500.0,1667500.0,39.0,7.0,4.0,산록하사면,3.440941002360387,3.038133382797241,3.0848010180339127,,,7.115616791441157,0.0574630215764046,0.03281994,17.5,4.544914740674461,-0.1174663535238946,산록,39,-0.9164831111565163,-0.8546272455811358,0.23812769908964104,0.2376855817158323,0.69698894
400,877500.0,1672500.0,1.0,1.0,0.0,산록하사면,0.5572498242014541,9.944245338439941,20.324029598108623,,,7.023346957992541,0.03535118028521538,0.019821664,3.25,3.923088706618804,-0.40284748005508214,산록,1,-1.0356738494408013,-0.8217625439513333,-0.520319208057565,0.11345015454871478,-0.8436271
401,877500.0,1677500.0,1.0,1.0,0.0,산록하사면,0.6051623092125877,-4.25,8.603185341584243,,,8.30631030554538,0.11999353170394905,0.05771328,6.5,3.365728004459065,1.093599036920293,산록,1,-1.033693497139291,-0.8893099050286314,2.3829545990308385,0.0020943393742378588,-0.49225852
403,877500.0,1687500.0,0.0,0.0,0.0,,3.185935154529343,-2.75,2.5310570914145734,0.11999353170394905,0.057713281363248825,1.767542341008331,0.11999353170394905,0.05771328,6.5,3.365728004459065,1.093599036920293,기타,0,-0.9270231910027906,-0.8821717276053093,2.3829545990308385,0.0020943393742378588,-0.49225852
405,877500.0,1697500.0,0.0,0.0,0.0,,13.158210497038954,-4.0,0.39528470752104744,0.2085163921117783,0.104342021048069,1.7257866400605,0.2085163921117783,0.10434202,2.5,8.799026996592913,1.83121317568941,기타,0,-0.5148421400461669,-0.8881202087914111,5.419331751163114,1.0876201685388633,-0.9247121
451,882500.0,1657500.0,0.0,0.0,0.0,,1.368942624952299,-4.0,0.3535533905932738,,,13.645406428296926,0.045706267654895785,0.02389438,6.5,0.75,0.2072586866507756,기타,0,-1.0021243955622834,-0.8881202087914111,-0.16513467659556272,-0.520505339940375,-0.49225852
452,882500.0,1662500.0,0.0,0.0,0.0,,2.215910068345958,4.75,5.117686898098816,,,12.209373147656443,0.045706267654895785,0.02389438,6.5,0.75,0.2072586866507756,기타,0,-0.9671169455116524,-0.8464808404886986,-0.16513467659556272,-0.520505339940375,-0.49225852
453,882500.0,1667500.0,0.0,0.0,0.0,,4.479687850083029,-3.5,3.75,,,12.103361705966062,0.0574630215764046,0.03281994,17.5,4.544914740674461,-0.1174663535238946,기타,0,-0.8735489007915976,-0.8857408163169703,0.23812769908964104,0.2376855817158323,0.69698894
454,882500.0,1672500.0,0.0,0.0,0.0,,1.6817962923353034,-1.2387162446975708,2.255977018422392,,,12.023129657129815,0.03535118028521538,0.019821664,3.25,3.923088706618804,-0.40284748005508214,기타,0,-0.9891933092265637,-0.8749798532170872,-0.520319208057565,0.11345015454871478,-0.8436271
455,882500.0,1677500.0,7.0,3.0,3.0,구릉정상,0.803508803819015,47.14691925048828,16.715222599221338,,,8.645110894280117,0.0554732516407967,0.027805906,6.5,3.7520827549509086,-0.04180077199854193,구릉,7,-1.0254953012619734,-0.6447230192805344,0.1698776228647523,0.07928465440872084,-0.49225852
456,882500.0,1682500.0,0.0,0.0,0.0,,3.0697103921273547,-3.0,3.14586162315022,,,4.213589079949001,0.0554732516407967,0.027805906,6.5,3.7520827549509086,-0.04180077199854193,기타,0,-0.9318270740754755,-0.8833614238425297,0.1698776228647523,0.07928465440872084,-0.49225852
457,882500.0,1687500.0,0.0,0.0,0.0,,5.412781257887849,-4.0,6.1000076340746725,0.0554732516407967,0.027805905789136887,3.28187804388435,0.0554732516407967,0.027805906,6.5,3.7520827549509086,-0.04180077199854193,기타,0,-0.8349816322134618,-0.8881202087914111,0.1698776228647523,0.07928465440872084,-0.49225852
459,882500.0,1697500.0,0.0,0.0,0.0,,9.86019619282592,-2.5,1.5662455107677085,0.1732738226652146,0.08859094232320786,3.2789714803134298,0.1732738226652146,0.08859094,7.75,3.6336104634371584,1.9504790058693093,기타,0,-0.6511579712171909,-0.880982031368089,4.210494484077731,0.055614922140224926,-0.35711676
496,887500.0,1612500.0,0.0,0.0,0.0,,2.3287592331048597,54.190433502197266,91.37981324231572,,,16.018994471141998,0.01873996779322624,0.011232764,11.0,0.25,-0.17630639979809243,기타,0,-0.9624525849988995,-0.61120444967227,-1.0900918729660427,-0.6204009862812274,-0.0057482054
497,887500.0,1617500.0,0.0,0.0,0.0,,0.3673164527694118,6.526700019836426,17.424059625637828,,,18.024577509632046,0.033430299907922754,0.020922309,19.0,4.751644452187053,-0.5490235338271147,기타,0,-1.0435243082337786,-0.8380259071756239,-0.5862063389378807,0.278988378014649,0.859159
499,887500.0,1627500.0,0.0,0.0,0.0,,0.5377638130961616,9.336190223693848,1.5174358000029564,,,21.830630110038122,0.033430299907922754,0.020922309,19.0,4.751644452187053,-0.5490235338271147,기타,0,-1.0364792588644756,-0.8246561474794774,-0.5862063389378807,0.278988378014649,0.859159
500,887500.0,1632500.0,0.0,0.0,0.0,,0.000809033428239401,80.99958801269531,43.05424083372157,,,25.048391551187233,0.033430299907922754,0.020922309,19.0,4.751644452187053,-0.5490235338271147,기타,0,-1.0586730489272367,-0.4836254486954756,-0.5862063389378807,0.278988378014649,0.859159
503,887500.0,1647500.0,0.0,0.0,0.0,,3.4640849648777827,-2.5,2.0155644370746373,,,23.599652791422162,0.045706267654895785,0.02389438,6.5,0.75,0.2072586866507756,기타,0,-0.9155265087296802,-0.880982031368089,-0.16513467659556272,-0.520505339940375,-0.49225852
504,887500.0,1652500.0,0.0,0.0,0.0,,0.5097245652316398,4.952229976654053,10.260328467535157,,,20.489394523533072,0.045706267654895785,0.02389438,6.5,0.75,0.2072586866507756,기타,0,-1.0376381966450607,-0.8455184715195847,-0.16513467659556272,-0.520505339940375,-0.49225852
506,887500.0,1662500.0,0.0,0.0,0.0,,2.372122171046725,2.5873353481292725,9.307234394248933,,,17.19181898670415,0.045706267654895785,0.02389438,6.5,0.75,0.2072586866507756,기타,0,-0.9606602777551099,-0.856772496483499,-0.16513467659556272,-0.520505339940375,-0.49225852
507,887500.0,1667500.0,0.0,0.0,0.0,,3.001744980107179,-0.746589183807373,13.727511753923737,,,17.098266779070098,0.0574630215764046,0.03281994,17.5,4.544914740674461,-0.1174663535238946,기타,0,-0.9346362679648338,-0.8726379263667856,0.23812769908964104,0.2376855817158323,0.69698894
508,887500.0,1672500.0,0.0,0.0,0.0,,0.28822307942002834,45.318233489990234,33.53516821811856,,,13.389927037806148,0.0554732516407967,0.027805906,6.5,3.7520827549509086,-0.04180077199854193,기타,0,-1.0467934507946426,-0.6534253415538263,0.1698776228647523,0.07928465440872084,-0.49225852
509,887500.0,1677500.0,0.0,0.0,0.0,,0.7836127979054903,23.339134216308594,12.219954606627782,,,8.50332503424612,0.0554732516407967,0.027805906,6.5,3.7520827549509086,-0.04180077199854193,기타,0,-1.0263176568774786,-0.7580191483673929,0.1698776228647523,0.07928465440872084,-0.49225852
510,887500.0,1682500.0,2.0,2.0,0.0,산록하사면,0.17762057009799442,16.369144439697266,10.683831891589216,,,3.9144510724112402,0.0554732516407967,0.027805906,6.5,3.7520827549509086,-0.04180077199854193,산록,2,-1.051364950975395,-0.7911878308101882,0.1698776228647523,0.07928465440872084,-0.49225852
511,887500.0,1687500.0,0.0,0.0,0.0,,4.375325182039948,0.0,2.375,0.0554732516407967,0.027805905789136887,2.88778769277906,0.0554732516407967,0.027805906,6.5,3.7520827549509086,-0.04180077199854193,기타,0,-0.8778624914935376,-0.8690850689958854,0.1698776228647523,0.07928465440872084,-0.49225852
512,887500.0,1692500.0,0.0,0.0,0.0,,4.305374730500352,0.5,1.6441183047457382,0.14242159426212314,0.07027946412563324,2.9813574036280484,0.14242159426212314,0.070279464,8.0,3.25,1.485723780926947,기타,0,-0.8807537324230348,-0.8667056765214447,3.152248049383581,-0.02102710823611283,-0.3300884
513,887500.0,1697500.0,0.0,0.0,0.0,,5.56463824436851,-4.0,0.5153882032022076,0.1732738226652146,0.08859094232320786,2.575271518703775,0.1732738226652146,0.08859094,7.75,3.6336104634371584,1.9504790058693093,기타,0,-0.8287049731629555,-0.8881202087914111,4.210494484077731,0.055614922140224926,-0.35711676
514,887500.0,1702500.0,0.0,0.0,0.0,,9.106573491463642,-1.75,0.9519716382329886,0.18029171526432042,0.09221494197845459,2.240205009398254,0.18029171526432042,0.09221494,6.5,1.231107225224513,2.39862480262816,기타,0,-0.6823072311807753,-0.8774129426564279,4.451211612352526,-0.42438430549426137,-0.49225852
548,892500.0,1602500.0,0.0,0.0,0.0,,0.08504547317535296,43.5625,2.6395758400627334,0.02733957692980767,0.013970820233225822,5.702266137187145,0.06685431599617007,0.033959772,10.75,2.003902442735175,0.3895406756451543,기타,0,-1.0551913295531432,-0.6617804996602389,0.5602536637698471,-0.269986550009567,-0.032776557
549,892500.0,1607500.0,0.0,0.0,0.0,,3.7149209008980524,299.042724609375,84.83931367405685,,,8.948161900042727,0.01873996779322624,0.011232764,11.0,0.25,-0.17630639979809243,기타,0,-0.9051587825914142,0.5539949479476979,-1.0900918729660427,-0.6204009862812274,-0.0057482054
550,892500.0,1612500.0,0.0,0.0,0.0,,3.7097181095441325,115.32809448242188,25.558730035625395,,,12.947908915327632,0.01873996779322624,0.011232764,11.0,0.25,-0.17630639979809243,기타,0,-0.9053738279982557,-0.3202634687897626,-1.0900918729660427,-0.6204009862812274,-0.0057482054
551,892500.0,1617500.0,0.0,0.0,0.0,,0.9452037723655086,11.71843147277832,18.232837616714747,,,17.47074953085486,0.01873996779322624,0.011232764,11.0,0.25,-0.17630639979809243,기타,0,-1.0196386658357737,-0.8133195736787296,-1.0900918729660427,-0.6204009862812274,-0.0057482054
552,892500.0,1622500.0,0.0,0.0,0.0,,1.8197738145752318,9.631933212280273,7.769006544317262,,,22.19923046098918,0.01873996779322624,0.011232764,11.0,0.25,-0.17630639979809243,기타,0,-0.9834903258880658,-0.8232487701966551,-1.0900918729660427,-0.6204009862812274,-0.0057482054
553,892500.0,1627500.0,2.0,2.0,0.0,구릉정상,2.0347081997537235,28.203344345092773,45.241648984208226,,,26.076034277229613,0.033430299907922754,0.020922309,19.0,4.751644452187053,-0.5490235338271147,구릉,2,-0.974606507729542,-0.7348714184183383,-0.5862063389378807,0.278988378014649,0.859159
554,892500.0,1632500.0,0.0,0.0,0.0,,1.666675686785279,42.71346664428711,48.122355228890925,,,28.823689422548576,0.033430299907922754,0.020922309,19.0,4.751644452187053,-0.5490235338271147,기타,0,-0.9898182846582129,-0.6658208668145036,-0.5862063389378807,0.278988378014649,0.859159
555,892500.0,1637500.0,0.0,0.0,0.0,,0.6146762480616099,22.48574447631836,40.23823265737451,,,32.11931786678888,0.033430299907922754,0.020922309,19.0,4.751644452187053,-0.5490235338271147,기타,0,-1.0333002603724712,-0.7620802466175882,-0.5862063389378807,0.278988378014649,0.859159
556,892500.0,1642500.0,0.0,0.0,0.0,,2.485149129415102,-4.75,7.4626839372997535,,,30.668579739258544,0.045706267654895785,0.02389438,6.5,0.75,0.2072586866507756,기타,0,-0.9559885685526859,-0.8916892975030721,-0.16513467659556272,-0.520505339940375,-0.49225852
557,892500.0,1647500.0,0.0,0.0,0.0,,1.2112187468390345,0.4166250228881836,8.319581107602879,,,27.44874239903473,0.045706267654895785,0.02389438,6.5,0.75,0.2072586866507756,기타,0,-1.0086435490762817,-0.8671024401076377,-0.16513467659556272,-0.520505339940375,-0.49225852
558,892500.0,1652500.0,16.0,6.0,14.0,산록하사면,0.35608609107231054,3.3899261951446533,1.1206019202065785,,,24.825493657808178,0.045706267654895785,0.02389438,6.5,0.75,0.2072586866507756,산록,16,-1.0439884893888256,-0.8529531392406122,-0.16513467659556272,-0.520505339940375,-0.49225852
559,892500.0,1657500.0,0.0,0.0,0.0,,0.3939295824733688,4.201882839202881,5.458728212268725,,,23.00384340537861,0.045706267654895785,0.02389438,6.5,0.75,0.2072586866507756,기타,0,-1.0424243157652733,-0.8490892121837237,-0.16513467659556272,-0.520505339940375,-0.49225852
560,892500.0,1662500.0,11.0,6.0,5.0,구릉정상,0.296021263387416,4.167766571044922,3.453132479358295,,,22.182165978201684,0.045706267654895785,0.02389438,6.5,0.75,0.2072586866507756,구릉,11,-1.0464711308071941,-0.8492515641671458,-0.16513467659556272,-0.520505339940375,-0.49225852
561,892500.0,1667500.0,0.0,0.0,0.0,,2.1802291608390427,-4.0,1.118033988749895,,,19.59189500229989,0.0554732516407967,0.027805906,6.5,3.7520827549509086,-0.04180077199854193,기타,0,-0.9685917337069396,-0.8881202087914111,0.1698776228647523,0.07928465440872084,-0.49225852
563,892500.0,1677500.0,4.0,2.0,4.0,구릉정상 (양 매 3 리),0.3769714492365152,3.2497570514678955,9.736894190853782,,,10.948750198158367,0.0554732516407967,0.027805906,6.5,3.7520827549509086,-0.04180077199854193,구릉,4,-1.043125241174947,-0.8536201740518388,0.1698776228647523,0.07928465440872084,-0.49225852
564,892500.0,1682500.0,15.0,1.0,11.0,구릉정상,1.0896929953743875,2.5526909828186035,6.498379951014442,,,7.930417483458077,0.0554732516407967,0.027805906,6.5,3.7520827549509086,-0.04180077199854193,구릉,15,-1.0136665363321054,-0.856937361567703,0.1698776228647523,0.07928465440872084,-0.49225852
565,892500.0,1687500.0,0.0,0.0,0.0,,3.0954983283538735,-2.0,5.340002340823457,,,7.477159355142984,0.0554732516407967,0.027805906,6.5,3.7520827549509086,-0.04180077199854193,기타,0,-0.930761189080249,-0.8786026388936482,0.1698776228647523,0.07928465440872084,-0.49225852
566,892500.0,1692500.0,1.0,1.0,1.0,산록하사면,1.2512166884661104,7.152389049530029,7.6434138908310025,,,6.420539717150708,0.04753097668290141,0.02559885,8.25,1.732375827274647,0.10275550636091092,산록,1,-1.0069903262109168,-0.8350483876384377,-0.10254626975465868,-0.324235203509914,-0.30306005
568,892500.0,1702500.0,0.0,0.0,0.0,,5.440386724810696,-1.5,0.7071067811865476,0.09967492520809179,0.05328955501317978,0.8865257172142377,0.09967492520809179,0.053289555,1.75,0.2795084971874737,1.1772374033666873,기타,0,-0.8338406237697916,-0.8762232464192076,1.6860165172409407,-0.6145054454830475,-1.0057971
605,897500.0,1617500.0,0.0,0.0,0.0,,0.5940948444851009,-3.0,11.940695513263188,,,16.317697465727456,0.01873996779322624,0.011232764,11.0,0.25,-0.17630639979809243,기타,0,-1.0341509453229925,-0.8833614238425297,-1.0900918729660427,-0.6204009862812274,-0.0057482054
606,897500.0,1622500.0,0.0,0.0,0.0,,1.225292539516837,17.9782772064209,11.951553321093098,,,21.303661527381923,0.01873996779322624,0.011232764,11.0,0.25,-0.17630639979809243,기타,0,-1.0080618412455569,-0.7835303140191519,-1.0900918729660427,-0.6204009862812274,-0.0057482054
607,897500.0,1627500.0,0.0,0.0,0.0,,0.370186482019664,-3.0750350952148438,2.1437603085213643,,,26.29495651952095,0.01873996779322624,0.011232764,11.0,0.25,-0.17630639979809243,기타,0,-1.0434056821798425,-0.883718499724276,-1.0900918729660427,-0.6204009862812274,-0.0057482054
608,897500.0,1632500.0,0.0,0.0,0.0,,0.26049681573733957,4.381906032562256,2.1110442566458634,,,31.28903134093067,0.01873996779322624,0.011232764,11.0,0.25,-0.17630639979809243,기타,0,-1.0479394520943774,-0.8482325205207155,-1.0900918729660427,-0.6204009862812274,-0.0057482054
610,897500.0,1642500.0,0.0,0.0,0.0,,0.7651577643603462,6.440587997436523,7.882532605142272,,,34.45361563952537,0.045706267654895785,0.02389438,6.5,0.75,0.2072586866507756,기타,0,-1.0270804532164095,-0.8384356957717382,-0.16513467659556272,-0.520505339940375,-0.49225852
611,897500.0,1647500.0,0.0,0.0,0.0,,0.3195692548247747,6.373892784118652,16.369684255689684,,,31.621563950909415,0.045706267654895785,0.02389438,6.5,0.75,0.2072586866507756,기타,0,-1.045497828774789,-0.8387530839490377,-0.16513467659556272,-0.520505339940375,-0.49225852
615,897500.0,1667500.0,17.0,6.0,6.0,구릉정상,1.7149464903335543,10.88913345336914,3.7306423891304865,,,21.941078917062843,0.0554732516407967,0.027805906,6.5,3.7520827549509086,-0.04180077199854193,구릉,17,-0.9878231220846089,-0.8172660246116312,0.1698776228647523,0.07928465440872084,-0.49225852
616,897500.0,1672500.0,4.0,2.0,2.0,산록하사면,1.0001653702474549,6.08193302154541,14.255053030061504,,,18.01186649420443,0.0554732516407967,0.027805906,6.5,3.7520827549509086,-0.04180077199854193,산록,4,-1.0173669546766697,-0.8401424576728502,0.1698776228647523,0.07928465440872084,-0.49225852
619,897500.0,1687500.0,0.0,0.0,0.0,,0.44596901116672566,9.36376667022705,11.535512562116196,,,12.388563527941336,0.0554732516407967,0.027805906,6.5,3.7520827549509086,-0.04180077199854193,기타,0,-1.040273385744461,-0.8245249171007715,0.1698776228647523,0.07928465440872084,-0.49225852
620,897500.0,1692500.0,10.0,7.0,7.0,산록하사면,0.8127025553034679,27.068655014038086,68.56693314607202,,,8.024110575756712,0.04753097668290141,0.02559885,8.25,1.732375827274647,0.10275550636091092,산록,10,-1.0251152987029846,-0.7402711609286176,-0.10254626975465868,-0.324235203509914,-0.30306005
621,897500.0,1697500.0,8.0,2.0,7.0,지 3.5구릉정상,0.8712712066702596,4.2225446701049805,1.2876194092839368,,,5.020680993781082,0.04753097668290141,0.02559885,8.25,1.732375827274647,0.10275550636091092,구릉,8,-1.022694498289405,-0.8489908869738104,-0.10254626975465868,-0.324235203509914,-0.30306005
622,897500.0,1702500.0,5.0,3.0,5.0,평지,0.4583528516612583,48.75,21.1881690528048,,,4.8395109915236345,0.09967492520809179,0.053289555,1.75,0.2795084971874737,1.1772374033666873,평지,5,-1.0397615281979533,-0.6370943027379165,1.6860165172409407,-0.6145054454830475,-1.0057971
623,897500.0,1707500.0,21.0,4.0,23.0,산록하사면,2.2739143700690407,-1.5,3.3000946956110213,,,4.719607455814733,0.13606868088245397,0.07125106,5.75,0.5590169943749475,1.7492637968495546,산록,21,-0.964719471191794,-0.8762232464192076,2.934340031650832,-0.5586620815144415,-0.5733436
657,902500.0,1607500.0,0.0,0.0,0.0,,3.052773095107408,-3.0,1.8582585934148133,,,7.221490442814566,0.01873996779322624,0.011232764,11.0,0.25,-0.17630639979809243,기타,0,-0.9325271382680762,-0.8833614238425297,-1.0900918729660427,-0.6204009862812274,-0.0057482054
658,902500.0,1612500.0,0.0,0.0,0.0,,3.03042794086434,-2.5,0.7905694150420949,,,11.820688140117166,0.01873996779322624,0.011232764,11.0,0.25,-0.17630639979809243,기타,0,-0.9334507237932808,-0.880982031368089,-1.0900918729660427,-0.6204009862812274,-0.0057482054
659,902500.0,1617500.0,0.0,0.0,0.0,,0.6967869209665616,1.8475210666656494,3.9676106859063647,,,16.652549714567773,0.01873996779322624,0.011232764,11.0,0.25,-0.17630639979809243,기타,0,-1.0299064046785307,-0.8602931135510956,-1.0900918729660427,-0.6204009862812274,-0.0057482054
660,902500.0,1622500.0,0.0,0.0,0.0,,0.09881412162530007,-2.448655605316162,5.6979858011824875,,,21.5612187940848,0.01873996779322624,0.011232764,11.0,0.25,-0.17630639979809243,기타,0,-1.0546222341568139,-0.8807376944354581,-1.0900918729660427,-0.6204009862812274,-0.0057482054
661,902500.0,1627500.0,0.0,0.0,0.0,,2.0481965633124433,12.31671142578125,5.207423070264325,,,26.504054402612443,0.01873996779322624,0.011232764,11.0,0.25,-0.17630639979809243,기타,0,-0.9740489972641401,-0.8104724880431619,-1.0900918729660427,-0.6204009862812274,-0.0057482054
662,902500.0,1632500.0,0.0,0.0,0.0,,1.3917523075850093,3.3727333545684814,7.860054764048904,,,31.46495898085495,0.01873996779322624,0.011232764,11.0,0.25,-0.17630639979809243,기타,0,-1.0011816098251647,-0.8530349562715747,-1.0900918729660427,-0.6204009862812274,-0.0057482054
663,902500.0,1637500.0,0.0,0.0,0.0,,0.11268956479272416,0.6923333406448364,1.4931746208353243,,,36.436552904427295,0.01873996779322624,0.011232764,11.0,0.25,-0.17630639979809243,기타,0,-1.0540487246466164,-0.865790403514816,-1.0900918729660427,-0.6204009862812274,-0.0057482054
664,902500.0,1642500.0,0.0,0.0,0.0,,0.3060495513268436,4.370922088623047,2.011179376469379,,,38.51676879034681,0.045706267654895785,0.02389438,6.5,0.75,0.2072586866507756,기타,0,-1.046056634604452,-0.8482847907478127,-0.16513467659556272,-0.520505339940375,-0.49225852
665,902500.0,1647500.0,1.0,1.0,0.0,산록하사면,1.368213639824949,12.190555572509766,7.923912846461429,,,36.005737794334124,0.045706267654895785,0.02389438,6.5,0.75,0.2072586866507756,산록,1,-1.0021545264848264,-0.8110728366189235,-0.16513467659556272,-0.520505339940375,-0.49225852
666,902500.0,1652500.0,0.0,0.0,0.0,,2.040633559703425,53.821876525878906,19.424899773106436,,,34.048272058647086,0.045706267654895785,0.02389438,6.5,0.75,0.2072586866507756,기타,0,-0.9743615966127226,-0.612958333063979,-0.16513467659556272,-0.520505339940375,-0.49225852
667,902500.0,1657500.0,28.0,3.0,11.0,구릉정상,1.9077190472099115,24.338821411132812,31.492320878988124,,,32.743801035386156,0.045706267654895785,0.02389438,6.5,0.75,0.2072586866507756,구릉,28,-0.9798553120954298,-0.7532618519910739,-0.16513467659556272,-0.520505339940375,-0.49225852
668,902500.0,1662500.0,6.0,7.0,3.0,구릉사면,1.9102150130530637,49.92113494873047,17.840506099882123,,,28.913027301687915,0.0554732516407967,0.027805906,6.5,3.7520827549509086,-0.04180077199854193,구릉,6,-0.9797521470915517,-0.6315211233707889,0.1698776228647523,0.07928465440872084,-0.49225852
669,902500.0,1667500.0,7.0,5.0,9.0,구릉정상,1.664158680599483,6.825333595275879,4.854928353945116,,,25.079464474115383,0.0554732516407967,0.027805906,6.5,3.7520827549509086,-0.04180077199854193,구릉,7,-0.9899223193162314,-0.8366047742115919,0.1698776228647523,0.07928465440872084,-0.49225852
670,902500.0,1672500.0,24.0,3.0,24.0,구릉정상,0.5413670294658137,17.671077728271484,6.058213015070815,,,21.725467287694418,0.0554732516407967,0.027805906,6.5,3.7520827549509086,-0.04180077199854193,구릉,24,-1.0363303282083258,-0.7849922102720736,0.1698776228647523,0.07928465440872084,-0.49225852
671,902500.0,1677500.0,0.0,0.0,0.0,,2.036100543763042,-2.0,4.189257210212809,,,19.10529558601345,0.0554732516407967,0.027805906,6.5,3.7520827549509086,-0.04180077199854193,기타,0,-0.9745489583942757,-0.8786026388936482,0.1698776228647523,0.07928465440872084,-0.49225852
672,902500.0,1682500.0,1.0,1.0,1.0,구릉사면,1.8534936680546654,8.025510787963867,13.471765207669735,,,17.550746707454064,0.0554732516407967,0.027805906,6.5,3.7520827549509086,-0.04180077199854193,구릉,1,-0.9820965933478091,-0.8308933890510376,0.1698776228647523,0.07928465440872084,-0.49225852
673,902500.0,1687500.0,13.0,4.0,10.0,산록하사면,4.343806239441234,209.74122619628906,29.45023934856324,,,15.057505892248154,0.04753097668290141,0.02559885,8.25,1.732375827274647,0.10275550636091092,산록,13,-0.8791652544477451,0.12902832138694706,-0.10254626975465868,-0.324235203509914,-0.30306005
674,902500.0,1692500.0,25.0,8.0,15.0,구릉사면,4.844888107354876,66.04759979248047,34.031311300673465,,,11.728144388795343,0.04753097668290141,0.02559885,8.25,1.732375827274647,0.10275550636091092,구릉,25,-0.858454188633955,-0.5547787451936862,-0.10254626975465868,-0.324235203509914,-0.30306005
675,902500.0,1697500.0,57.0,16.0,46.0,산록하사면,4.681457381141705,4.535810947418213,7.88506665817258,,,9.918178154972594,0.04753097668290141,0.02559885,8.25,1.732375827274647,0.10275550636091092,산록,57,-0.8652092215803474,-0.8475001201283401,-0.10254626975465868,-0.324235203509914,-0.30306005
676,902500.0,1702500.0,22.0,12.0,19.0,산록하사면,3.9440127013789485,130.12158203125,24.76658173356369,,,9.800806366155488,0.09967492520809179,0.053289555,1.75,0.2795084971874737,1.1772374033666873,산록,22,-0.8956898002534277,-0.2498644429009347,1.6860165172409407,-0.6145054454830475,-1.0057971
677,902500.0,1707500.0,20.0,1.0,14.0,구릉정상,0.24843456797812444,30.279441833496094,25.556328718315164,,,9.37550032379762,0.09289299696683884,0.04667699,5.0,0.45069390943299864,1.039933453823192,구릉,20,-1.0484380173452887,-0.7249917169381139,1.453393081167248,-0.5803040906822636,-0.6544286
678,902500.0,1712500.0,138.0,19.0,119.0,산록하사면,0.44963353226259395,137.76779174804688,63.041028264205856,0.040772684663534176,0.02107778564095497,4.701354034254198,0.09289299696683884,0.04667699,5.0,0.45069390943299864,1.039933453823192,산록,138,-1.0401219211985404,-0.21347777518465091,1.453393081167248,-0.5803040906822636,-0.6544286
679,902500.0,1717500.0,1.0,1.0,1.0,구릉사면,1.4732048709338048,1.0,10.780095757102615,0.09289299696683884,0.046676989644765854,2.511066145936261,0.09289299696683884,0.04667699,5.0,0.45069390943299864,1.039933453823192,구릉,1,-0.9978149555751459,-0.864326284047004,1.453393081167248,-0.5803040906822636,-0.6544286
680,902500.0,1722500.0,0.0,0.0,0.0,,3.5153378792579555,-1.5,2.3048861143232218,0.1305331975221634,0.06566808372735977,2.7260755393352247,0.1305331975221634,0.065668084,6.25,0.25,1.6989122299030321,기타,0,-0.913408087467909,-0.8762232464192076,2.7444702610202834,-0.6204009862812274,-0.5192869
708,907500.0,1592500.0,0.0,0.0,0.0,,2.763521346089122,-4.0,6.320848439885266,0.03916055783629418,0.023858269676566124,1.3594520043337,0.03916055783629418,0.02385827,6.0,9.46787330924955,-1.101549688340299,기타,0,-0.9444826936259566,-0.8881202087914111,-0.3896557059220392,1.2212498379499246,-0.5463152
709,907500.0,1597500.0,6.0,2.0,1.0,산록하사면,0.6550889855733562,20.198144912719727,15.435792561259099,,,5.376794449725629,0.03916055783629418,0.02385827,6.0,9.46787330924955,-1.101549688340299,산록,6,-1.0316298928738303,-0.7729664409899091,-0.3896557059220392,1.2212498379499246,-0.5463152
710,907500.0,1602500.0,1.0,1.0,0.0,산록하사면,1.9805709575467565,-2.75,17.8425418307023,,,8.695478235184108,0.01873996779322624,0.011232764,11.0,0.25,-0.17630639979809243,산록,1,-0.9768441460440037,-0.8821717276053093,-1.0900918729660427,-0.6204009862812274,-0.0057482054
711,907500.0,1607500.0,7.0,2.0,5.0,산록하사면/고갯마루,1.1699871822424055,36.28754425048828,19.847576359708263,,,10.63908293175709,0.01873996779322624,0.011232764,11.0,0.25,-0.17630639979809243,산록,7,-1.0103477609080167,-0.6964004495847935,-1.0900918729660427,-0.6204009862812274,-0.0057482054
712,907500.0,1612500.0,0.0,0.0,0.0,,0.679789174664622,46.383644104003906,25.730151477238728,,,14.169291779021616,0.01873996779322624,0.011232764,11.0,0.25,-0.17630639979809243,기타,0,-1.0306089674030838,-0.6483552815594795,-1.0900918729660427,-0.6204009862812274,-0.0057482054
713,907500.0,1617500.0,0.0,0.0,0.0,,1.012957357799044,0.18974065780639648,1.0977684765513642,,,18.394226632541365,0.01873996779322624,0.011232764,11.0,0.25,-0.17630639979809243,기타,0,-1.0168382273108736,-0.8681821340093255,-1.0900918729660427,-0.6204009862812274,-0.0057482054
714,907500.0,1622500.0,28.0,2.0,16.0,산록하사면,1.9702951876462194,10.895289421081543,14.9386571260552,,,22.933083466894256,0.01873996779322624,0.011232764,11.0,0.25,-0.17630639979809243,산록,28,-0.97726887134405,-0.8172367296851357,-1.0900918729660427,-0.6204009862812274,-0.0057482054
715,907500.0,1627500.0,21.0,6.0,12.0,산록하평지(추정),1.173327755577362,7.83504056930542,7.432015125895175,,,27.6315953428278,0.01873996779322624,0.011232764,11.0,0.25,-0.17630639979809243,산록,21,-1.0102096859972558,-0.8317997958607996,-1.0900918729660427,-0.6204009862812274,-0.0057482054
716,907500.0,1632500.0,0.0,0.0,0.0,,3.119693896523496,-2.991511106491089,0.8087742535003846,,,32.42042265424724,0.01873996779322624,0.011232764,11.0,0.25,-0.17630639979809243,기타,0,-0.9297611209539572,-0.8833210270238668,-1.0900918729660427,-0.6204009862812274,-0.0057482054
717,907500.0,1637500.0,0.0,0.0,0.0,,0.22476529627709066,0.09347569942474365,1.7212969595061594,,,37.26476283260464,0.01873996779322624,0.011232764,11.0,0.25,-0.17630639979809243,기타,0,-1.0494163322182768,-0.8686402382443768,-1.0900918729660427,-0.6204009862812274,-0.0057482054
719,907500.0,1647500.0,0.0,0.0,0.0,,0.47386353479266174,5.510817527770996,23.028515576236135,,,40.53273987195077,0.045706267654895785,0.02389438,6.5,0.75,0.2072586866507756,기타,0,-1.0391204298072074,-0.842860273488697,-0.16513467659556272,-0.520505339940375,-0.49225852
720,907500.0,1652500.0,28.0,8.0,27.0,산록하평지,4.980354558800353,27.82936668395996,25.660711315269324,,,38.80431261590051,0.045706267654895785,0.02389438,6.5,0.75,0.2072586866507756,산록,28,-0.8528549946277344,-0.7366510976833549,-0.16513467659556272,-0.520505339940375,-0.49225852
721,907500.0,1657500.0,0.0,0.0,0.0,,5.672934116842503,124.96639251708984,20.798224849128136,,,35.923743561209236,0.0554732516407967,0.027805906,6.5,3.7520827549509086,-0.04180077199854193,기타,0,-0.8242288125077922,-0.27439688116955135,0.1698776228647523,0.07928465440872084,-0.49225852
722,907500.0,1662500.0,16.0,7.0,13.0,산록하사면,5.552958787540423,88.78484344482422,85.78236480062174,,,32.14858849174855,0.0554732516407967,0.027805906,6.5,3.7520827549509086,-0.04180077199854193,산록,16,-0.8291877166316884,-0.44657709232186327,0.1698776228647523,0.07928465440872084,-0.49225852
723,907500.0,1667500.0,68.0,15.0,44.0,구릉정상,4.92964998027305,24.113245010375977,29.132285597744975,,,28.749750130602035,0.0554732516407967,0.027805906,6.5,3.7520827549509086,-0.04180077199854193,구릉,68,-0.8549507516889747,-0.7543353215718184,0.1698776228647523,0.07928465440872084,-0.49225852
724,907500.0,1672500.0,47.0,10.0,33.0,산록하사면,4.008307982423112,17.795122146606445,5.406654848819456,,,25.8759448741938,0.0554732516407967,0.027805906,6.5,3.7520827549509086,-0.04180077199854193,산록,47,-0.8930323027814752,-0.7844019095611083,0.1698776228647523,0.07928465440872084,-0.49225852
725,907500.0,1677500.0,9.0,5.0,2.0,평지,2.9635391443803454,48.62248992919922,6.263015722267875,,,23.71878820033985,0.0554732516407967,0.027805906,6.5,3.7520827549509086,-0.04180077199854193,평지,9,-0.9362154182571881,-0.6377010957436741,0.1698776228647523,0.07928465440872084,-0.49225852
726,907500.0,1682500.0,5.0,5.0,1.0,산록하사면,4.505036479215401,52.44883346557617,12.385036598229199,,,22.114941032211796,0.04753097668290141,0.02559885,8.25,1.732375827274647,0.10275550636091092,산록,5,-0.8725011735440804,-0.6194923497135137,-0.10254626975465868,-0.324235203509914,-0.30306005
727,907500.0,1687500.0,18.0,4.0,11.0,산록하사면,8.347309952563283,67.08131408691406,5.861638675019105,,,18.70538703068046,0.04753097668290141,0.02559885,8.25,1.732375827274647,0.10275550636091092,산록,18,-0.7136896421820982,-0.549859521167892,-0.10254626975465868,-0.324235203509914,-0.30306005
728,907500.0,1692500.0,23.0,4.0,26.0,37.3 평지,9.764354930128187,31.30801010131836,28.998873069634634,,,16.146590695155826,0.04753097668290141,0.02559885,8.25,1.732375827274647,0.10275550636091092,평지,23,-0.6551193492404556,-0.7200969817463043,-0.10254626975465868,-0.324235203509914,-0.30306005
729,907500.0,1697500.0,65.0,14.0,25.0,산록하평지,8.799153246016804,31.439077377319336,9.949039026244971,,,14.883994026679686,0.04753097668290141,0.02559885,8.25,1.732375827274647,0.10275550636091092,산록,65,-0.6950137395253124,-0.7194732607659801,-0.10254626975465868,-0.324235203509914,-0.30306005
730,907500.0,1702500.0,82.0,14.0,77.0,산록하사면,4.131824743989063,11.696000099182129,7.861657997476432,,,14.788196110975463,0.09967492520809179,0.053289555,1.75,0.2795084971874737,1.1772374033666873,산록,82,-0.8879270217052508,-0.813426319761782,1.6860165172409407,-0.6145054454830475,-1.0057971
731,907500.0,1707500.0,91.0,26.0,58.0,구릉정상,2.440052618548328,25.448143005371094,21.657856138903476,,,11.673197958579767,0.09289299696683884,0.04667699,5.0,0.45069390943299864,1.039933453823192,구릉,91,-0.957852529043659,-0.7479828290849436,1.453393081167248,-0.5803040906822636,-0.6544286
732,907500.0,1712500.0,117.0,28.0,77.0,산록하사면,5.2236374298828,46.83494567871094,17.16708235811682,,,8.394419218389071,0.09289299696683884,0.04667699,5.0,0.45069390943299864,1.039933453823192,산록,117,-0.8427994570459499,-0.6462076344183572,1.453393081167248,-0.5803040906822636,-0.6544286
733,907500.0,1717500.0,32.0,10.0,12.0,산록하사면,3.0794879505294426,13.786922454833984,22.580116138683433,,,7.393848622194585,0.09289299696683884,0.04667699,5.0,0.45069390943299864,1.039933453823192,산록,32,-0.931422941201127,-0.8034760699264263,1.453393081167248,-0.5803040906822636,-0.6544286
734,907500.0,1722500.0,86.0,9.0,68.0,"능선의 말단부로, 비교적 평탄한 지형에 해당",1.0525230474041354,12.216811180114746,6.110148049773133,,,7.436453980499658,0.1305331975221634,0.065668084,6.25,0.25,1.6989122299030321,기타,86,-1.0152028705880471,-0.8109478918286291,2.7444702610202834,-0.6204009862812274,-0.5192869
735,907500.0,1727500.0,0.0,0.0,0.0,,1.9375709667958083,4.153695583343506,1.625,,,7.521415893681362,0.16263597607612612,0.080498636,6.0,0.125,2.254595794753235,기타,0,-0.9786214517009483,-0.8493185249716352,3.845611173911449,-0.6453748978664405,-0.5463152
736,907500.0,1732500.0,0.0,0.0,0.0,,0.9408417220857087,-2.0,6.896236738394082,,,7.368164270275422,0.1914588510990143,0.096109256,5.75,0.5590169943749475,2.678378013732443,기타,0,-1.0198189611452093,-0.8786026388936482,4.8342498009854715,-0.5586620815144415,-0.5733436
737,907500.0,1737500.0,0.0,0.0,0.0,,1.0555070618838613,7.000466346740723,6.255642982589387,,,5.624421014922227,0.03694566190242767,0.020523673,9.0,2.5,-0.18037748230354797,기타,0,-1.015079533216978,-0.8357713551098648,-0.4656277133442952,-0.17087057774739148,-0.22197501
761,912500.0,1587500.0,0.0,0.0,0.0,,2.0458224414325916,39.520973205566406,32.38076942446283,,,6.398260969255116,0.06092661470174791,0.039660256,12.0,10.829105203910379,-0.9236627613681238,기타,0,-0.9741471261282084,-0.6810132565400904,0.35693062730076663,1.4932121178237778,0.102365196
762,912500.0,1592500.0,0.0,0.0,0.0,,1.97557369156106,150.2801513671875,49.805299004129516,,,6.347075577683328,0.03916055783629418,0.02385827,6.0,9.46787330924955,-1.101549688340299,기타,0,-0.9770506965327486,-0.15393414655409293,-0.3896557059220392,1.2212498379499246,-0.5463152
763,912500.0,1597500.0,0.0,0.0,0.0,,3.4542340195015377,35.408634185791016,26.945834151561613,,,8.206532592473971,0.03916055783629418,0.02385827,6.0,9.46787330924955,-1.101549688340299,기타,0,-0.9159336748857118,-0.7005829935720952,-0.3896557059220392,1.2212498379499246,-0.5463152
764,912500.0,1602500.0,28.0,7.0,30.0,산록하사면,2.7873607728758034,51.31037902832031,36.50782876770325,,,12.017029000291668,0.03916055783629418,0.02385827,6.0,9.46787330924955,-1.101549688340299,산록,28,-0.9434973457841004,-0.6249100095545141,-0.3896557059220392,1.2212498379499246,-0.5463152
765,912500.0,1607500.0,245.0,8.0,89.0,산록하평지,4.8472374962690115,5.843733310699463,9.340886779953943,,,14.974319585274918,0.01873996779322624,0.011232764,11.0,0.25,-0.17630639979809243,산록,245,-0.8583570820501039,-0.8412759988716518,-1.0900918729660427,-0.6204009862812274,-0.0057482054
766,912500.0,1612500.0,90.0,6.0,79.0,평지,1.2630209662432195,109.26298522949219,38.694548391274544,,,17.658114025348024,0.01873996779322624,0.011232764,11.0,0.25,-0.17630639979809243,평지,90,-1.0065024235555207,-0.3491260194159258,-1.0900918729660427,-0.6204009862812274,-0.0057482054
767,912500.0,1617500.0,0.0,0.0,0.0,,0.9008784844871741,53.11711120605469,28.264797216420664,,,21.19876729487913,0.01873996779322624,0.011232764,11.0,0.25,-0.17630639979809243,기타,0,-1.0214707495994226,-0.616312159660452,-1.0900918729660427,-0.6204009862812274,-0.0057482054
768,912500.0,1622500.0,8.0,1.0,0.0,,3.181908416101287,18.229211807250977,13.288267442774316,,,25.238194838630626,0.01873996779322624,0.011232764,11.0,0.25,-0.17630639979809243,기타,8,-0.9271896269685254,-0.7823361702175681,-1.0900918729660427,-0.6204009862812274,-0.0057482054
769,912500.0,1627500.0,0.0,0.0,0.0,,0.7755621394786035,11.529622077941895,5.882587401775567,,,29.57271077535717,0.01873996779322624,0.011232764,11.0,0.25,-0.17630639979809243,기타,0,-1.0266504123156623,-0.8142180769850846,-1.0900918729660427,-0.6204009862812274,-0.0057482054
770,912500.0,1632500.0,3.0,1.0,1.0,평지,0.11859882175956156,0.4779447615146637,4.01477568532698,,,34.08993937356256,0.01873996779322624,0.011232764,11.0,0.25,-0.17630639979809243,평지,3,-1.053804479109534,-0.8668106326583928,-1.0900918729660427,-0.6204009862812274,-0.0057482054
771,912500.0,1637500.0,28.0,5.0,15.0,산록하사면,2.1585193761496346,10.624799728393555,7.639719699509241,,,38.72599527944266,0.01873996779322624,0.011232764,11.0,0.25,-0.17630639979809243,산록,28,-0.9694890576938915,-0.8185239319635268,-1.0900918729660427,-0.6204009862812274,-0.0057482054
772,912500.0,1642500.0,0.0,0.0,0.0,,1.1250298836575943,80.2679672241211,61.247066811418655,,,43.44285274097063,0.01873996779322624,0.011232764,11.0,0.25,-0.17630639979809243,기타,0,-1.0122059673797,-0.4871070746924313,-1.0900918729660427,-0.6204009862812274,-0.0057482054
774,912500.0,1652500.0,11.0,2.0,6.0,구릉정상,0.20279275090356613,0.20197400450706482,4.777550494552493,,,42.9542495587444,0.0554732516407967,0.027805906,6.5,3.7520827549509086,-0.04180077199854193,구릉,11,-1.0503245168133857,-0.8681239181431719,0.1698776228647523,0.07928465440872084,-0.49225852
775,912500.0,1657500.0,10.0,4.0,9.0,구릉사면,1.7164966313189076,30.367189407348633,2.1952643831842535,,,39.21841335030215,0.0554732516407967,0.027805906,6.5,3.7520827549509086,-0.04180077199854193,구릉,10,-0.9877590505744942,-0.7245741451043637,0.1698776228647523,0.07928465440872084,-0.49225852
776,912500.0,1662500.0,169.0,23.0,129.0,구릉사면,6.251142092777663,40.067657470703125,25.71253590366254,,,35.79246200354794,0.0554732516407967,0.027805906,6.5,3.7520827549509086,-0.04180077199854193,구릉,169,-0.8003299165179751,-0.6784117036873675,0.1698776228647523,0.07928465440872084,-0.49225852
777,912500.0,1667500.0,42.0,11.0,33.0,구릉사면,9.752907390923154,15.053661346435547,24.54284655835929,,,32.77372006403435,0.0554732516407967,0.027805906,6.5,3.7520827549509086,-0.04180077199854193,구릉,42,-0.6555925069279779,-0.79744793195491,0.1698776228647523,0.07928465440872084,-0.49225852
778,912500.0,1672500.0,0.0,0.0,0.0,,8.61910575956439,17.910179138183594,12.904106593780051,,,30.284205741540465,0.0554732516407967,0.027805906,6.5,3.7520827549509086,-0.04180077199854193,기타,0,-0.7024555880141627,-0.7838543780813274,0.1698776228647523,0.07928465440872084,-0.49225852
779,912500.0,1677500.0,10.0,6.0,2.0,산록하사면,7.963178832523732,172.84027099609375,33.132889383925274,,,28.463125407379582,0.0554732516407967,0.027805906,6.5,3.7520827549509086,-0.04180077199854193,산록,10,-0.7295668179845066,-0.04657538881908973,0.1698776228647523,0.07928465440872084,-0.49225852
780,912500.0,1682500.0,0.0,0.0,0.0,,8.774466240220168,165.16299438476562,69.15385433026483,,,25.733900542488033,0.04753097668290141,0.02559885,8.25,1.732375827274647,0.10275550636091092,기타,0,-0.6960341200949156,-0.08310989720547732,-0.10254626975465868,-0.324235203509914,-0.30306005
781,912500.0,1687500.0,2.0,2.0,0.0,산록하평지,11.56820608954087,163.2188720703125,37.647185905919,,,22.87038531026554,0.04753097668290141,0.02559885,8.25,1.732375827274647,0.10275550636091092,산록,2,-0.5805613129729841,-0.09236155721428134,-0.10254626975465868,-0.324235203509914,-0.30306005
782,912500.0,1692500.0,7.0,4.0,5.0,170.2 지석묘는 불갑저수지 남쪽 로터리 ,14.738124495004394,90.89471435546875,1.760796767260357,,,20.829676218063344,0.04753097668290141,0.02559885,8.25,1.732375827274647,0.10275550636091092,기타,7,-0.44954003097517997,-0.4365366703882054,-0.10254626975465868,-0.324235203509914,-0.30306005
783,912500.0,1697500.0,22.0,9.0,6.0,구릉정상,11.12703652943451,88.04904174804688,69.59117689190396,,,19.866965003711503,0.04753097668290141,0.02559885,8.25,1.732375827274647,0.10275550636091092,구릉,22,-0.5987960414265356,-0.4500786143618487,-0.10254626975465868,-0.324235203509914,-0.30306005
784,912500.0,1702500.0,11.0,2.0,4.0,산록하사면,7.966041664184427,14.19432258605957,11.027580235294966,,,18.719625300870298,0.09289299696683884,0.04667699,5.0,0.45069390943299864,1.039933453823192,산록,11,-0.7294484894263703,-0.8015373403137777,1.453393081167248,-0.5803040906822636,-0.6544286
785,912500.0,1707500.0,7.0,1.0,4.0,,7.287297006687351,21.795711517333984,10.040930387730151,,,15.317542062578198,0.09289299696683884,0.04667699,5.0,0.45069390943299864,1.039933453823192,기타,7,-0.7575028377721044,-0.7653639650770352,1.453393081167248,-0.5803040906822636,-0.6544286
786,912500.0,1712500.0,9.0,7.0,5.0,산록하사면,9.27215856110164,61.314453125,11.052561463423388,,,12.993452900315656,0.09289299696683884,0.04667699,5.0,0.45069390943299864,1.039933453823192,산록,9,-0.675463153406952,-0.5773027723157405,1.453393081167248,-0.5803040906822636,-0.6544286
787,912500.0,1717500.0,67.0,10.0,34.0,산록하사면,7.652466649180387,49.810211181640625,46.47711484289957,,,12.370632227440534,0.09289299696683884,0.04667699,5.0,0.45069390943299864,1.039933453823192,산록,67,-0.7424093910058867,-0.6320489857240893,1.453393081167248,-0.5803040906822636,-0.6544286
788,912500.0,1722500.0,35.0,11.0,16.0,산록하사면,4.517224895535532,83.21771240234375,17.71946574334208,,,12.376195205393966,0.1305331975221634,0.065668084,6.25,0.25,1.6989122299030321,산록,35,-0.87199739340607,-0.4730698717352698,2.7444702610202834,-0.6204009862812274,-0.5192869
790,912500.0,1732500.0,0.0,0.0,0.0,,0.54514782940462,10.906444549560547,43.653381796586906,,,11.656700509978414,0.03694566190242767,0.020523673,9.0,2.5,-0.18037748230354797,기타,0,-1.0361740575440381,-0.817183644827627,-0.4656277133442952,-0.17087057774739148,-0.22197501
791,912500.0,1737500.0,0.0,0.0,0.0,,4.240931333930202,387.5914306640625,84.84255654477684,,,7.393835501518457,0.03694566190242767,0.020523673,9.0,2.5,-0.18037748230354797,기타,0,-0.8834173519093791,0.9753791975636692,-0.4656277133442952,-0.17087057774739148,-0.22197501
792,912500.0,1742500.0,0.0,0.0,0.0,,0.798121198415087,5.463188648223877,13.499937057499269,,,4.843442997259114,0.03694566190242767,0.020523673,9.0,2.5,-0.18037748230354797,기타,0,-1.0257179855322387,-0.8430869290838179,-0.4656277133442952,-0.17087057774739148,-0.22197501
816,917500.0,1592500.0,0.0,0.0,0.0,,0.21882699358939936,14.303878784179688,49.01926678078845,,,11.345599456421922,0.03916055783629418,0.02385827,6.0,9.46787330924955,-1.101549688340299,기타,0,-1.0496617782933844,-0.801015985927107,-0.3896557059220392,1.2212498379499246,-0.5463152
817,917500.0,1597500.0,0.0,0.0,0.0,,1.6917220553402275,78.26414489746094,24.531594177616935,,,12.481363540417963,0.03916055783629418,0.02385827,6.0,9.46787330924955,-1.101549688340299,기타,0,-0.9887830506560369,-0.4966428342207742,-0.3896557059220392,1.2212498379499246,-0.5463152
818,917500.0,1602500.0,0.0,0.0,0.0,,3.46193854518267,83.0849609375,18.07236605676949,,,15.25930026674186,0.03916055783629418,0.02385827,6.0,9.46787330924955,-1.101549688340299,기타,0,-0.9156152260479792,-0.47370160740811024,-0.3896557059220392,1.2212498379499246,-0.5463152
819,917500.0,1607500.0,0.0,0.0,0.0,,7.230401285026659,303.4785461425781,159.80947430312105,,,18.97124280149041,0.03916055783629418,0.02385827,6.0,9.46787330924955,-1.101549688340299,기타,0,-0.7598544914863847,0.575104068695829,-0.3896557059220392,1.2212498379499246,-0.5463152
820,917500.0,1612500.0,0.0,0.0,0.0,,5.582705805232207,106.23043823242188,94.9248119839834,,,21.745094903111724,0.01873996779322624,0.011232764,11.0,0.25,-0.17630639979809243,기타,0,-0.8279581921155774,-0.36355725842235953,-1.0900918729660427,-0.6204009862812274,-0.0057482054
821,917500.0,1617500.0,0.0,0.0,0.0,,5.675736415692769,57.545677185058594,37.435260707796445,,,24.70683905795276,0.01873996779322624,0.011232764,11.0,0.25,-0.17630639979809243,기타,0,-0.8241129859340642,-0.59523756653444,-1.0900918729660427,-0.6204009862812274,-0.0057482054
822,917500.0,1622500.0,0.0,0.0,0.0,,3.576861076474175,286.91754150390625,56.66041128307827,,,28.249011312359666,0.01873996779322624,0.011232764,11.0,0.25,-0.17630639979809243,기타,0,-0.9108651677012742,0.496293809082962,-1.0900918729660427,-0.6204009862812274,-0.0057482054
823,917500.0,1627500.0,5.0,3.0,5.0,산록하사면,0.38832435484620886,1.1442400217056274,3.24834688270572,,,32.18051248840001,0.01873996779322624,0.011232764,11.0,0.25,-0.17630639979809243,산록,5,-1.042655994949297,-0.863639876802685,-1.0900918729660427,-0.6204009862812274,-0.0057482054
824,917500.0,1632500.0,6.0,1.0,8.0,구릉정상부,3.631763883437358,198.32496643066406,97.88270099962648,,,36.37532306256968,0.01873996779322624,0.011232764,11.0,0.25,-0.17630639979809243,구릉,6,-0.9085958865294951,0.07470079624177035,-1.0900918729660427,-0.6204009862812274,-0.0057482054
825,917500.0,1637500.0,87.0,16.0,63.0,구릉정상부,6.167266966524652,33.45414352416992,6.565860099572927,,,40.75221309078267,0.01873996779322624,0.011232764,11.0,0.25,-0.17630639979809243,구릉,87,-0.8037967018303215,-0.709883994315347,-1.0900918729660427,-0.6204009862812274,-0.0057482054
826,917500.0,1642500.0,78.0,13.0,79.0,산록하평지,2.1052099405273332,0.10058090090751648,12.043000202567315,,,45.25838724133685,0.01873996779322624,0.011232764,11.0,0.25,-0.17630639979809243,산록,78,-0.9716924805283009,-0.8686064261185018,-1.0900918729660427,-0.6204009862812274,-0.0057482054
827,917500.0,1647500.0,0.0,0.0,0.0,,0.512506350430183,1.9118777513504028,3.2356206527212703,,,49.85862710056307,0.045706267654895785,0.02389438,6.5,0.75,0.2072586866507756,기타,0,-1.0375232179559162,-0.8599868539286579,-0.16513467659556272,-0.520505339940375,-0.49225852
828,917500.0,1652500.0,22.0,2.0,22.0,구릉사면,1.1628285300217336,16.911632537841797,4.83589201414644,,,46.28861792512852,0.0554732516407967,0.027805906,6.5,3.7520827549509086,-0.04180077199854193,구릉,22,-1.0106436473225415,-0.7886062466137906,0.1698776228647523,0.07928465440872084,-0.49225852
829,917500.0,1657500.0,3.0,2.0,3.0,구릉정상부,1.8643185550621388,3.556166648864746,4.15287201217447,,,42.84451586818077,0.0554732516407967,0.027805906,6.5,3.7520827549509086,-0.04180077199854193,구릉,3,-0.9816491715558929,-0.8521620366715538,0.1698776228647523,0.07928465440872084,-0.49225852
830,917500.0,1662500.0,54.0,10.0,38.0,구릉사면,6.341189792529083,18.919198989868164,1.5510716330883048,,,39.73246695762874,0.0554732516407967,0.027805906,6.5,3.7520827549509086,-0.04180077199854193,구릉,54,-0.7966080020857141,-0.7790526695980083,0.1698776228647523,0.07928465440872084,-0.49225852
831,917500.0,1667500.0,36.0,7.0,26.0,산록하사면,11.133871577990071,3.5418214797973633,17.51277179458052,,,37.03627034542387,0.0554732516407967,0.027805906,6.5,3.7520827549509086,-0.04180077199854193,산록,36,-0.5985135304247624,-0.8522303022462008,0.1698776228647523,0.07928465440872084,-0.49225852
832,917500.0,1672500.0,10.0,4.0,10.0,산록하사면,13.468883357706265,6.228111267089844,6.73301957958588,,,34.85257109109152,0.0554732516407967,0.027805906,6.5,3.7520827549509086,-0.04180077199854193,산록,10,-0.502001192337103,-0.8394468268380996,0.1698776228647523,0.07928465440872084,-0.49225852
833,917500.0,1677500.0,21.0,4.0,12.0,산록하사면,12.96281852066712,17.83348846435547,11.93071519847366,,,32.78072254075226,0.04753097668290141,0.02559885,8.25,1.732375827274647,0.10275550636091092,산록,21,-0.5229182177118249,-0.7842193325056603,-0.10254626975465868,-0.324235203509914,-0.30306005
834,917500.0,1682500.0,53.0,9.0,42.0,평지(추정),13.482991135632009,52.84638977050781,49.4449350802257,,,29.75561556081687,0.04753097668290141,0.02559885,8.25,1.732375827274647,0.10275550636091092,평지,53,-0.5014180798043686,-0.6176004647532721,-0.10254626975465868,-0.324235203509914,-0.30306005
835,917500.0,1687500.0,9.0,2.0,1.0,구릉정상,15.586365771350426,51.27572250366211,21.254544877973892,,,27.31698271245327,0.04753097668290141,0.02559885,8.25,1.732375827274647,0.10275550636091092,구릉,9,-0.41447992997107874,-0.6250749325024382,-0.10254626975465868,-0.324235203509914,-0.30306005
836,917500.0,1692500.0,0.0,0.0,0.0,,18.18103154773402,107.0719985961914,57.33595591781124,,,25.632760905173964,0.04753097668290141,0.02559885,8.25,1.732375827274647,0.10275550636091092,기타,0,-0.3072353915023052,-0.3595524536296779,-0.10254626975465868,-0.324235203509914,-0.30306005
837,917500.0,1697500.0,53.0,14.0,37.0,산록하사면,14.839029146404824,225.302490234375,154.81588286172445,,,24.85677611298695,0.04753097668290141,0.02559885,8.25,1.732375827274647,0.10275550636091092,산록,53,-0.4453693694328389,0.20308103047696002,-0.10254626975465868,-0.324235203509914,-0.30306005
838,917500.0,1702500.0,29.0,7.0,26.0,산록하사면,12.642929402476472,45.43769073486328,42.36448143760096,,,22.33356029977408,0.09289299696683884,0.04667699,5.0,0.45069390943299864,1.039933453823192,산록,29,-0.5361400982151993,-0.6528568702148896,1.453393081167248,-0.5803040906822636,-0.6544286
839,917500.0,1707500.0,16.0,8.0,10.0,평지,12.226632477675787,35.42646789550781,7.748009918708777,,,19.570146629433157,0.09289299696683884,0.04667699,5.0,0.45069390943299864,1.039933453823192,평지,16,-0.5533467735306018,-0.7004981267827123,1.453393081167248,-0.5803040906822636,-0.6544286
840,917500.0,1712500.0,27.0,9.0,18.0,구릉사면,13.582771176908695,39.47913360595703,6.759107982242515,,,17.8099231478236,0.09289299696683884,0.04667699,5.0,0.45069390943299864,1.039933453823192,구릉,27,-0.49729390143329993,-0.6812123621969787,1.453393081167248,-0.5803040906822636,-0.6544286
841,917500.0,1717500.0,76.0,20.0,67.0,산록하사면,10.240092579109307,49.52045440673828,16.582607575708245,,,17.360762827861333,0.09289299696683884,0.04667699,5.0,0.45069390943299864,1.039933453823192,산록,76,-0.6354558283887215,-0.633427875903331,1.453393081167248,-0.5803040906822636,-0.6544286
842,917500.0,1722500.0,17.0,2.0,16.0,구릉정상,5.245042673917225,144.072509765625,43.96543777646799,,,17.35049185815618,0.1305331975221634,0.065668084,6.25,0.25,1.6989122299030321,구릉,17,-0.841914720546098,-0.18347497797565868,2.7444702610202834,-0.6204009862812274,-0.5192869
843,917500.0,1727500.0,34.0,6.0,10.0,산록하사면,0.24999276872514373,19.86888885498047,72.5527575268094,,,17.35325205343854,0.18469434082508088,0.09045554,6.25,0.25,2.6074107603936825,산록,34,-1.0483736127034744,-0.7745332997618067,4.602223809659519,-0.6204009862812274,-0.5192869
844,917500.0,1732500.0,0.0,0.0,0.0,,0.21257102128108005,-0.2937292158603668,10.45206176494925,,,14.453835423504273,0.03694566190242767,0.020523673,9.0,2.5,-0.18037748230354797,기타,0,-1.0499203545111715,-0.8704828631673684,-0.4656277133442952,-0.17087057774739148,-0.22197501
845,917500.0,1737500.0,0.0,0.0,0.0,,4.729681718443542,297.99908447265625,22.726305539527523,,,11.300597112273785,0.03694566190242767,0.020523673,9.0,2.5,-0.18037748230354797,기타,0,-0.8632159795821018,0.5490284889730321,-0.4656277133442952,-0.17087057774739148,-0.22197501
846,917500.0,1742500.0,0.0,0.0,0.0,,3.3713652899881352,303.93878173828125,58.54962686478965,,,9.823117210850855,0.03694566190242767,0.020523673,9.0,2.5,-0.18037748230354797,기타,0,-0.9193588631049611,0.5772942309216005,-0.4656277133442952,-0.17087057774739148,-0.22197501
851,917500.0,1767500.0,0.0,0.0,0.0,,2.3663960814848637,-1.75,1.5811388300841898,0.03380710780620576,0.01753329113125801,3.161866291039716,0.03380710780620576,0.017533291,1.0,0.3535533905932738,0.06218747950360276,기타,0,-0.9608969524890514,-0.8774129426564279,-0.5732816448213731,-0.5997119205130237,-1.0868822
852,917500.0,1772500.0,0.0,0.0,0.0,,0.4292326865184514,3.0949666500091553,6.035616254575032,0.0695816144347191,0.03564302995800972,3.6490123451393432,0.03380710780620576,0.017533291,1.0,0.3535533905932738,0.06218747950360276,기타,0,-1.0409651432065992,-0.8543567882845319,-0.5732816448213731,-0.5997119205130237,-1.0868822
853,917500.0,1777500.0,0.0,0.0,0.0,,1.6259846856417908,-3.0,2.763918892342633,0.0841658413410187,0.043350700289011,2.448597025351489,0.0841658413410187,0.0433507,1.0,0.5590169943749475,0.8786460333366863,기타,0,-0.9915001535436722,-0.8833614238425297,1.1540474000261172,-0.5586620815144415,-1.0868822
870,922500.0,1592500.0,0.0,0.0,0.0,,0.32223139604358153,-4.25,20.431427559017596,,,10.867819344296093,0.08182709962129593,0.04651483,33.5,5.380810812507721,0.17625169871747134,기타,0,-1.0453877952941966,-0.8893099050286314,1.0738274219347097,0.40469033845495855,2.4268034
871,922500.0,1597500.0,0.0,0.0,0.0,,1.4382247589663395,66.94718933105469,44.39450454831359,,,14.194075625388695,0.04959968328475954,0.03025681,0.28065205,25.580859387659505,-3.1425397205761705,기타,0,-0.9992607779996301,-0.550497792037348,-0.03158862749808653,4.440484155517764,-1.1646534
872,922500.0,1602500.0,0.0,0.0,0.0,,0.7988529915976174,-4.0,4.066918814552265,,,16.76382482151334,0.04959968328475954,0.03025681,0.28065205,25.580859387659505,-3.1425397205761705,기타,0,-1.0256877385451972,-0.8881202087914111,-0.03158862749808653,4.440484155517764,-1.1646534
873,922500.0,1607500.0,0.0,0.0,0.0,,3.9972101090217107,132.32510375976562,140.6272756308614,,,20.26277035435974,0.04959968328475954,0.03025681,0.28065205,25.580859387659505,-3.1425397205761705,기타,0,-0.8934910078377298,-0.2393783568647414,-0.03158862749808653,4.440484155517764,-1.1646534
874,922500.0,1612500.0,1.0,1.0,0.0,산으로 이어지는 능선에서 남동쪽으로 뻗은 나,7.390756360625966,136.7843475341797,76.68964915774421,,,24.292671780202628,0.04959968328475954,0.03025681,0.28065205,25.580859387659505,-3.1425397205761705,기타,1,-0.7532265834797736,-0.21815777470766662,-0.03158862749808653,4.440484155517764,-1.1646534
875,922500.0,1617500.0,57.0,8.0,38.0,평지,8.224784643769219,59.177391052246094,26.59369184952285,,,28.6301928391652,0.04959968328475954,0.03025681,0.28065205,25.580859387659505,-3.1425397205761705,평지,57,-0.718753943839739,-0.587472591142387,-0.03158862749808653,4.440484155517764,-1.1646534
876,922500.0,1622500.0,24.0,5.0,4.0,산록하사면,4.933644895621228,18.93755531311035,6.834289055199549,,,31.765497029622683,0.01873996779322624,0.011232764,11.0,0.25,-0.17630639979809243,산록,24,-0.8547856310570086,-0.7789653158032467,-1.0900918729660427,-0.6204009862812274,-0.0057482054
877,922500.0,1627500.0,8.0,2.0,3.0,구릉정상,2.9879172422641016,33.21503448486328,35.015666283134664,,,35.30758481444478,0.01873996779322624,0.011232764,11.0,0.25,-0.17630639979809243,구릉,8,-0.9352078056852391,-0.7110218628127409,-1.0900918729660427,-0.6204009862812274,-0.0057482054
878,922500.0,1632500.0,21.0,1.0,22.0,구릉사면(평지로 이어지는 나지막한 구릉사면),6.596548107696088,277.01666259765625,67.32155338468893,,,39.16891994068073,0.01873996779322624,0.011232764,11.0,0.25,-0.17630639979809243,구릉,21,-0.7860533538132808,0.449177655563202,-1.0900918729660427,-0.6204009862812274,-0.0057482054
879,922500.0,1637500.0,0.0,0.0,0.0,,6.696620255017695,187.21237182617188,54.13037486260878,,,43.26410790955594,0.01873996779322624,0.011232764,11.0,0.25,-0.17630639979809243,기타,0,-0.781917101911102,0.021818348294892122,-1.0900918729660427,-0.6204009862812274,-0.0057482054
880,922500.0,1642500.0,42.0,8.0,52.0,평지,2.0596408295458617,47.90480041503906,81.52364678654071,,,47.53274426224459,0.01873996779322624,0.011232764,11.0,0.25,-0.17630639979809243,평지,42,-0.973575974857367,-0.6411164258016294,-1.0900918729660427,-0.6204009862812274,-0.0057482054
881,922500.0,1647500.0,5.0,1.0,5.0,구릉정상부,0.07067562857202263,2.6094255447387695,3.7044906725233657,,,51.93207603196882,0.01873996779322624,0.011232764,11.0,0.25,-0.17630639979809243,구릉,5,-1.055785274008872,-0.8566673739883559,-1.0900918729660427,-0.6204009862812274,-0.0057482054
882,922500.0,1652500.0,19.0,5.0,19.0,구릉사면,4.616964376637237,6.356988906860352,3.18482879425471,,,49.90195130134858,0.0554732516407967,0.027805906,6.5,3.7520827549509086,-0.04180077199854193,구릉,19,-0.8678748914964882,-0.8388335258657122,0.1698776228647523,0.07928465440872084,-0.49225852
883,922500.0,1657500.0,20.0,5.0,18.0,구릉정상부,6.36896440314599,30.527833938598633,6.978884882313893,,,46.7249519447846,0.0554732516407967,0.027805906,6.5,3.7520827549509086,-0.04180077199854193,구릉,20,-0.7954600024767194,-0.723809672326931,0.1698776228647523,0.07928465440872084,-0.49225852
884,922500.0,1662500.0,110.0,12.0,104.0,구릉사면,8.92959955880286,18.689254760742188,5.827063610338154,,,43.88892257509513,0.0554732516407967,0.027805906,6.5,3.7520827549509086,-0.04180077199854193,구릉,110,-0.6896220413971658,-0.7801469247346552,0.1698776228647523,0.07928465440872084,-0.49225852
885,922500.0,1667500.0,110.0,19.0,100.0,산록하사면,12.911332829521081,20.840089797973633,30.411921484064365,,,41.463886881996,0.0554732516407967,0.027805906,6.5,3.7520827549509086,-0.04180077199854193,산록,110,-0.5250462602654977,-0.7699115633319514,0.1698776228647523,0.07928465440872084,-0.49225852
886,922500.0,1672500.0,43.0,9.0,29.0,산록하사면,17.426051835937063,128.7676239013672,10.366238562683813,,,39.5255652195288,0.0554732516407967,0.027805906,6.5,3.7520827549509086,-0.04180077199854193,산록,43,-0.3384407403691652,-0.25630763847083665,0.1698776228647523,0.07928465440872084,-0.49225852
887,922500.0,1677500.0,0.0,0.0,0.0,,17.96245820881051,121.60227966308594,22.84089044819497,,,36.711562082894865,0.04753097668290141,0.02559885,8.25,1.732375827274647,0.10275550636091092,기타,0,-0.3162696174391432,-0.29040597078552366,-0.10254626975465868,-0.324235203509914,-0.30306005
888,922500.0,1682500.0,4.0,1.0,4.0,,18.34641224126121,73.54411315917969,36.22494973506363,,,34.037621504382294,0.04753097668290141,0.02559885,8.25,1.732375827274647,0.10275550636091092,기타,4,-0.3003997611446683,-0.5191044502151496,-0.10254626975465868,-0.324235203509914,-0.30306005
889,922500.0,1687500.0,2.0,2.0,1.0,평지,19.95182560600734,43.94280242919922,10.055534826366038,,,31.927739738116944,0.04753097668290141,0.02559885,8.25,1.732375827274647,0.10275550636091092,평지,2,-0.23404369443238063,-0.6599707221841425,-0.10254626975465868,-0.324235203509914,-0.30306005
890,922500.0,1692500.0,6.0,2.0,6.0,구릉정상부,21.83885876643241,47.45338821411133,9.943547563174462,,,30.499204119030313,0.04753097668290141,0.02559885,8.25,1.732375827274647,0.10275550636091092,구릉,6,-0.15604752158921642,-0.6432645993891457,-0.10254626975465868,-0.324235203509914,-0.30306005
891,922500.0,1697500.0,29.0,8.0,25.0,구릉정상,19.146347695796546,114.65559387207031,34.90061575531768,,,29.375989115065344,0.09289299696683884,0.04667699,5.0,0.45069390943299864,1.039933453823192,구릉,29,-0.2673362701134567,-0.32346375457241716,1.453393081167248,-0.5803040906822636,-0.6544286
892,922500.0,1702500.0,240.0,19.0,240.0,산록하사면,17.499414503247987,274.4558410644531,84.56102116414925,,,26.40362588589504,0.09289299696683884,0.04667699,5.0,0.45069390943299864,1.039933453823192,산록,240,-0.3354084633536784,0.43699125659422355,1.453393081167248,-0.5803040906822636,-0.6544286
893,922500.0,1707500.0,83.0,24.0,39.0,구릉정상,17.20105769493952,58.09967803955078,11.371313076362386,,,24.11128746782667,0.09289299696683884,0.04667699,5.0,0.45069390943299864,1.039933453823192,구릉,83,-0.3477403553828148,-0.5926011956064151,1.453393081167248,-0.5803040906822636,-0.6544286
894,922500.0,1712500.0,23.0,7.0,21.0,구릉정상,14.921070301640237,41.695621490478516,7.219026068326177,,,22.705878243090368,0.09289299696683884,0.04667699,5.0,0.45069390943299864,1.039933453823192,구릉,23,-0.44197838709177995,-0.6706645730127399,1.453393081167248,-0.5803040906822636,-0.6544286
895,922500.0,1717500.0,72.0,18.0,36.0,산록하사면,10.180333562984686,101.42253112792969,12.74278689407957,,,22.355304297278384,0.09289299696683884,0.04667699,5.0,0.45069390943299864,1.039933453823192,산록,72,-0.6379258297900448,-0.38643705438683695,1.453393081167248,-0.5803040906822636,-0.6544286
896,922500.0,1722500.0,2.0,2.0,0.0,산록하사면,5.624237984416284,112.79672241210938,61.24922136165553,,,22.336269332139402,0.1305331975221634,0.065668084,6.25,0.25,1.6989122299030321,산록,2,-0.8262415550717087,-0.3323097240979845,2.7444702610202834,-0.6204009862812274,-0.5192869
897,922500.0,1727500.0,2.0,2.0,0.0,,2.223843807034492,162.49099731445312,72.55822158839976,,,21.521103909325358,0.03694566190242767,0.020523673,9.0,2.5,-0.18037748230354797,기타,2,-0.9667890226817728,-0.09582535664713568,-0.4656277133442952,-0.17087057774739148,-0.22197501
899,922500.0,1737500.0,0.0,0.0,0.0,,3.971962867757843,172.13926696777344,125.27111987902971,,,15.834714609501066,0.03694566190242767,0.020523673,9.0,2.5,-0.18037748230354797,기타,0,-0.8945345444510377,-0.04991131623816567,-0.4656277133442952,-0.17087057774739148,-0.22197501
900,922500.0,1742500.0,0.0,0.0,0.0,,5.968607757154977,174.87283325195312,49.87465259967478,,,14.816488227934789,0.03694566190242767,0.020523673,9.0,2.5,-0.18037748230354797,기타,0,-0.8120078230526921,-0.036902862148241684,-0.4656277133442952,-0.17087057774739148,-0.22197501
902,922500.0,1752500.0,0.0,0.0,0.0,,1.3139924352907923,0.04703435301780701,2.0072480669892547,,,14.719937003903336,0.0344093032181263,0.01992569,7.0,1.3975424859373686,-0.07129609981488395,기타,0,-1.0043956351888503,-0.8688612426246639,-0.5526260494028512,-0.3911319896086234,-0.4382018
903,922500.0,1757500.0,0.0,0.0,0.0,,2.6841650818207645,-1.780695915222168,2.7029561018410133,,,14.190673670625882,0.03380710780620576,0.017533291,1.0,0.3535533905932738,0.06218747950360276,기타,0,-0.9477627021779358,-0.8775590179157793,-0.5732816448213731,-0.5997119205130237,-1.0868822
904,922500.0,1762500.0,0.0,0.0,0.0,,3.578162002635874,0.3461419939994812,0.6165326946835363,,,10.231965201209428,0.03380710780620576,0.017533291,1.0,0.3535533905932738,0.06218747950360276,기타,0,-0.9108113969123489,-0.8674378536846649,-0.5732816448213731,-0.5997119205130237,-1.0868822
905,922500.0,1767500.0,0.0,0.0,0.0,,1.4027065340573344,3.150688886642456,0.5405825610995715,,,7.616495554474299,0.03380710780620576,0.017533291,1.0,0.3535533905932738,0.06218747950360276,기타,0,-1.0007288420841325,-0.8540916181435234,-0.5732816448213731,-0.5997119205130237,-1.0868822
906,922500.0,1772500.0,0.0,0.0,0.0,,3.323727407708864,2.925466537475586,0.9531960143909834,,,7.831276855270336,0.03380710780620576,0.017533291,1.0,0.3535533905932738,0.06218747950360276,기타,0,-0.921327865334524,-0.8551634028688904,-0.5732816448213731,-0.5997119205130237,-1.0868822
907,922500.0,1777500.0,0.0,0.0,0.0,,1.0937391845769564,-1.2409242391586304,1.4506181937424416,,,7.2907008697168205,0.0841658413410187,0.0433507,1.0,0.5590169943749475,0.8786460333366863,기타,0,-1.0134992964133704,-0.8749903605878956,1.1540474000261172,-0.5586620815144415,-1.0868822
925,927500.0,1597500.0,0.0,0.0,0.0,,1.4023511951077663,132.47119140625,102.57732873871831,,,9.769006439764462,0.04959968328475954,0.03025681,0.28065205,25.580859387659505,-3.1425397205761705,기타,0,-1.0007435292018312,-0.23868315717143404,-0.03158862749808653,4.440484155517764,-1.1646534
926,927500.0,1602500.0,0.0,0.0,0.0,,1.9733858416735162,10.96650218963623,9.145333982029165,,,13.228285096991701,0.04959968328475954,0.03025681,0.28065205,25.580859387659505,-3.1425397205761705,기타,0,-0.9771411262727037,-0.8168978434339694,-0.03158862749808653,4.440484155517764,-1.1646534
927,927500.0,1607500.0,0.0,0.0,0.0,,0.6114374476915673,3.3682591915130615,4.754585067549998,,,17.45111934502844,0.04959968328475954,0.03025681,0.28065205,25.580859387659505,-3.1425397205761705,기타,0,-1.033434128731949,-0.8530562478513816,-0.03158862749808653,4.440484155517764,-1.1646534
928,927500.0,1612500.0,0.0,0.0,0.0,,2.5219227169422833,67.73316955566406,88.92592479619023,,,22.002172760469797,0.04959968328475954,0.03025681,0.28065205,25.580859387659505,-3.1425397205761705,기타,0,-0.9544686169434692,-0.5467574811743585,-0.03158862749808653,4.440484155517764,-1.1646534
929,927500.0,1617500.0,6.0,2.0,6.0,산록하사면,4.275633165449964,134.26258850097656,96.58492319051481,,,26.714221792309285,0.04959968328475954,0.03025681,0.28065205,25.580859387659505,-3.1425397205761705,산록,6,-0.8819830315667625,-0.23015828363957938,-0.03158862749808653,4.440484155517764,-1.1646534
930,927500.0,1622500.0,0.0,0.0,0.0,,5.405681763850691,157.28463745117188,43.01110158157949,,,31.515134233504792,0.04959968328475954,0.03025681,0.28065205,25.580859387659505,-3.1425397205761705,기타,0,-0.8352750734606186,-0.12060130360297878,-0.03158862749808653,4.440484155517764,-1.1646534
931,927500.0,1627500.0,0.0,0.0,0.0,,7.888414836824811,179.11172485351562,110.00168336850815,,,36.36973639639087,0.04959968328475954,0.03025681,0.28065205,25.580859387659505,-3.1425397205761705,기타,0,-0.7326570156838756,-0.01673088859478623,-0.03158862749808653,4.440484155517764,-1.1646534
932,927500.0,1632500.0,1.0,1.0,0.0,구릉사면,9.839404764942214,86.27098846435547,26.64776123414,,,41.2590810044297,0.04959968328475954,0.03025681,0.28065205,25.580859387659505,-3.1425397205761705,구릉,1,-0.6520173370390976,-0.45853998756658854,-0.03158862749808653,4.440484155517764,-1.1646534
933,927500.0,1637500.0,0.0,0.0,0.0,,9.126326049269938,126.39307403564453,16.241595362475305,,,46.172132343191876,0.04959968328475954,0.03025681,0.28065205,25.580859387659505,-3.1425397205761705,기타,0,-0.6814908046626491,-0.267607610632206,-0.03158862749808653,4.440484155517764,-1.1646534
934,927500.0,1642500.0,29.0,3.0,11.0,산록하사면,5.381825960027563,559.8438110351562,105.36481614131783,,,50.203604835839116,0.01873996779322624,0.011232764,11.0,0.25,-0.17630639979809243,산록,29,-0.836261098209586,1.7950912326826265,-1.0900918729660427,-0.6204009862812274,-0.0057482054
935,927500.0,1647500.0,23.0,6.0,8.0,구릉정상부,4.040392942307237,10.364500045776367,8.523972823658605,,,54.38732097100695,0.01873996779322624,0.011232764,11.0,0.25,-0.17630639979809243,구릉,23,-0.8917061448054148,-0.8197626421753641,-1.0900918729660427,-0.6204009862812274,-0.0057482054
936,927500.0,1652500.0,16.0,4.0,14.0,산록하평지,6.981513214493736,88.31510162353516,26.254453846398995,,,53.7380064567509,0.0554732516407967,0.027805906,6.5,3.7520827549509086,-0.04180077199854193,산록,16,-0.7701417070875746,-0.4488124926308738,0.1698776228647523,0.07928465440872084,-0.49225852
937,927500.0,1657500.0,27.0,8.0,19.0,구릉정상부,10.971554026617763,26.53414535522461,7.248554905607073,,,50.80147368439292,0.0554732516407967,0.027805906,6.5,3.7520827549509086,-0.04180077199854193,구릉,27,-0.605222552850983,-0.7428147774480108,0.1698776228647523,0.07928465440872084,-0.49225852
938,927500.0,1662500.0,36.0,3.0,33.0,구릉정상부,13.001347842908396,21.39008903503418,8.799754629178116,,,48.20587224671213,0.0554732516407967,0.027805906,6.5,3.7520827549509086,-0.04180077199854193,구릉,36,-0.5213256968488722,-0.7672942352407314,0.1698776228647523,0.07928465440872084,-0.49225852
939,927500.0,1667500.0,0.0,0.0,0.0,,15.99999415269879,7.865510940551758,4.643723004179658,,,46.00893945339966,0.0554732516407967,0.027805906,6.5,3.7520827549509086,-0.04180077199854193,기타,0,-0.39738355275785686,-0.8316547939167256,0.1698776228647523,0.07928465440872084,-0.49225852
940,927500.0,1672500.0,0.0,0.0,0.0,,19.823334231165354,169.1627197265625,79.26252315564739,,,43.70447258267008,0.04753097668290141,0.02559885,8.25,1.732375827274647,0.10275550636091092,기타,0,-0.2393545896997292,-0.06407606444927479,-0.10254626975465868,-0.324235203509914,-0.30306005
941,927500.0,1677500.0,47.0,2.0,16.0,"산록하사면, 산록하평지",22.962097896953896,24.3886661529541,7.303274711266751,,,40.87666584787346,0.04753097668290141,0.02559885,8.25,1.732375827274647,0.10275550636091092,산록,47,-0.10962101716646168,-0.7530246515839139,-0.10254626975465868,-0.324235203509914,-0.30306005
942,927500.0,1682500.0,0.0,0.0,0.0,,23.26780252385401,82.82022094726562,23.204165960934205,,,38.493151312253566,0.04753097668290141,0.02559885,8.25,1.732375827274647,0.10275550636091092,기타,0,-0.09698541996620622,-0.4749614480890046,-0.10254626975465868,-0.324235203509914,-0.30306005
943,927500.0,1687500.0,0.0,0.0,0.0,,24.553515780337815,59.49533462524414,27.668492246493816,,,36.64073668824622,0.04753097668290141,0.02559885,8.25,1.732375827274647,0.10275550636091092,기타,0,-0.04384342146689558,-0.5859595660526103,-0.10254626975465868,-0.324235203509914,-0.30306005
944,927500.0,1692500.0,0.0,0.0,0.0,,25.948441115039326,74.633544921875,6.103279000769348,,,35.40288790715719,0.04753097668290141,0.02559885,8.25,1.732375827274647,0.10275550636091092,기타,0,0.013812606943426564,-0.5139200787400018,-0.10254626975465868,-0.324235203509914,-0.30306005
945,927500.0,1697500.0,4.0,2.0,4.0,구릉정상부,23.726956698422487,113.68194580078125,35.10883523907447,,,33.33635074130189,0.09289299696683884,0.04667699,5.0,0.45069390943299864,1.039933453823192,구릉,4,-0.07800733886389191,-0.328097136359575,1.453393081167248,-0.5803040906822636,-0.6544286
946,927500.0,1702500.0,3.0,2.0,2.0,산록하평지,22.419084549485245,245.94061279296875,127.489047141636,,,30.749227700561327,0.09289299696683884,0.04667699,5.0,0.45069390943299864,1.039933453823192,산록,3,-0.13206522418599798,0.3012934174819659,1.453393081167248,-0.5803040906822636,-0.6544286
947,927500.0,1707500.0,22.0,3.0,1.0,산록하사면,19.30295250443516,344.6828918457031,90.12992212321195,,,28.804821256429225,0.09289299696683884,0.04667699,5.0,0.45069390943299864,1.039933453823192,산록,22,-0.2608633707607518,0.7711866888563668,1.453393081167248,-0.5803040906822636,-0.6544286
948,927500.0,1712500.0,84.0,14.0,67.0,구릉정상,14.307473652951858,153.37464904785156,74.27006590389995,,,27.6391108946852,0.09289299696683884,0.04667699,5.0,0.45069390943299864,1.039933453823192,구릉,84,-0.46733999242589325,-0.13920809756700037,1.453393081167248,-0.5803040906822636,-0.6544286
949,927500.0,1717500.0,85.0,11.0,73.0,산록하사면,9.316846530417015,71.59091186523438,19.039868997243797,,,27.351840422219762,0.09289299696683884,0.04667699,5.0,0.45069390943299864,1.039933453823192,산록,85,-0.6736160790407829,-0.5283993151349122,1.453393081167248,-0.5803040906822636,-0.6544286
950,927500.0,1722500.0,2.0,2.0,0.0,구릉정상,4.347810507919537,30.133644104003906,1.6036119497867856,,,27.32724442083026,0.1305331975221634,0.065668084,6.25,0.25,1.6989122299030321,구릉,2,-0.8789997472256708,-0.7256855369788024,2.7444702610202834,-0.6204009862812274,-0.5192869
951,927500.0,1727500.0,0.0,0.0,0.0,,0.8699528682195935,25.950233459472656,6.948988848958382,,,25.2228587821919,0.03694566190242767,0.020523673,9.0,2.5,-0.18037748230354797,기타,0,-1.0227489887752217,-0.7455934885889881,-0.4656277133442952,-0.17087057774739148,-0.22197501
952,927500.0,1732500.0,0.0,0.0,0.0,,2.3208921066279915,20.195533752441406,4.92168005476824,,,22.47182106084371,0.03694566190242767,0.020523673,9.0,2.5,-0.18037748230354797,기타,0,-0.9627777545663123,-0.7729788669401407,-0.4656277133442952,-0.17087057774739148,-0.22197501
953,927500.0,1737500.0,0.0,0.0,0.0,,5.381457688344798,20.04261016845703,5.997026390286021,,,20.585744544095615,0.03694566190242767,0.020523673,9.0,2.5,-0.18037748230354797,기타,0,-0.8362763198720478,-0.7737065973899345,-0.4656277133442952,-0.17087057774739148,-0.22197501
954,927500.0,1742500.0,0.0,0.0,0.0,,9.748845425826776,5.638710975646973,6.066494635566911,,,19.813203049455332,0.03694566190242767,0.020523673,9.0,2.5,-0.18037748230354797,기타,0,-0.6557603989069767,-0.8422516560738842,-0.4656277133442952,-0.17087057774739148,-0.22197501
955,927500.0,1747500.0,0.0,0.0,0.0,,7.161822109554638,3.6141555309295654,0.553989348573112,,,19.75745739913698,0.05536314547061921,0.031211248,8.5,1.0606601717798212,0.3265164930878433,기타,0,-0.7626890538755017,-0.8518860800523813,0.16610092769363527,-0.45843814263576393,-0.2760317
956,927500.0,1752500.0,0.0,0.0,0.0,,3.2734117128631537,10.927633285522461,1.2306422867905824,,,19.71773088575241,0.0344093032181263,0.01992569,7.0,1.3975424859373686,-0.07129609981488395,기타,0,-0.9234075487837676,-0.8170828121898456,-0.5526260494028512,-0.3911319896086234,-0.4382018
957,927500.0,1757500.0,0.0,0.0,0.0,,1.703150099234576,1.1143224239349365,14.426825712029027,,,17.302855987238296,0.03380710780620576,0.017533291,1.0,0.3535533905932738,0.06218747950360276,기타,0,-0.988310698762315,-0.8637822482166628,-0.5732816448213731,-0.5997119205130237,-1.0868822
958,927500.0,1762500.0,0.0,0.0,0.0,,0.9787092687615239,4.659200191497803,17.446128982228966,,,14.237510947060732,0.03380710780620576,0.017533291,1.0,0.3535533905932738,0.06218747950360276,기타,0,-1.0182537932522358,-0.8469129372507602,-0.5732816448213731,-0.5997119205130237,-1.0868822
959,927500.0,1767500.0,0.0,0.0,0.0,,1.795112427260431,3.8891665935516357,9.527807807063082,,,12.490981171238722,0.03380710780620576,0.017533291,1.0,0.3535533905932738,0.06218747950360276,기타,0,-0.984509647576681,-0.8505773615467995,-0.5732816448213731,-0.5997119205130237,-1.0868822
960,927500.0,1772500.0,0.0,0.0,0.0,,4.268588849151116,14.718644142150879,7.069132626850717,,,12.623094045154158,0.03380710780620576,0.017533291,1.0,0.3535533905932738,0.06218747950360276,기타,0,-0.882274192169093,-0.7990422067842762,-0.5732816448213731,-0.5997119205130237,-1.0868822
961,927500.0,1777500.0,0.0,0.0,0.0,,0.7250409617401461,19.74622344970703,27.4502761660134,,,12.260220673006627,0.0841658413410187,0.0433507,1.0,0.5590169943749475,0.8786460333366863,기타,0,-1.0287385889273768,-0.7751170380461704,1.1540474000261172,-0.5586620815144415,-1.0868822
962,927500.0,1782500.0,0.0,0.0,0.0,,2.6281712233491707,11.64727783203125,16.022645642537334,,,12.18247338375368,0.07296976000070575,0.037741095,3.5,5.960461251322674,-0.05204332596848791,기타,0,-0.9500770794528547,-0.813658178553375,0.7700163664770241,0.5204994489293155,-0.8165987
963,927500.0,1787500.0,0.0,0.0,0.0,,4.489785947240303,26.590667724609375,27.87452729140862,,,12.130505093247553,0.034623841196298626,0.018574638,5.0,1.5662455107677085,-0.09089997335764959,기타,0,-0.8731315191854956,-0.7425457996473075,-0.545267292442378,-0.35742659419845607,-0.6544286
980,932500.0,1602500.0,0.0,0.0,0.0,,0.39555508320319843,17.75,18.16837351110841,,,10.90638485329574,0.04959968328475954,0.03025681,0.28065205,25.580859387659505,-3.1425397205761705,기타,0,-1.0423571294335545,-0.7846166361532403,-0.03158862749808653,4.440484155517764,-1.1646534
981,932500.0,1607500.0,0.0,0.0,0.0,,2.088271524236914,-4.75,3.0026030373660784,,,15.763986499465545,0.04959968328475954,0.03025681,0.28065205,25.580859387659505,-3.1425397205761705,기타,0,-0.9723925909833707,-0.8916892975030721,-0.03158862749808653,4.440484155517764,-1.1646534
982,932500.0,1612500.0,0.0,0.0,0.0,,1.9537211356716968,6.490254878997803,9.055319016725335,,,20.689545914361318,0.04959968328475954,0.03025681,0.28065205,25.580859387659505,-3.1425397205761705,기타,0,-0.9779539216386751,-0.8381993417633065,-0.03158862749808653,4.440484155517764,-1.1646534
983,932500.0,1617500.0,0.0,0.0,0.0,,0.5914513400636854,21.911893844604492,22.829474403162443,,,25.64393397920059,0.04959968328475954,0.03025681,0.28065205,25.580859387659505,-3.1425397205761705,기타,0,-1.0342602084944559,-0.7648110783666943,-0.03158862749808653,4.440484155517764,-1.1646534
984,932500.0,1622500.0,0.0,0.0,0.0,,1.5166045813289895,13.967363357543945,51.73111641227861,,,30.61315713409402,0.04959968328475954,0.03025681,0.28065205,25.580859387659505,-3.1425397205761705,기타,0,-0.9960211284266269,-0.8026173904744476,-0.03158862749808653,4.440484155517764,-1.1646534
985,932500.0,1627500.0,0.0,0.0,0.0,,6.014930840101846,24.614810943603516,39.51715071312675,,,35.5910020862558,0.04959968328475954,0.03025681,0.28065205,25.580859387659505,-3.1425397205761705,기타,0,-0.8100931650276373,-0.7519484771579035,-0.03158862749808653,4.440484155517764,-1.1646534
986,932500.0,1632500.0,0.0,0.0,0.0,,10.851831776338818,70.72876739501953,53.6875053748681,,,40.574295672149354,0.04959968328475954,0.03025681,0.28065205,25.580859387659505,-3.1425397205761705,기타,0,-0.6101709965358972,-0.532502075263532,-0.03158862749808653,4.440484155517764,-1.1646534
987,932500.0,1637500.0,0.0,0.0,0.0,,12.452713163205397,102.08113098144531,56.32657949512129,,,45.561250082478324,0.04959968328475954,0.03025681,0.28065205,25.580859387659505,-3.1425397205761705,기타,0,-0.5440022486993071,-0.3833029193165913,-0.03158862749808653,4.440484155517764,-1.1646534
988,932500.0,1642500.0,0.0,0.0,0.0,,9.614093279622812,201.43072509765625,14.421597439235654,,,50.55078188183902,0.04959968328475954,0.03025681,0.28065205,25.580859387659505,-3.1425397205761705,기타,0,-0.6613300687499507,0.08948043384111078,-0.03158862749808653,4.440484155517764,-1.1646534
989,932500.0,1647500.0,105.0,12.0,83.0,산록하사면,8.932609588105148,348.222900390625,62.303867611656834,,,55.54219646946272,0.04959968328475954,0.03025681,0.28065205,25.580859387659505,-3.1425397205761705,산록,105,-0.6894976287632768,0.7880328282388526,-0.03158862749808653,4.440484155517764,-1.1646534
990,932500.0,1652500.0,20.0,6.0,15.0,산록하평지,10.823688766669502,118.84332275390625,86.94951906362682,,,57.75241927581422,0.0554732516407967,0.027805906,6.5,3.7520827549509086,-0.04180077199854193,산록,20,-0.6113342230718848,-0.3035352533995403,0.1698776228647523,0.07928465440872084,-0.49225852
991,932500.0,1657500.0,73.0,5.0,48.0,산록하사면,14.047471004661192,144.91192626953125,57.92174153845033,,,55.03052173812004,0.0554732516407967,0.027805906,6.5,3.7520827549509086,-0.04180077199854193,산록,73,-0.4780866035194636,-0.17948037535102696,0.1698776228647523,0.07928465440872084,-0.49225852
992,932500.0,1662500.0,10.0,1.0,9.0,산록하사면,17.535110398834192,28.367334365844727,9.658284630618143,,,52.64384782032908,0.0554732516407967,0.027805906,6.5,3.7520827549509086,-0.04180077199854193,산록,10,-0.3339330556606276,-0.734091025175817,0.1698776228647523,0.07928465440872084,-0.49225852
993,932500.0,1667500.0,2.0,1.0,0.0,구릉사면,19.882080131065816,16.85895538330078,6.139922910504351,,,50.63981737615403,0.0554732516407967,0.027805906,6.5,3.7520827549509086,-0.04180077199854193,구릉,2,-0.23692646312593252,-0.7888569258639704,0.1698776228647523,0.07928465440872084,-0.49225852
994,932500.0,1672500.0,22.0,5.0,16.0,지63.1 평지,23.07080140550429,14.40446662902832,8.810695087582593,,,47.78330193699282,0.04753097668290141,0.02559885,8.25,1.732375827274647,0.10275550636091092,평지,22,-0.10512800781221951,-0.8005373100050008,-0.10254626975465868,-0.324235203509914,-0.30306005
995,932500.0,1677500.0,0.0,0.0,0.0,,26.818401232107693,40.19933319091797,1.4171732214253783,,,45.21133520602069,0.04753097668290141,0.02559885,8.25,1.732375827274647,0.10275550636091092,기타,0,0.04977040624475899,-0.6777850872518759,-0.10254626975465868,-0.324235203509914,-0.30306005
996,932500.0,1682500.0,0.0,0.0,0.0,,28.216846500837665,17.93097686767578,7.4238628513291,,,43.0683842072176,0.04753097668290141,0.02559885,8.25,1.732375827274647,0.10275550636091092,기타,0,0.10757192302732495,-0.7837554061592491,-0.10254626975465868,-0.324235203509914,-0.30306005
997,932500.0,1687500.0,0.0,0.0,0.0,,29.286087641371047,90.64026641845703,120.2718583377906,,,41.4210888959942,0.04753097668290141,0.02559885,8.25,1.732375827274647,0.10275550636091092,기타,0,0.1517665448056078,-0.43774753340113065,-0.10254626975465868,-0.324235203509914,-0.30306005
998,932500.0,1692500.0,9.0,2.0,9.0,구릉정상부,30.32667869024146,202.40411376953125,78.60059625577865,,,40.31715641723622,0.09289299696683884,0.04667699,5.0,0.45069390943299864,1.039933453823192,구릉,9,0.19477698098070076,0.0941125812022412,1.453393081167248,-0.5803040906822636,-0.6544286
999,932500.0,1697500.0,1.0,1.0,0.0,구릉사면54.1,28.449153207947994,40.44010925292969,29.982000483090484,,,37.5456498812547,0.09289299696683884,0.04667699,5.0,0.45069390943299864,1.039933453823192,구릉,1,0.11717378613201043,-0.6766392857519237,1.453393081167248,-0.5803040906822636,-0.6544286
1000,932500.0,1702500.0,127.0,28.0,106.0,구릉사면,24.951344890215214,82.58685302734375,17.261981784983572,,,35.268662413531224,0.09289299696683884,0.04667699,5.0,0.45069390943299864,1.039933453823192,구릉,127,-0.02740007077927425,-0.47607199583388055,1.453393081167248,-0.5803040906822636,-0.6544286
1001,932500.0,1707500.0,0.0,0.0,0.0,,20.116397261236937,122.6944580078125,68.22622569126624,,,33.58692114311014,0.09289299696683884,0.04667699,5.0,0.45069390943299864,1.039933453823192,기타,0,-0.22724150381084335,-0.28520852891714465,1.453393081167248,-0.5803040906822636,-0.6544286
1002,932500.0,1712500.0,9.0,3.0,9.0,산록하사면,15.387308592256572,185.46376037597656,61.178610766154726,,,32.59269849686226,0.09289299696683884,0.04667699,5.0,0.45069390943299864,1.039933453823192,산록,9,-0.4227075003561056,0.013497082444260967,1.453393081167248,-0.5803040906822636,-0.6544286
1003,932500.0,1717500.0,2.0,1.0,2.0,은 신평리에서 계로리로 가는 깊은 계곡부 산,10.902710335268239,602.2916259765625,53.021858037831784,,,32.34944696190704,0.09289299696683884,0.04667699,5.0,0.45069390943299864,1.039933453823192,기타,2,-0.6080680483951363,1.9970912555386942,1.453393081167248,-0.5803040906822636,-0.6544286
1004,932500.0,1722500.0,48.0,4.0,39.0,산록하사면,7.139252033385349,146.30223083496094,58.69281661979335,,,32.25580816182765,0.03694566190242767,0.020523673,9.0,2.5,-0.18037748230354797,산록,48,-0.7636219360308883,-0.17286421491069906,-0.4656277133442952,-0.17087057774739148,-0.22197501
1005,932500.0,1727500.0,2.0,2.0,1.0,구릉정상,5.750543151531759,28.22373390197754,4.868015270428519,,,29.312579156683075,0.03694566190242767,0.020523673,9.0,2.5,-0.18037748230354797,구릉,2,-0.8210210216693681,-0.7347743889019206,-0.4656277133442952,-0.17087057774739148,-0.22197501
1006,932500.0,1732500.0,0.0,0.0,0.0,,7.019859189505712,13.527633666992188,2.484169674580519,,,26.981798188056235,0.03694566190242767,0.020523673,9.0,2.5,-0.18037748230354797,기타,0,-0.7685567644603872,-0.8047099695074215,-0.4656277133442952,-0.17087057774739148,-0.22197501
1007,932500.0,1737500.0,0.0,0.0,0.0,,8.985254728756944,8.0450439453125,6.534845669371438,,,25.432411802760242,0.03694566190242767,0.020523673,9.0,2.5,-0.18037748230354797,기타,0,-0.687321663032656,-0.8308004349558428,-0.4656277133442952,-0.17087057774739148,-0.22197501
1008,932500.0,1742500.0,0.0,0.0,0.0,,9.633958964591994,4.53773307800293,0.06681280220453654,,,24.81124153986176,0.03694566190242767,0.020523673,9.0,2.5,-0.18037748230354797,기타,0,-0.6605089663808991,-0.8474909731222438,-0.4656277133442952,-0.17087057774739148,-0.22197501
1009,932500.0,1747500.0,0.0,0.0,0.0,,5.002560566728112,5.652100086212158,2.2129307171935233,,,24.75744039685691,0.05536314547061921,0.031211248,8.5,1.0606601717798212,0.3265164930878433,기타,0,-0.8519371603952399,-0.8421879401760477,0.16610092769363527,-0.45843814263576393,-0.2760317
1010,932500.0,1752500.0,0.0,0.0,0.0,,1.327040083886578,4.285188674926758,0.6377629249671337,,,24.373849485697892,0.03380710780620576,0.017533291,1.0,0.3535533905932738,0.06218747950360276,기타,0,-1.003856340662174,-0.8486927776265268,-0.5732816448213731,-0.5997119205130237,-1.0868822
1011,932500.0,1757500.0,0.0,0.0,0.0,,0.020255238545807918,2.605800151824951,5.611558785344671,,,21.151889546894424,0.03380710780620576,0.017533291,1.0,0.3535533905932738,0.06218747950360276,기타,0,-1.057869284792455,-0.8566846264535879,-0.5732816448213731,-0.5997119205130237,-1.0868822
1012,932500.0,1762500.0,0.0,0.0,0.0,,0.7784896519758472,3.8437888622283936,0.03858275754461676,,,18.727528509031504,0.03380710780620576,0.017533291,1.0,0.3535533905932738,0.06218747950360276,기타,0,-1.0265294103240048,-0.8507933044116349,-0.5732816448213731,-0.5997119205130237,-1.0868822
1013,932500.0,1767500.0,0.0,0.0,0.0,,1.0344800739139595,6.899644374847412,3.671080322179918,,,17.436691679018523,0.03380710780620576,0.017533291,1.0,0.3535533905932738,0.06218747950360276,기타,0,-1.0159486353729266,-0.8362511451922272,-0.5732816448213731,-0.5997119205130237,-1.0868822
1014,932500.0,1772500.0,10.0,1.0,5.0,산록하평지,4.77860692515833,4.970510959625244,7.3835960877679225,,,17.531574640109195,0.03380710780620576,0.017533291,1.0,0.3535533905932738,0.06218747950360276,산록,10,-0.8611937687596622,-0.8454314762529707,-0.5732816448213731,-0.5997119205130237,-1.0868822
1015,932500.0,1777500.0,0.0,0.0,0.0,,0.03790744805072152,6.243579387664795,7.707107686024462,,,17.247367994275198,0.0841658413410187,0.0433507,1.0,0.5590169943749475,0.8786460333366863,기타,0,-1.0571396713375971,-0.83937321737872,1.1540474000261172,-0.5586620815144415,-1.0868822
1016,932500.0,1782500.0,0.0,0.0,0.0,,1.7750898419784071,3.539977788925171,0.14255043756489955,,,17.179734321948047,0.07296976000070575,0.037741095,3.5,5.960461251322674,-0.05204332596848791,기타,0,-0.9853372350590717,-0.8522390759745738,0.7700163664770241,0.5204994489293155,-0.8165987
1017,932500.0,1787500.0,0.0,0.0,0.0,,5.752396104268252,26.229433059692383,17.33743784104645,,,17.13041959681389,0.034623841196298626,0.018574638,5.0,1.5662455107677085,-0.09089997335764959,기타,0,-0.8209444341324151,-0.7442648377337288,-0.545267292442378,-0.35742659419845607,-0.6544286
1035,937500.0,1607500.0,0.0,0.0,0.0,,1.137273365203728,20.112356185913086,16.51795395242042,,,15.571286854856858,0.04959968328475954,0.03025681,0.28065205,25.580859387659505,-3.1425397205761705,기타,0,-1.0116999112473002,-0.7733746910918202,-0.03158862749808653,4.440484155517764,-1.1646534
1036,937500.0,1612500.0,0.0,0.0,0.0,,1.3146261363415535,68.31312561035156,35.80385450826842,,,20.543101374996212,0.04959968328475954,0.03025681,0.28065205,25.580859387659505,-3.1425397205761705,기타,0,-1.0043694426143253,-0.543997595030299,-0.03158862749808653,4.440484155517764,-1.1646534
1037,937500.0,1617500.0,0.0,0.0,0.0,,1.0749708956508925,56.21879959106445,49.549534551350774,,,25.525929050487164,0.04959968328475954,0.03025681,0.28065205,25.580859387659505,-3.1425397205761705,기타,0,-1.0142750404425416,-0.6015518916577474,-0.03158862749808653,4.440484155517764,-1.1646534
1038,937500.0,1622500.0,0.0,0.0,0.0,,2.198256886926615,209.26968383789062,35.386409062775286,,,30.51437519723512,0.04959968328475954,0.03025681,0.28065205,25.580859387659505,-3.1425397205761705,기타,0,-0.9678465991383565,0.12678435270904054,-0.03158862749808653,4.440484155517764,-1.1646534
1039,937500.0,1627500.0,0.0,0.0,0.0,,6.242980784623528,5.234899997711182,24.03901932406356,,,35.50607178307354,0.04959968328475954,0.03025681,0.28065205,25.580859387659505,-3.1425397205761705,기타,0,-0.8006672454079841,-0.8441733056778781,-0.03158862749808653,4.440484155517764,-1.1646534
1040,937500.0,1632500.0,0.0,0.0,0.0,,10.959039545310892,57.65593338012695,27.23749772054287,,,40.49981695331355,0.04959968328475954,0.03025681,0.28065205,25.580859387659505,-3.1425397205761705,기타,0,-0.6057398101348102,-0.5947128810128278,-0.03158862749808653,4.440484155517764,-1.1646534
1041,937500.0,1637500.0,0.0,0.0,0.0,,15.850119445423664,97.9100570678711,64.47364667348876,,,45.49493612523307,0.04959968328475954,0.03025681,0.28065205,25.580859387659505,-3.1425397205761705,기타,0,-0.40357827885944597,-0.40315216307718016,-0.03158862749808653,4.440484155517764,-1.1646534
1042,937500.0,1642500.0,0.0,0.0,0.0,,14.349129887019295,271.03533935546875,48.100852428755246,,,50.491021507057766,0.04959968328475954,0.03025681,0.28065205,25.580859387659505,-3.1425397205761705,기타,0,-0.46561822785892226,0.42071382454388556,-0.03158862749808653,4.440484155517764,-1.1646534
1043,937500.0,1647500.0,0.0,0.0,0.0,,13.901735610303122,295.4012451171875,118.32773351419786,,,55.48781210872622,0.04959968328475954,0.03025681,0.28065205,25.580859387659505,-3.1425397205761705,기타,0,-0.48411024064789554,0.5366659301486156,-0.03158862749808653,4.440484155517764,-1.1646534
1044,937500.0,1652500.0,0.0,0.0,0.0,,15.186144258599331,274.8036193847656,16.07137944791424,,,60.48513315187821,0.04959968328475954,0.03025681,0.28065205,25.580859387659505,-3.1425397205761705,기타,0,-0.43102216512557673,0.4386462588304739,-0.03158862749808653,4.440484155517764,-1.1646534
1045,937500.0,1657500.0,2.0,1.0,1.0,산록하사면,17.831985360783833,323.3558044433594,96.54024477757025,,,59.379515971699696,0.0554732516407967,0.027805906,6.5,3.7520827549509086,-0.04180077199854193,산록,2,-0.3216624123403925,0.6696956663226149,0.1698776228647523,0.07928465440872084,-0.49225852
1046,937500.0,1662500.0,28.0,3.0,17.0,구릉사면,21.116850060779498,71.77945709228516,40.24560305635678,,,57.17467365533102,0.0554732516407967,0.027805906,6.5,3.7520827549509086,-0.04180077199854193,구릉,28,-0.18589008979702076,-0.5275020689462395,0.1698776228647523,0.07928465440872084,-0.49225852
1047,937500.0,1667500.0,13.0,4.0,11.0,구릉정상부,24.1783872040682,38.44362258911133,11.476487803185538,,,54.73194750020265,0.04753097668290141,0.02559885,8.25,1.732375827274647,0.10275550636091092,구릉,13,-0.05934849784114654,-0.6861401364383449,-0.10254626975465868,-0.324235203509914,-0.30306005
1048,937500.0,1672500.0,3.0,1.0,2.0,,26.861853527706263,12.52917766571045,0.8851909389018747,,,52.02313873916378,0.04753097668290141,0.02559885,8.25,1.732375827274647,0.10275550636091092,기타,3,0.05156640688163963,-0.8094614068984414,-0.10254626975465868,-0.324235203509914,-0.30306005
1049,937500.0,1677500.0,0.0,0.0,0.0,,30.141730907465185,21.885154724121094,17.026162783618613,,,49.67119740235408,0.04753097668290141,0.02559885,8.25,1.732375827274647,0.10275550636091092,기타,0,0.18713259002091015,-0.764938324090797,-0.10254626975465868,-0.324235203509914,-0.30306005
1050,937500.0,1682500.0,0.0,0.0,0.0,,33.181172652795176,13.694477081298828,5.995415822575168,,,47.72890883409101,0.04753097668290141,0.02559885,8.25,1.732375827274647,0.10275550636091092,기타,0,0.31276091955280133,-0.8039159975785991,-0.10254626975465868,-0.324235203509914,-0.30306005
1051,937500.0,1687500.0,0.0,0.0,0.0,,34.09508353855192,19.677932739257812,1.1450020799866663,,,46.24791482437143,0.04753097668290141,0.02559885,8.25,1.732375827274647,0.10275550636091092,기타,0,0.35053532272898896,-0.7754420188512046,-0.10254626975465868,-0.324235203509914,-0.30306005
1052,937500.0,1692500.0,0.0,0.0,0.0,,34.87252908037539,30.08566665649414,5.593852007119125,,,44.42788140155406,0.09289299696683884,0.04667699,5.0,0.45069390943299864,1.039933453823192,기타,0,0.3826692449768373,-0.7259138513338977,1.453393081167248,-0.5803040906822636,-0.6544286
1053,937500.0,1697500.0,0.0,0.0,0.0,,31.185497402999015,68.62217712402344,52.1786529608546,,,41.92898006468107,0.09289299696683884,0.04667699,5.0,0.45069390943299864,1.039933453823192,기타,0,0.23027427597582056,-0.5425268853386083,1.453393081167248,-0.5803040906822636,-0.6544286
1054,937500.0,1702500.0,11.0,3.0,10.0,산록하사면,26.54496327392242,151.30116271972656,70.10481929135169,,,39.90290832380882,0.09289299696683884,0.04667699,5.0,0.45069390943299864,1.039933453823192,산록,11,0.038468477536894446,-0.14907537309699298,1.453393081167248,-0.5803040906822636,-0.6544286
1055,937500.0,1707500.0,28.0,6.0,30.0,구릉정상부,22.062069308098057,137.65281677246094,19.283133823220055,,,38.42453403923281,0.09289299696683884,0.04667699,5.0,0.45069390943299864,1.039933453823192,구릉,28,-0.1468216275491517,-0.21402491636796728,1.453393081167248,-0.5803040906822636,-0.6544286
1056,937500.0,1712500.0,13.0,4.0,5.0,산록하사면,17.855943803024086,111.1349868774414,15.423120948776507,,,37.55858809335129,0.09289299696683884,0.04667699,5.0,0.45069390943299864,1.039933453823192,산록,13,-0.3206721452686666,-0.3402175661493838,1.453393081167248,-0.5803040906822636,-0.6544286
1057,937500.0,1717500.0,8.0,5.0,4.0,산록하사면,14.175138660280759,163.6559295654297,111.16627529081374,,,37.34769421262708,0.09289299696683884,0.04667699,5.0,0.45069390943299864,1.039933453823192,산록,8,-0.47280975479045545,-0.09028169458472186,1.453393081167248,-0.5803040906822636,-0.6544286
1058,937500.0,1722500.0,0.0,0.0,0.0,,11.53405318956082,111.94955444335938,143.13100253344157,,,36.24185221319467,0.03694566190242767,0.020523673,9.0,2.5,-0.18037748230354797,기타,0,-0.5819729444937249,-0.33634121427684643,-0.4656277133442952,-0.17087057774739148,-0.22197501
1059,937500.0,1727500.0,0.0,0.0,0.0,,10.73006103994987,50.8917236328125,35.781519293390716,,,33.649100857039656,0.03694566190242767,0.020523673,9.0,2.5,-0.18037748230354797,기타,0,-0.6152041096797555,-0.6269023005494248,-0.4656277133442952,-0.17087057774739148,-0.22197501
1060,937500.0,1732500.0,0.0,0.0,0.0,,11.839708639287831,44.169654846191406,12.09462901412315,,,31.639407787305544,0.03694566190242767,0.020523673,9.0,2.5,-0.18037748230354797,기타,0,-0.5693393799187426,-0.6588911803165428,-0.4656277133442952,-0.17087057774739148,-0.22197501
1061,937500.0,1737500.0,0.0,0.0,0.0,,13.486148352728327,19.630910873413086,7.499552560713629,,,30.328901427113944,0.03694566190242767,0.020523673,9.0,2.5,-0.18037748230354797,기타,0,-0.5012875835017534,-0.7756657857986547,-0.4656277133442952,-0.17087057774739148,-0.22197501
1062,937500.0,1742500.0,0.0,0.0,0.0,,9.586152534882919,10.55270004272461,5.977643731171693,,,29.80993791371894,0.03694566190242767,0.020523673,9.0,2.5,-0.18037748230354797,기타,0,-0.6624849351305757,-0.8188670388625073,-0.4656277133442952,-0.17087057774739148,-0.22197501
1063,937500.0,1747500.0,0.0,0.0,0.0,,4.9098642867581255,3.594644546508789,1.534164954960266,,,29.757429108192998,0.05536314547061921,0.031211248,8.5,1.0606601717798212,0.3265164930878433,기타,0,-0.855768547795358,-0.8519789286313807,0.16610092769363527,-0.45843814263576393,-0.2760317
1064,937500.0,1752500.0,0.0,0.0,0.0,,2.007963504430778,4.911755561828613,0.7687063155712136,,,28.144238217446375,0.03380710780620576,0.017533291,1.0,0.3535533905932738,0.06218747950360276,기타,0,-0.9757119381601215,-0.8457110805556708,-0.5732816448213731,-0.5997119205130237,-1.0868822
1065,937500.0,1757500.0,3.0,1.0,4.0,평지,2.747000772296676,5.163633346557617,1.7698485565629238,,,25.405039608174896,0.03380710780620576,0.017533291,1.0,0.3535533905932738,0.06218747950360276,평지,3,-0.9451655335230009,-0.8445124483447448,-0.5732816448213731,-0.5997119205130237,-1.0868822
1066,937500.0,1762500.0,0.0,0.0,0.0,,1.015570809004403,5.877788543701172,2.9986784447313686,,,23.42507054728974,0.03380710780620576,0.017533291,1.0,0.3535533905932738,0.06218747950360276,기타,0,-1.0167302063199313,-0.8411139373414127,-0.5732816448213731,-0.5997119205130237,-1.0868822
1067,937500.0,1767500.0,13.0,1.0,8.0,,0.799246310120818,2.884079933166504,2.1565629405933597,,,22.406512954899238,0.03380710780620576,0.017533291,1.0,0.3535533905932738,0.06218747950360276,기타,13,-1.0256714816292292,-0.8553603528185617,-0.5732816448213731,-0.5997119205130237,-1.0868822
1068,937500.0,1772500.0,0.0,0.0,0.0,,3.948025895836516,21.043800354003906,10.44659255247126,,,22.48042961001042,0.03380710780620576,0.017533291,1.0,0.3535533905932738,0.06218747950360276,기타,0,-0.8955239240965429,-0.7689421486039862,-0.5732816448213731,-0.5997119205130237,-1.0868822
1069,937500.0,1777500.0,0.0,0.0,0.0,,2.7674488430012354,43.54612350463867,25.67176099787411,,,22.240287644477036,0.0841658413410187,0.0433507,1.0,0.5590169943749475,0.8786460333366863,기타,0,-0.9443203595798875,-0.6618584318798797,1.1540474000261172,-0.5586620815144415,-1.0868822
1070,937500.0,1782500.0,0.0,0.0,0.0,,0.8994801219046673,4.319544315338135,2.5208006558422733,,,22.17822997895848,0.07296976000070575,0.037741095,3.5,5.960461251322674,-0.05204332596848791,기타,0,-1.0215285476985603,-0.8485292865220281,0.7700163664770241,0.5204994489293155,-0.8165987
1071,937500.0,1787500.0,0.0,0.0,0.0,,3.8903036048001938,52.27093505859375,14.090370086912053,,,22.130372733158065,0.034623841196298626,0.018574638,5.0,1.5662455107677085,-0.09089997335764959,기타,0,-0.8979097421536872,-0.6203389299750917,-0.545267292442378,-0.35742659419845607,-0.6544286
1089,942500.0,1607500.0,0.0,0.0,0.0,,2.30003323202957,36.52867889404297,81.73462602356156,,,16.924144831486878,0.04959968328475954,0.03025681,0.28065205,25.580859387659505,-3.1425397205761705,기타,0,-0.9636399081429489,-0.6952529416723916,-0.03158862749808653,4.440484155517764,-1.1646534
1090,942500.0,1612500.0,0.0,0.0,0.0,,5.866599250587306,57.625423431396484,31.81523817738936,,,21.58658653109095,0.04959968328475954,0.03025681,0.28065205,25.580859387659505,-3.1425397205761705,기타,0,-0.8162241099079443,-0.5948580712976375,-0.03158862749808653,4.440484155517764,-1.1646534
1091,942500.0,1617500.0,0.0,0.0,0.0,,6.01280867729798,147.99234008789062,116.14506792494049,,,26.37299296347327,0.04959968328475954,0.03025681,0.28065205,25.580859387659505,-3.1425397205761705,기타,0,-0.8101808797431618,-0.16482134843589205,-0.03158862749808653,4.440484155517764,-1.1646534
1092,942500.0,1622500.0,0.0,0.0,0.0,,6.73894827223319,447.1498718261719,69.85910145564888,,,31.226411859810977,0.04959968328475954,0.03025681,0.28065205,25.580859387659505,-3.1425397205761705,기타,0,-0.7801675707337565,1.2588050109447548,-0.03158862749808653,4.440484155517764,-1.1646534
1093,942500.0,1627500.0,0.0,0.0,0.0,,9.261810893963954,58.6423454284668,61.7301030814435,,,36.119839941861265,0.04959968328475954,0.03025681,0.28065205,25.580859387659505,-3.1425397205761705,기타,0,-0.6758908504138306,-0.5900187582037929,-0.03158862749808653,4.440484155517764,-1.1646534
1094,942500.0,1632500.0,0.0,0.0,0.0,,13.131597108098429,73.61972045898438,61.9658989142477,,,41.03896778931958,0.04959968328475954,0.03025681,0.28065205,25.580859387659505,-3.1425397205761705,기타,0,-0.5159421432296192,-0.5187446513348135,-0.03158862749808653,4.440484155517764,-1.1646534
1095,942500.0,1637500.0,0.0,0.0,0.0,,17.423104811942345,136.98855590820312,75.22248992779762,,,45.975546946175015,0.04959968328475954,0.03025681,0.28065205,25.580859387659505,-3.1425397205761705,기타,0,-0.33856254882366704,-0.21718599097092833,-0.03158862749808653,4.440484155517764,-1.1646534
1096,942500.0,1642500.0,0.0,0.0,0.0,,19.218851876212906,95.09317779541016,54.74167152824309,,,50.92450251879812,0.04959968328475954,0.03025681,0.28065205,25.580859387659505,-3.1425397205761705,기타,0,-0.26433947667802365,-0.4165570857617833,-0.03158862749808653,4.440484155517764,-1.1646534
1097,942500.0,1647500.0,0.0,0.0,0.0,,18.887164739685833,272.15692138671875,77.81905007963152,,,55.51855333734761,0.05021472871303559,0.030100383,12.0,3.023346655611956,-0.029780636724632537,기타,0,-0.27804900111721914,0.42605119223313387,-0.010492270270844992,-0.06631047290203179,0.102365196
1098,942500.0,1652500.0,0.0,0.0,0.0,,19.85159228798162,367.2545166015625,48.6553292614893,,,59.791002516465426,0.05021472871303559,0.030100383,12.0,3.023346655611956,-0.029780636724632537,기타,0,-0.2381866079546935,0.8786001970163495,-0.010492270270844992,-0.06631047290203179,0.102365196
1099,942500.0,1657500.0,3.0,2.0,0.0,평지추정,21.94188781377917,77.74116516113281,17.126339088919774,,,63.823941521164095,0.0554732516407967,0.027805906,6.5,3.7520827549509086,-0.04180077199854193,평지,3,-0.15178905302954657,-0.49913158231858246,0.1698776228647523,0.07928465440872084,-0.49225852
1100,942500.0,1662500.0,14.0,3.0,1.0,산록하평지,24.87577699545306,86.58354187011719,43.00113999252761,,,61.70841280026619,0.04753097668290141,0.02559885,8.25,1.732375827274647,0.10275550636091092,산록,14,-0.030523495796318172,-0.4570526131235281,-0.10254626975465868,-0.324235203509914,-0.30306005
1101,942500.0,1667500.0,10.0,3.0,8.0,평지,28.187076317917214,35.012943267822266,19.899384740233533,,,58.896087284618496,0.04753097668290141,0.02559885,8.25,1.732375827274647,0.10275550636091092,평지,10,0.10634144102979974,-0.702466001556934,-0.10254626975465868,-0.324235203509914,-0.30306005
1102,942500.0,1672500.0,6.0,1.0,0.0,평지,30.99768495219719,78.11105346679688,38.99993462776758,,,56.38767582146603,0.04753097668290141,0.02559885,8.25,1.732375827274647,0.10275550636091092,평지,6,0.22251148055597872,-0.4973713634168211,-0.10254626975465868,-0.324235203509914,-0.30306005
1103,942500.0,1677500.0,0.0,0.0,0.0,,33.8795106155589,54.11579895019531,15.815310205906092,,,54.22537110667006,0.04753097668290141,0.02559885,8.25,1.732375827274647,0.10275550636091092,기타,0,0.341625112079441,-0.6115596194550034,-0.10254626975465868,-0.324235203509914,-0.30306005
1104,942500.0,1682500.0,0.0,0.0,0.0,,37.212712971562084,55.56135559082031,4.74087008775803,,,52.451994802537605,0.04753097668290141,0.02559885,8.25,1.732375827274647,0.10275550636091092,기타,0,0.4793953603889644,-0.6046805262708416,-0.10254626975465868,-0.324235203509914,-0.30306005
1105,942500.0,1687500.0,0.0,0.0,0.0,,38.95220807173326,48.52753448486328,17.294278896600918,,,51.10804873867497,0.04753097668290141,0.02559885,8.25,1.732375827274647,0.10275550636091092,기타,0,0.5512933870575719,-0.6381529682829943,-0.10254626975465868,-0.324235203509914,-0.30306005
1106,942500.0,1692500.0,0.0,0.0,0.0,,37.716056059912304,20.85552215576172,2.287529135031576,,,48.705237809595125,0.09289299696683884,0.04667699,5.0,0.45069390943299864,1.039933453823192,기타,0,0.500199888545498,-0.7698381240599836,1.453393081167248,-0.5803040906822636,-0.6544286
1107,942500.0,1697500.0,10.0,5.0,8.0,평지,33.23553387048085,53.870933532714844,22.473999989484632,,,46.437085540794705,0.09289299696683884,0.04667699,5.0,0.45069390943299864,1.039933453823192,평지,10,0.31500781537821526,-0.612724881318211,1.453393081167248,-0.5803040906822636,-0.6544286
1108,942500.0,1702500.0,2.0,2.0,1.0,산록하평지,28.9257763698282,324.722412109375,86.65986850244141,,,44.61620374882821,0.09289299696683884,0.04667699,5.0,0.45069390943299864,1.039933453823192,산록,2,0.13687390762149715,0.6761990583146761,1.453393081167248,-0.5803040906822636,-0.6544286
1109,942500.0,1707500.0,27.0,6.0,9.0,산록하사면,24.875698292485048,272.21038818359375,90.89374140620873,,,43.29905726907714,0.09289299696683884,0.04667699,5.0,0.45069390943299864,1.039933453823192,산록,27,-0.030526748802372865,0.42630562922136755,1.453393081167248,-0.5803040906822636,-0.6544286
1110,942500.0,1712500.0,26.0,9.0,24.0,산록하사면,21.23441057529442,98.74967956542969,8.557160853344655,,,42.53247093485977,0.09289299696683884,0.04667699,5.0,0.45069390943299864,1.039933453823192,산록,26,-0.1810309964848653,-0.3991565801730561,1.453393081167248,-0.5803040906822636,-0.6544286
1111,942500.0,1717500.0,12.0,1.0,3.0,,18.248288123043416,572.0305786132812,71.21462990230464,,,42.346355300764195,0.09289299696683884,0.04667699,5.0,0.45069390943299864,1.039933453823192,기타,12,-0.3044554957470609,1.8530854388089237,1.453393081167248,-0.5803040906822636,-0.6544286
1112,942500.0,1722500.0,0.0,0.0,0.0,,16.28188706394438,191.62767028808594,76.15703432312526,,,40.45375808887796,0.03694566190242767,0.020523673,9.0,2.5,-0.18037748230354797,기타,0,-0.3857321580235845,0.04282980416026802,-0.4656277133442952,-0.17087057774739148,-0.22197501
1113,942500.0,1727500.0,0.0,0.0,0.0,,15.722584816259424,116.38404846191406,40.666150797871545,,,38.14835094938761,0.03694566190242767,0.020523673,9.0,2.5,-0.18037748230354797,기타,0,-0.40884962924607204,-0.31523841088544374,-0.4656277133442952,-0.17087057774739148,-0.22197501
1114,942500.0,1732500.0,0.0,0.0,0.0,,16.65955808906995,45.88728713989258,30.44528064330608,,,36.38800374851342,0.03694566190242767,0.020523673,9.0,2.5,-0.18037748230354797,기타,0,-0.370121995377098,-0.650717337609565,-0.4656277133442952,-0.17087057774739148,-0.22197501
1115,942500.0,1737500.0,0.0,0.0,0.0,,16.086112912083557,9.653666496276855,3.2676126595542745,,,35.254460050410785,0.03694566190242767,0.020523673,9.0,2.5,-0.18037748230354797,기타,0,-0.3938240320335363,-0.8231453461718824,-0.4656277133442952,-0.17087057774739148,-0.22197501
1116,942500.0,1742500.0,2.0,2.0,1.0,구릉정상,11.87330937492332,4.897799968719482,0.2745854263811463,,,34.80900874903211,0.03694566190242767,0.020523673,9.0,2.5,-0.18037748230354797,구릉,2,-0.5679505708404259,-0.8457774922221113,-0.4656277133442952,-0.17087057774739148,-0.22197501
1117,942500.0,1747500.0,0.0,0.0,0.0,,8.554994003795834,12.285322189331055,4.142001196837303,,,34.757421067368355,0.05536314547061921,0.031211248,8.5,1.0606601717798212,0.3265164930878433,기타,0,-0.7051054998912156,-0.8106218626691379,0.16610092769363527,-0.45843814263576393,-0.2760317
1118,942500.0,1752500.0,0.0,0.0,0.0,,6.8592198933798105,6.233855247497559,3.717882489262957,,,32.25076357125956,0.03380710780620576,0.017533291,1.0,0.3535533905932738,0.06218747950360276,기타,0,-0.7751964200683565,-0.8394194924705887,-0.5732816448213731,-0.5997119205130237,-1.0868822
1119,942500.0,1757500.0,0.0,0.0,0.0,,6.946334628160859,6.6262664794921875,2.123715408177788,,,29.89029346764345,0.03380710780620576,0.017533291,1.0,0.3535533905932738,0.06218747950360276,기타,0,-0.7715957329931815,-0.8375520918060005,-0.5732816448213731,-0.5997119205130237,-1.0868822
1120,942500.0,1762500.0,0.0,0.0,0.0,,4.528369267355621,16.101543426513672,5.55198749186908,,,28.226716710138547,0.03380710780620576,0.017533291,1.0,0.3535533905932738,0.06218747950360276,기타,0,-0.8715367664446908,-0.7924612864840317,-0.5732816448213731,-0.5997119205130237,-1.0868822
1121,942500.0,1767500.0,0.0,0.0,0.0,,2.499068058625479,3.84497332572937,1.599965657815918,,,27.387322411783536,0.03380710780620576,0.017533291,1.0,0.3535533905932738,0.06218747950360276,기타,0,-0.9554132616469823,-0.850787667804554,-0.5732816448213731,-0.5997119205130237,-1.0868822
1122,942500.0,1772500.0,0.0,0.0,0.0,,5.711880649970592,4.307255268096924,9.077678394400372,,,27.447829086096167,0.03380710780620576,0.017533291,1.0,0.3535533905932738,0.06218747950360276,기타,0,-0.8226190471930078,-0.8485877674550756,-0.5732816448213731,-0.5997119205130237,-1.0868822
1123,942500.0,1777500.0,0.0,0.0,0.0,,4.909458450704104,24.059688568115234,21.275250877336735,,,27.235805225625462,0.0841658413410187,0.0433507,1.0,0.5590169943749475,0.8786460333366863,기타,0,-0.8557853220946545,-0.7545901851631645,1.1540474000261172,-0.5586620815144415,-1.0868822
1124,942500.0,1782500.0,0.0,0.0,0.0,,0.5117972252661703,23.340534210205078,39.73800741101863,,,27.17727908798865,0.07296976000070575,0.037741095,3.5,5.960461251322674,-0.05204332596848791,기타,0,-1.0375525280125806,-0.7580124860975097,0.7700163664770241,0.5204994489293155,-0.8165987
1126,942500.0,1792500.0,0.0,0.0,0.0,,7.357935234308716,12.181255340576172,2.5262641533332273,,,27.6025092111494,0.034623841196298626,0.018574638,5.0,1.5662455107677085,-0.09089997335764959,기타,0,-0.754583169201124,-0.8111170944226702,-0.545267292442378,-0.35742659419845607,-0.6544286
1127,942500.0,1797500.0,0.0,0.0,0.0,,12.339079861835222,38.637657165527344,13.038849454542442,,,28.943764621228333,0.034623841196298626,0.018574638,5.0,1.5662455107677085,-0.09089997335764959,기타,0,-0.5486990196942647,-0.6852167676165338,-0.545267292442378,-0.35742659419845607,-0.6544286
1128,942500.0,1802500.0,0.0,0.0,0.0,,17.33108688920615,60.38261032104492,28.11624461416294,,,31.04165759341066,0.034623841196298626,0.018574638,5.0,1.5662455107677085,-0.09089997335764959,기타,0,-0.3423658978887064,-0.5817372118259253,-0.545267292442378,-0.35742659419845607,-0.6544286
1143,947500.0,1607500.0,0.0,0.0,0.0,,1.102060397197647,44.189579010009766,19.948758641709396,,,19.503547939748042,0.04959968328475954,0.03025681,0.28065205,25.580859387659505,-3.1425397205761705,기타,0,-1.0131553582402426,-0.6587963655056449,-0.03158862749808653,4.440484155517764,-1.1646534
1144,947500.0,1612500.0,0.0,0.0,0.0,,1.4292790523200867,4.800727844238281,74.14399078398287,,,23.663102544366055,0.04959968328475954,0.03025681,0.28065205,25.580859387659505,-3.1425397205761705,기타,0,-0.9996305281960857,-0.8462394375870483,-0.03158862749808653,4.440484155517764,-1.1646534
1145,947500.0,1617500.0,4.0,1.0,4.0,구릉정상부,5.018652790774316,97.15043640136719,88.10837761043548,,,28.097979674921763,0.04959968328475954,0.03025681,0.28065205,25.580859387659505,-3.1425397205761705,구릉,4,-0.8512720253491469,-0.40676703447179824,-0.03158862749808653,4.440484155517764,-1.1646534
1146,947500.0,1622500.0,0.0,0.0,0.0,,6.786198280692431,88.28983306884766,36.54905348014854,,,32.69633773986698,0.04959968328475954,0.03025681,0.28065205,25.580859387659505,-3.1425397205761705,기타,0,-0.7782146003758866,-0.4489327402486007,-0.03158862749808653,4.440484155517764,-1.1646534
1147,947500.0,1627500.0,0.0,0.0,0.0,,8.221919638809302,80.52167510986328,67.4000588770832,,,36.57152448121815,0.05021472871303559,0.030100383,12.0,3.023346655611956,-0.029780636724632537,기타,0,-0.7188723622261969,-0.4858997334243489,-0.010492270270844992,-0.06631047290203179,0.102365196
1148,947500.0,1632500.0,0.0,0.0,0.0,,11.133059309115081,53.794532775878906,13.678886185553445,,,40.37487610052075,0.05021472871303559,0.030100383,12.0,3.023346655611956,-0.029780636724632537,기타,0,-0.5985471036893438,-0.613088456089925,-0.010492270270844992,-0.06631047290203179,0.102365196
1149,947500.0,1637500.0,0.0,0.0,0.0,,15.175310758383496,73.96308898925781,8.508541358190001,,,44.416042567798236,0.05021472871303559,0.030100383,12.0,3.023346655611956,-0.029780636724632537,기타,0,-0.431469942924638,-0.5171106343410288,-0.010492270270844992,-0.06631047290203179,0.102365196
1150,947500.0,1642500.0,0.0,0.0,0.0,,19.621686431157872,290.341552734375,77.69787088271376,,,48.63577957262048,0.05021472871303559,0.030100383,12.0,3.023346655611956,-0.029780636724632537,기타,0,-0.2476892374381317,0.5125879421913176,-0.010492270270844992,-0.06631047290203179,0.102365196
1151,947500.0,1647500.0,0.0,0.0,0.0,,23.87868779538134,239.46658325195312,66.77485473227631,,,52.991445270803766,0.05021472871303559,0.030100383,12.0,3.023346655611956,-0.029780636724632537,기타,0,-0.07173588316704571,0.27048490314356716,-0.010492270270844992,-0.06631047290203179,0.102365196
1152,947500.0,1652500.0,21.0,3.0,15.0,산록하평지,24.648579173930354,339.108642578125,128.35305546488397,,,57.31217636343078,0.0542228952050209,0.031844318,25.0,3.905124837953327,-0.08382284723490253,산록,21,-0.03991419487289589,0.7446600353405027,0.1269897891896963,0.10986113000647478,1.5078394
1153,947500.0,1657500.0,20.0,2.0,19.0,산록하사면,26.361205961748652,127.40889739990234,63.083265404001416,,,61.507538796689516,0.0542228952050209,0.031844318,25.0,3.905124837953327,-0.08382284723490253,산록,20,0.03087329193969382,-0.2627735256956539,0.1269897891896963,0.10986113000647478,1.5078394
1154,947500.0,1662500.0,0.0,0.0,0.0,,28.849157773182082,136.79710388183594,29.340369761318023,,,65.81102666423398,0.04753097668290141,0.02559885,8.25,1.732375827274647,0.10275550636091092,기타,0,0.13370705426017884,-0.21809706999243736,-0.10254626975465868,-0.324235203509914,-0.30306005
1155,947500.0,1667500.0,25.0,9.0,20.0,평지,31.92619934271742,31.9063777923584,7.528726345565259,,,63.18158052557613,0.04753097668290141,0.02559885,8.25,1.732375827274647,0.10275550636091092,평지,25,0.2608894859928667,-0.7172494785842861,-0.10254626975465868,-0.324235203509914,-0.30306005
1156,947500.0,1672500.0,5.0,3.0,5.0,산록하사면,35.2576401112544,203.3455810546875,36.482876744091904,,,60.85008631726996,0.04753097668290141,0.02559885,8.25,1.732375827274647,0.10275550636091092,산록,5,0.39858692313861527,0.09859282154870701,-0.10254626975465868,-0.324235203509914,-0.30306005
1157,947500.0,1677500.0,0.0,0.0,0.0,,37.909346301426716,236.47364807128906,50.76195307766721,,,58.85196591388048,0.04753097668290141,0.02559885,8.25,1.732375827274647,0.10275550636091092,기타,0,0.5081890958377848,0.2562421682528453,-0.10254626975465868,-0.324235203509914,-0.30306005
1158,947500.0,1682500.0,0.0,0.0,0.0,,40.91556310446664,52.464385986328125,17.18423676084901,,,57.22215286965262,0.04753097668290141,0.02559885,8.25,1.732375827274647,0.10275550636091092,기타,0,0.6324441488444366,-0.6194183386118421,-0.10254626975465868,-0.324235203509914,-0.30306005
1159,947500.0,1687500.0,0.0,0.0,0.0,,43.84146787946737,46.9910888671875,9.423884538932707,,,55.55502687348831,0.09289299696683884,0.04667699,5.0,0.45069390943299864,1.039933453823192,기타,0,0.7533796890032489,-0.6454645825631646,1.453393081167248,-0.5803040906822636,-0.6544286
1160,947500.0,1692500.0,0.0,0.0,0.0,,40.05703868358056,115.37567138671875,41.728392715383144,,,53.10897979012472,0.09289299696683884,0.04667699,5.0,0.45069390943299864,1.039933453823192,기타,0,0.5969590177265367,-0.32003706053368025,1.453393081167248,-0.5803040906822636,-0.6544286
1161,947500.0,1697500.0,1.0,1.0,1.0,구릉정상부,35.870129286626515,29.638233184814453,3.5715159565870853,,,51.03691269837691,0.09289299696683884,0.04667699,5.0,0.45069390943299864,1.039933453823192,구릉,1,0.42390275361195434,-0.7280430910045528,1.453393081167248,-0.5803040906822636,-0.6544286
1162,947500.0,1702500.0,23.0,7.0,15.0,산록하사면,31.9181140103975,180.00814819335938,149.34901521092345,,,49.38592088050616,0.09289299696683884,0.04667699,5.0,0.45069390943299864,1.039933453823192,산록,23,0.26055529738911315,-0.012465002697311784,1.453393081167248,-0.5803040906822636,-0.6544286
1163,947500.0,1707500.0,9.0,2.0,3.0,산록하사면,28.29957294593268,200.0566864013672,43.79497866426471,,,48.1992936115197,0.09289299696683884,0.04667699,5.0,0.45069390943299864,1.039933453823192,산록,9,0.1109912302475955,0.08294167917402974,1.453393081167248,-0.5803040906822636,-0.6544286
1164,947500.0,1712500.0,38.0,7.0,37.0,산록하사면,25.15880871312465,383.8523254394531,78.42623659218567,,,47.51183671553177,0.09289299696683884,0.04667699,5.0,0.45069390943299864,1.039933453823192,산록,38,-0.0188250311192913,0.9575855998985143,1.453393081167248,-0.5803040906822636,-0.6544286
1165,947500.0,1717500.0,6.0,4.0,3.0,산록하평지,22.695054148537054,297.7986755371094,19.368222349479762,,,47.336572526321454,0.03694566190242767,0.020523673,9.0,2.5,-0.18037748230354797,산록,6,-0.12065865592926685,0.5480747859469304,-0.4656277133442952,-0.17087057774739148,-0.22197501
1166,947500.0,1722500.0,0.0,0.0,0.0,,21.14628359183856,203.90631103515625,58.20076939699795,,,44.827906879352234,0.03694566190242767,0.020523673,9.0,2.5,-0.18037748230354797,기타,0,-0.18467352252941102,0.10126121494014825,-0.4656277133442952,-0.17087057774739148,-0.22197501
1167,947500.0,1727500.0,0.0,0.0,0.0,,20.718714648546435,284.13604736328125,53.187412796606814,,,42.75899170733636,0.03694566190242767,0.020523673,9.0,2.5,-0.18037748230354797,기타,0,-0.2023461007875852,0.4830572766311539,-0.4656277133442952,-0.17087057774739148,-0.22197501
1168,947500.0,1732500.0,0.0,0.0,0.0,,21.479407897549798,61.840877532958984,9.50861220691436,,,41.196134630232514,0.03694566190242767,0.020523673,9.0,2.5,-0.18037748230354797,기타,0,-0.17090459600950822,-0.5747976317664214,-0.4656277133442952,-0.17087057774739148,-0.22197501
1169,947500.0,1737500.0,0.0,0.0,0.0,,18.916769906908026,28.410511016845703,10.80768741696982,,,40.198403514523136,0.03694566190242767,0.020523673,9.0,2.5,-0.18037748230354797,기타,0,-0.2768253396638121,-0.7338855567788904,-0.4656277133442952,-0.17087057774739148,-0.22197501
1170,947500.0,1742500.0,0.0,0.0,0.0,,15.493761021883673,10.367988586425781,4.402188831544902,,,39.80831297305388,0.03694566190242767,0.020523673,9.0,2.5,-0.18037748230354797,기타,0,-0.41830753416849503,-0.8197460409606281,-0.4656277133442952,-0.17087057774739148,-0.22197501
1171,947500.0,1747500.0,0.0,0.0,0.0,,13.093742028662035,12.270466804504395,5.1635103157432685,,,39.1766188480531,0.03380710780620576,0.017533291,1.0,0.3535533905932738,0.06218747950360276,기타,0,-0.5175067958179433,-0.8106925562508609,-0.5732816448213731,-0.5997119205130237,-1.0868822
1172,947500.0,1752500.0,0.0,0.0,0.0,,11.79541224566836,12.642822265625,7.632131509176727,,,36.580395801825276,0.03380710780620576,0.017533291,1.0,0.3535533905932738,0.06218747950360276,기타,0,-0.571170269404699,-0.8089205966868463,-0.5732816448213731,-0.5997119205130237,-1.0868822
1173,947500.0,1757500.0,0.0,0.0,0.0,,11.568659472996686,12.62540054321289,6.915445119775888,,,34.517289141396404,0.03380710780620576,0.017533291,1.0,0.3535533905932738,0.06218747950360276,기타,0,-0.5805425734112606,-0.8090035029172447,-0.5732816448213731,-0.5997119205130237,-1.0868822
1174,947500.0,1762500.0,0.0,0.0,0.0,,8.31660357222425,19.950611114501953,5.041919842528143,,,33.08717489184183,0.03380710780620576,0.017533291,1.0,0.3535533905932738,0.06218747950360276,기타,0,-0.7149588197453433,-0.7741444011032073,-0.5732816448213731,-0.5997119205130237,-1.0868822
1175,947500.0,1767500.0,0.0,0.0,0.0,,7.358904227923462,3.538100004196167,0.6453336016995278,,,32.374048788742726,0.03380710780620576,0.017533291,1.0,0.3535533905932738,0.06218747950360276,기타,0,-0.7545431180801132,-0.8522480119482795,-0.5732816448213731,-0.5997119205130237,-1.0868822
1176,947500.0,1772500.0,0.0,0.0,0.0,,9.327938677922976,8.960577964782715,1.6150200726655382,,,32.42525138882443,0.03380710780620576,0.017533291,1.0,0.3535533905932738,0.06218747950360276,기타,0,-0.6731576106512387,-0.826443605443799,-0.5732816448213731,-0.5997119205130237,-1.0868822
1177,947500.0,1777500.0,0.0,0.0,0.0,,7.479130118986276,5.203400135040283,0.8708854105518548,,,32.232712856154954,0.0841658413410187,0.0433507,1.0,0.5590169943749475,0.8786460333366863,기타,0,-0.7495738575624832,-0.8443232067502482,1.1540474000261172,-0.5586620815144415,-1.0868822
1179,947500.0,1787500.0,0.0,0.0,0.0,,4.7707963750078415,64.20145416259766,34.5649778610456,,,32.13032276214646,0.034623841196298626,0.018574638,5.0,1.5662455107677085,-0.09089997335764959,기타,0,-0.8615165998748295,-0.5635641552306158,-0.545267292442378,-0.35742659419845607,-0.6544286
1180,947500.0,1792500.0,0.0,0.0,0.0,,8.418680358361033,35.683311462402344,17.52465315703571,,,32.52999594984894,0.034623841196298626,0.018574638,5.0,1.5662455107677085,-0.09089997335764959,기타,0,-0.7107397107112415,-0.6992758634823575,-0.545267292442378,-0.35742659419845607,-0.6544286
1181,947500.0,1797500.0,0.0,0.0,0.0,,12.99953306471889,58.873634338378906,22.301660635662014,,,33.675564318874734,0.034623841196298626,0.018574638,5.0,1.5662455107677085,-0.09089997335764959,기타,0,-0.521400706528781,-0.58891810402046,-0.545267292442378,-0.35742659419845607,-0.6544286
1182,947500.0,1802500.0,0.0,0.0,0.0,,17.807345136914307,66.63409423828125,23.76930124277667,,,35.49488171401829,0.034623841196298626,0.018574638,5.0,1.5662455107677085,-0.09089997335764959,기타,0,-0.3226808592867031,-0.5519877442524069,-0.545267292442378,-0.35742659419845607,-0.6544286
1183,947500.0,1807500.0,0.0,0.0,0.0,,22.698352842214156,7.711955547332764,2.406607111328482,,,37.89102299476264,0.034623841196298626,0.018574638,5.0,1.5662455107677085,-0.09089997335764959,기타,0,-0.12052231201778095,-0.8323855310107957,-0.545267292442378,-0.35742659419845607,-0.6544286
1198,952500.0,1612500.0,0.0,0.0,0.0,,2.0515823591260967,-1.0,4.880852434192667,,,23.136491919494357,0.05021472871303559,0.030100383,12.0,3.023346655611956,-0.029780636724632537,기타,0,-0.9739090531862978,-0.8738438539447668,-0.010492270270844992,-0.06631047290203179,0.102365196
1199,952500.0,1617500.0,17.0,5.0,12.0,산록하사면,0.5172142515903159,14.541177749633789,33.36856530559757,,,26.037501331596523,0.05021472871303559,0.030100383,12.0,3.023346655611956,-0.029780636724632537,산록,17,-1.0373286276962879,-0.7998867311819189,-0.010492270270844992,-0.06631047290203179,0.102365196
1200,952500.0,1622500.0,0.0,0.0,0.0,,2.4687536251374196,80.42713165283203,74.94058501848802,,,29.50602807639405,0.05021472871303559,0.030100383,12.0,3.023346655611956,-0.029780636724632537,기타,0,-0.956666238989174,-0.4863496454046844,-0.010492270270844992,-0.06631047290203179,0.102365196
1201,952500.0,1627500.0,0.0,0.0,0.0,,4.073106697163661,10.795766830444336,20.501551574592305,,,33.365549749659706,0.05021472871303559,0.030100383,12.0,3.023346655611956,-0.029780636724632537,기타,0,-0.8903539970362915,-0.8177103362915337,-0.010492270270844992,-0.06631047290203179,0.102365196
1202,952500.0,1632500.0,0.0,0.0,0.0,,8.450874022151625,529.9102172851562,69.526386226928,,,37.49552143055328,0.05021472871303559,0.030100383,12.0,3.023346655611956,-0.029780636724632537,기타,0,-0.70940905970938,1.6526436972791958,-0.010492270270844992,-0.06631047290203179,0.102365196
1203,952500.0,1637500.0,0.0,0.0,0.0,,12.809382709822762,294.75177001953125,118.92811103474881,,,41.81588627066444,0.05021472871303559,0.030100383,12.0,3.023346655611956,-0.029780636724632537,기타,0,-0.5292601338338775,0.5335752178292158,-0.010492270270844992,-0.06631047290203179,0.102365196
1204,952500.0,1642500.0,0.0,0.0,0.0,,16.982923570032707,154.53646850585938,4.029563231704531,,,46.25783194289569,0.0542228952050209,0.031844318,25.0,3.905124837953327,-0.08382284723490253,기타,0,-0.35675642741908564,-0.1336792486169152,0.1269897891896963,0.10986113000647478,1.5078394
1205,952500.0,1647500.0,0.0,0.0,0.0,,20.493023970415283,179.0224609375,13.133752665298033,,,50.38133369979851,0.0542228952050209,0.031844318,25.0,3.905124837953327,-0.08382284723490253,기타,0,-0.21167450556063275,-0.0171556763747996,0.1269897891896963,0.10986113000647478,1.5078394
1206,952500.0,1652500.0,9.0,1.0,0.0,평지,24.357887772499197,163.6206512451172,80.25352008668476,,,54.651354554884776,0.0542228952050209,0.031844318,25.0,3.905124837953327,-0.08382284723490253,평지,9,-0.051929254950027204,-0.09044957652444681,0.1269897891896963,0.10986113000647478,1.5078394
1207,952500.0,1657500.0,34.0,5.0,28.0,산록하평지,28.571834946279875,90.16346740722656,39.23542279681111,,,59.03611033932534,0.0542228952050209,0.031844318,25.0,3.905124837953327,-0.08382284723490253,산록,34,0.12224455344458793,-0.44001651735941577,0.1269897891896963,0.10986113000647478,1.5078394
1208,952500.0,1662500.0,2.0,1.0,0.0,산록하사면,32.312352971266435,65.05133056640625,37.041472893593685,,,63.511842150186986,0.0542228952050209,0.031844318,25.0,3.905124837953327,-0.08382284723490253,산록,2,0.27685025752988596,-0.5595197761917619,0.1269897891896963,0.10986113000647478,1.5078394
1209,952500.0,1667500.0,41.0,10.0,20.0,평지,35.7827366336893,198.86317443847656,21.17671028115216,,,67.5653397681261,0.04753097668290141,0.02559885,8.25,1.732375827274647,0.10275550636091092,평지,41,0.4202905794293986,0.07726201240871593,-0.10254626975465868,-0.324235203509914,-0.30306005
1210,952500.0,1672500.0,124.0,20.0,120.0,평지,38.97662168998179,51.48813247680664,13.37113258830001,,,65.39033586923733,0.04753097668290141,0.02559885,8.25,1.732375827274647,0.10275550636091092,평지,124,0.5523024677820518,-0.6240641191192456,-0.10254626975465868,-0.324235203509914,-0.30306005
1211,952500.0,1677500.0,8.0,2.0,8.0,산록하평지,42.14754838010417,315.24945068359375,92.16798980248507,,,63.53516280140478,0.04753097668290141,0.02559885,8.25,1.732375827274647,0.10275550636091092,산록,8,0.68336542490575,0.631119272060334,-0.10254626975465868,-0.324235203509914,-0.30306005
1212,952500.0,1682500.0,0.0,0.0,0.0,,44.87070984068915,489.096923828125,94.45295377737298,,,62.02852407812355,0.04753097668290141,0.02559885,8.25,1.732375827274647,0.10275550636091092,기타,0,0.7959210367593255,1.4584220106615953,-0.10254626975465868,-0.324235203509914,-0.30306005
1213,952500.0,1687500.0,0.0,0.0,0.0,,46.952443861207676,203.16384887695312,114.44472651269909,,,59.87256930492184,0.09289299696683884,0.04667699,5.0,0.45069390943299864,1.039933453823192,기타,0,0.8819647215673251,0.09772799719657721,1.453393081167248,-0.5803040906822636,-0.6544286
1214,952500.0,1692500.0,6.0,2.0,1.0,구릉정상부,42.855942545711095,42.98023223876953,5.561016137036846,,,57.610131735715875,0.09289299696683884,0.04667699,5.0,0.45069390943299864,1.039933453823192,구릉,6,0.7126452674334356,-0.6645513867186013,1.453393081167248,-0.5803040906822636,-0.6544286
1215,952500.0,1697500.0,1.0,1.0,0.0,평지,38.97090759044139,82.44056701660156,31.80232369105553,,,55.70574478489994,0.09289299696683884,0.04667699,5.0,0.45069390943299864,1.039933453823192,평지,1,0.5520662886280535,-0.4767681395000324,1.453393081167248,-0.5803040906822636,-0.6544286
1216,952500.0,1702500.0,3.0,1.0,3.0,평지,35.36709580053407,49.882965087890625,12.538123620229596,,,54.19716529002487,0.09289299696683884,0.04667699,5.0,0.45069390943299864,1.039933453823192,평지,3,0.40311102215222305,-0.6317027655300544,1.453393081167248,-0.5803040906822636,-0.6544286
1217,952500.0,1707500.0,17.0,7.0,12.0,구릉정상,32.13924847138753,147.42025756835938,45.70635043431726,,,53.11812730987553,0.09289299696683884,0.04667699,5.0,0.45069390943299864,1.039933453823192,구릉,17,0.2696953814123708,-0.1675437661193555,1.453393081167248,-0.5803040906822636,-0.6544286
1218,952500.0,1712500.0,1.0,1.0,1.0,평지,29.411411378018194,548.5120849609375,130.28678105839342,,,52.49512522455789,0.09289299696683884,0.04667699,5.0,0.45069390943299864,1.039933453823192,평지,1,0.15694651303821702,1.7411659851957872,1.453393081167248,-0.5803040906822636,-0.6544286
1219,952500.0,1717500.0,0.0,0.0,0.0,,27.333696167705714,278.7513427734375,55.278809978262935,,,51.611876445350326,0.03694566190242767,0.020523673,9.0,2.5,-0.18037748230354797,기타,0,0.07106893650114149,0.45743262547483277,-0.4656277133442952,-0.17087057774739148,-0.22197501
1220,952500.0,1722500.0,0.0,0.0,0.0,,26.06205619535577,260.4145202636719,25.733154081138338,,,49.32115090764094,0.03694566190242767,0.020523673,9.0,2.5,-0.18037748230354797,기타,0,0.018508624813062258,0.3701716305050502,-0.4656277133442952,-0.17087057774739148,-0.22197501
1221,952500.0,1727500.0,5.0,3.0,7.0,산록하사면,25.71634888687183,383.0464782714844,32.81726603176468,,,47.448562291164045,0.03694566190242767,0.020523673,9.0,2.5,-0.18037748230354797,산록,5,0.004219608832238429,0.9537507465244859,-0.4656277133442952,-0.17087057774739148,-0.22197501
1222,952500.0,1732500.0,0.0,0.0,0.0,,25.975236128073217,114.8846664428711,23.934062538190023,,,46.045153926799486,0.03694566190242767,0.020523673,9.0,2.5,-0.18037748230354797,기타,0,0.014920117140785989,-0.32237364747028885,-0.4656277133442952,-0.17087057774739148,-0.22197501
1223,952500.0,1737500.0,6.0,1.0,6.0,산록하사면,22.515002527237275,83.29825592041016,24.48496344282658,,,45.154693408181195,0.03694566190242767,0.020523673,9.0,2.5,-0.18037748230354797,산록,6,-0.12810067532251698,-0.47268658245376544,-0.4656277133442952,-0.17087057774739148,-0.22197501
1224,952500.0,1742500.0,0.0,0.0,0.0,,19.726575620057364,60.61006546020508,34.709186119177595,,,44.80777246673868,0.03694566190242767,0.020523673,9.0,2.5,-0.18037748230354797,기타,0,-0.2433538842083341,-0.5806548017331442,-0.4656277133442952,-0.17087057774739148,-0.22197501
1225,952500.0,1747500.0,0.0,0.0,0.0,,17.79647208969771,26.28416633605957,4.970487969398039,,,43.39148615171579,0.03380710780620576,0.017533291,1.0,0.3535533905932738,0.06218747950360276,기타,0,-0.32313027167002695,-0.7440043738419496,-0.5732816448213731,-0.5997119205130237,-1.0868822
1226,952500.0,1752500.0,65.0,16.0,68.0,평지,16.765035643964612,20.01174545288086,7.951063034280228,,,41.062622457742634,0.03380710780620576,0.017533291,1.0,0.3535533905932738,0.06218747950360276,평지,65,-0.3657623233929632,-0.7738534759338699,-0.5732816448213731,-0.5997119205130237,-1.0868822
1227,952500.0,1757500.0,0.0,0.0,0.0,,15.234383768089348,16.94001007080078,4.15979673241553,,,39.23591283199201,0.03380710780620576,0.017533291,1.0,0.3535533905932738,0.06218747950360276,기타,0,-0.4290282960198503,-0.7884712040370591,-0.5732816448213731,-0.5997119205130237,-1.0868822
1228,952500.0,1762500.0,25.0,3.0,9.0,평지(추정),12.925711788974752,19.373245239257812,5.350751653129257,,,37.98387484725909,0.03380710780620576,0.017533291,1.0,0.3535533905932738,0.06218747950360276,평지,25,-0.5244519390684073,-0.7768919611403169,-0.5732816448213731,-0.5997119205130237,-1.0868822
1229,952500.0,1767500.0,0.0,0.0,0.0,,12.331326032096365,5.090177536010742,0.2367906087556071,,,37.36432310459816,0.03380710780620576,0.017533291,1.0,0.3535533905932738,0.06218747950360276,기타,0,-0.5490195064017542,-0.8448620087503832,-0.5732816448213731,-0.5997119205130237,-1.0868822
1230,952500.0,1772500.0,0.0,0.0,0.0,,13.676592344881605,22.21748924255371,0.49205397886950775,,,37.40869596387147,0.03380710780620576,0.017533291,1.0,0.3535533905932738,0.06218747950360276,기타,0,-0.49341601937641316,-0.763356815586486,-0.5732816448213731,-0.5997119205130237,-1.0868822
1231,952500.0,1777500.0,0.0,0.0,0.0,,11.152964055264981,9.69445514678955,1.2257105737625074,,,37.23045084130014,0.0841658413410187,0.0433507,1.0,0.5590169943749475,0.8786460333366863,기타,0,-0.597724386816283,-0.8229512417557373,1.1540474000261172,-0.5586620815144415,-1.0868822
1232,952500.0,1782500.0,0.0,0.0,0.0,,9.408182501556484,21.57743263244629,2.7203841141187,,,37.176144580633036,0.07296976000070575,0.037741095,3.5,5.960461251322674,-0.05204332596848791,기타,0,-0.6698409168755419,-0.7664027073490973,0.7700163664770241,0.5204994489293155,-0.8165987
1233,952500.0,1787500.0,0.0,0.0,0.0,,9.460204337949586,11.67774486541748,1.388238260882947,,,37.13030787032755,0.034623841196298626,0.018574638,5.0,1.5662455107677085,-0.09089997335764959,기타,0,-0.6676907139919734,-0.8135131924934595,-0.545267292442378,-0.35742659419845607,-0.6544286
1234,952500.0,1792500.0,0.0,0.0,0.0,,11.730692521766395,3.1859333515167236,1.8400144607936046,,,37.47669620234405,0.034623841196298626,0.018574638,5.0,1.5662455107677085,-0.09089997335764959,기타,0,-0.5738453102453603,-0.8539238973145483,-0.545267292442378,-0.35742659419845607,-0.6544286
1235,952500.0,1797500.0,0.0,0.0,0.0,,15.353267664073726,9.10854434967041,10.494680415862108,,,38.47526158377965,0.034623841196298626,0.018574638,5.0,1.5662455107677085,-0.09089997335764959,기타,0,-0.42411450378030235,-0.825739465238455,-0.545267292442378,-0.35742659419845607,-0.6544286
1236,952500.0,1802500.0,0.0,0.0,0.0,,19.59174593774526,9.412322044372559,30.569536393801304,,,40.07728470889403,0.034623841196298626,0.018574638,5.0,1.5662455107677085,-0.09089997335764959,기타,0,-0.24892675882789564,-0.8242938525171005,-0.545267292442378,-0.35742659419845607,-0.6544286
1237,952500.0,1807500.0,0.0,0.0,0.0,,24.12364379221397,112.4203109741211,32.737115641392904,,,42.214117843859206,0.034623841196298626,0.018574638,5.0,1.5662455107677085,-0.09089997335764959,기타,0,-0.061611190782931126,-0.33410098518366993,-0.545267292442378,-0.35742659419845607,-0.6544286
1238,952500.0,1812500.0,0.0,0.0,0.0,,28.810829053293308,46.85806655883789,35.348622055505935,,,44.08995283172532,0.03835201114416124,0.025768645,11.5,3.5794552658190883,-0.3052500241019715,기타,0,0.13212282483379786,-0.6460976071220041,-0.41738925058060583,0.04479518520267752,0.048308495
1254,957500.0,1622500.0,0.0,0.0,0.0,,2.5287293826152992,-4.0,0.673145600891813,,,26.389187180768424,0.05021472871303559,0.030100383,12.0,3.023346655611956,-0.029780636724632537,기타,0,-0.9541872790828253,-0.8881202087914111,-0.010492270270844992,-0.06631047290203179,0.102365196
1255,957500.0,1627500.0,0.0,0.0,0.0,,1.8069802536766815,29.044334411621094,24.711415039907234,,,30.643815319142224,0.05021472871303559,0.030100383,12.0,3.023346655611956,-0.029780636724632537,기타,0,-0.9840191182845376,-0.7308693275475845,-0.010492270270844992,-0.06631047290203179,0.102365196
1256,957500.0,1632500.0,0.0,0.0,0.0,,5.924780526346558,433.3512268066406,117.0529617650479,,,35.09555006786129,0.05021472871303559,0.030100383,12.0,3.023346655611956,-0.029780636724632537,기타,0,-0.813819320773591,1.1931402267108517,-0.010492270270844992,-0.06631047290203179,0.102365196
1257,957500.0,1637500.0,0.0,0.0,0.0,,9.965842289004033,229.33392333984375,52.92173968061414,,,39.28587840324612,0.0542228952050209,0.031844318,25.0,3.905124837953327,-0.08382284723490253,기타,0,-0.6467913329669879,0.22226575366168697,0.1269897891896963,0.10986113000647478,1.5078394
1258,957500.0,1642500.0,0.0,0.0,0.0,,13.43017190431384,205.29434204101562,50.28988744390337,,,43.49565508447841,0.0542228952050209,0.031844318,25.0,3.905124837953327,-0.08382284723490253,기타,0,-0.5036012411720294,0.10786655599941258,0.1269897891896963,0.10986113000647478,1.5078394
1259,957500.0,1647500.0,0.0,0.0,0.0,,17.419967192201646,276.4919128417969,74.45955413561451,,,47.857745251329845,0.0542228952050209,0.031844318,25.0,3.905124837953327,-0.08382284723490253,기타,0,-0.3386922351146893,0.4466804843230892,0.1269897891896963,0.10986113000647478,1.5078394
1260,957500.0,1652500.0,8.0,1.0,8.0,,21.828841298547566,157.54434204101562,27.47842652611121,,,52.334076373377,0.0542228952050209,0.031844318,25.0,3.905124837953327,-0.08382284723490253,기타,8,-0.1564615705699037,-0.11936542530967492,0.1269897891896963,0.10986113000647478,1.5078394
1261,957500.0,1657500.0,2.0,1.0,0.0,산록하사면,25.26509619972659,156.18936157226562,29.675962692959917,,,56.89769168575935,0.0542228952050209,0.031844318,25.0,3.905124837953327,-0.08382284723490253,산록,2,-0.01443188247202378,-0.12581348597039071,0.1269897891896963,0.10986113000647478,1.5078394
1262,957500.0,1662500.0,5.0,2.0,6.0,평지,28.71656616724391,414.23150634765625,28.059156224843832,,,61.5291726620877,0.0542228952050209,0.031844318,25.0,3.905124837953327,-0.08382284723490253,평지,5,0.1282266853767954,1.102153588763817,0.1269897891896963,0.10986113000647478,1.5078394
1263,957500.0,1667500.0,0.0,0.0,0.0,,32.57233886127854,300.8892822265625,180.28088932901042,,,66.21427986314035,0.0542228952050209,0.031844318,25.0,3.905124837953327,-0.08382284723490253,기타,0,0.28759617595857967,0.562782318543612,0.1269897891896963,0.10986113000647478,1.5078394
1264,957500.0,1672500.0,4.0,3.0,2.0,산록하평지,36.705222317133774,183.706787109375,32.68481058178936,,,69.99327857276101,0.04753097668290141,0.02559885,8.25,1.732375827274647,0.10275550636091092,산록,4,0.45841940213385635,0.00513602450757044,-0.10254626975465868,-0.324235203509914,-0.30306005
1265,957500.0,1677500.0,7.0,3.0,5.0,산록하사면,41.031566285074646,383.0372009277344,81.33995815192118,,,68.26331322513926,0.04753097668290141,0.02559885,8.25,1.732375827274647,0.10275550636091092,산록,7,0.6372388733436184,0.9537065976406828,-0.10254626975465868,-0.324235203509914,-0.30306005
1266,957500.0,1682500.0,10.0,2.0,7.0,산록하평지,45.496214328916786,398.8341064453125,144.2987100837328,,,66.69996533730331,0.09289299696683884,0.04667699,5.0,0.45069390943299864,1.039933453823192,산록,10,0.8217748252359349,1.0288806738566354,1.453393081167248,-0.5803040906822636,-0.6544286
1267,957500.0,1687500.0,0.0,0.0,0.0,,49.865794367715424,159.45567321777344,84.22914216094676,,,64.28909782716919,0.09289299696683884,0.04667699,5.0,0.45069390943299864,1.039933453823192,기타,0,1.002381359930539,-0.11026981127339204,1.453393081167248,-0.5803040906822636,-0.6544286
1268,957500.0,1692500.0,0.0,0.0,0.0,,46.02930886798879,89.18807983398438,52.38382751917718,,,62.18754556070853,0.09289299696683884,0.04667699,5.0,0.45069390943299864,1.039933453823192,기타,0,0.8438090611376722,-0.44465817706228666,1.453393081167248,-0.5803040906822636,-0.6544286
1269,957500.0,1697500.0,17.0,4.0,16.0,산록하사면,42.4357997663075,222.6565704345703,12.171177007540276,,,60.427589280882856,0.09289299696683884,0.04667699,5.0,0.45069390943299864,1.039933453823192,산록,17,0.6952796325689222,0.19048966715770216,1.453393081167248,-0.5803040906822636,-0.6544286
1270,957500.0,1702500.0,178.0,18.0,118.0,구릉정상부,39.15222763454942,94.3513412475586,38.1900034549002,,,59.03978548176592,0.09289299696683884,0.04667699,5.0,0.45069390943299864,1.039933453823192,구릉,178,0.5595607353589176,-0.4200873263602295,1.453393081167248,-0.5803040906822636,-0.6544286
1271,957500.0,1707500.0,9.0,3.0,0.0,산록하사면,36.262883995747046,106.24089813232422,44.74876195865895,,,58.050831115211494,0.09289299696683884,0.04667699,5.0,0.45069390943299864,1.039933453823192,산록,9,0.44013636562258335,-0.36350748200813743,1.453393081167248,-0.5803040906822636,-0.6544286
1272,957500.0,1712500.0,0.0,0.0,0.0,,33.86881430800965,346.40582275390625,92.06015651204517,,,57.48131623928488,0.09289299696683884,0.04667699,5.0,0.45069390943299864,1.039933453823192,기타,0,0.34118300482351593,0.7793857465302864,1.453393081167248,-0.5803040906822636,-0.6544286
1273,957500.0,1717500.0,1.0,1.0,0.0,산록하사면,32.08109115307444,371.34814453125,66.64049267228154,,,56.00732525197506,0.03694566190242767,0.020523673,9.0,2.5,-0.18037748230354797,산록,1,0.2672915825039186,0.898080891994467,-0.4656277133442952,-0.17087057774739148,-0.22197501
1274,957500.0,1722500.0,2.0,2.0,1.0,지석묘는 고암마을에서 원항마을로 넘어가는 고,31.004777640120295,273.08050537109375,21.1387259435416,,,53.90371618473727,0.03694566190242767,0.020523673,9.0,2.5,-0.18037748230354797,기타,2,0.22280464048807472,0.4304463297970056,-0.4656277133442952,-0.17087057774739148,-0.22197501
1275,957500.0,1727500.0,0.0,0.0,0.0,,30.714753188894996,278.372802734375,87.46571981037077,,,52.19579250446237,0.03694566190242767,0.020523673,9.0,2.5,-0.18037748230354797,기타,0,0.21081714726277453,0.45563123483439316,-0.4656277133442952,-0.17087057774739148,-0.22197501
1276,957500.0,1732500.0,0.0,0.0,0.0,,29.56000756088807,353.53350830078125,48.278608144177625,,,50.92338256452604,0.03694566190242767,0.020523673,9.0,2.5,-0.18037748230354797,기타,0,0.1630883942759281,0.8133048692311148,-0.4656277133442952,-0.17087057774739148,-0.22197501
1277,957500.0,1737500.0,0.0,0.0,0.0,,26.570782711318472,94.43586730957031,31.790994881241403,,,50.11966708246632,0.03694566190242767,0.020523673,9.0,2.5,-0.18037748230354797,기타,0,0.03953566456046647,-0.4196850850085399,-0.4656277133442952,-0.17087057774739148,-0.22197501
1278,957500.0,1742500.0,4.0,1.0,4.0,,24.252316990398473,280.664306640625,137.66123279872633,,,49.80734047408516,0.03694566190242767,0.020523673,9.0,2.5,-0.18037748230354797,기타,4,-0.056292780266170184,0.46653600913375864,-0.4656277133442952,-0.17087057774739148,-0.22197501
1279,957500.0,1747500.0,3.0,2.0,3.0,구릉사면,22.623348850632347,102.98359680175781,17.13189439647463,,,47.75808493379375,0.03380710780620576,0.017533291,1.0,0.3535533905932738,0.06218747950360276,구릉,3,-0.12362242939463948,-0.37900827855400826,-0.5732816448213731,-0.5997119205130237,-1.0868822
1280,957500.0,1752500.0,0.0,0.0,0.0,,21.735690319809837,147.65744018554688,37.17470666235908,,,45.65251985592934,0.03380710780620576,0.017533291,1.0,0.3535533905932738,0.06218747950360276,기타,0,-0.16031175189713656,-0.16641506505054734,-0.5732816448213731,-0.5997119205130237,-1.0868822
1281,957500.0,1757500.0,0.0,0.0,0.0,,19.493449645138025,29.647533416748047,10.876775989475753,,,44.01670662201557,0.03380710780620576,0.017533291,1.0,0.3535533905932738,0.06218747950360276,기타,0,-0.2529896098624313,-0.727998833200806,-0.5732816448213731,-0.5997119205130237,-1.0868822
1282,957500.0,1762500.0,0.0,0.0,0.0,,17.747736631067873,19.438310623168945,8.513092127565788,,,42.904409499504304,0.03380710780620576,0.017533291,1.0,0.3535533905932738,0.06218747950360276,기타,0,-0.32514463969206386,-0.7765823289706674,-0.5732816448213731,-0.5997119205130237,-1.0868822
1283,957500.0,1767500.0,9.0,2.0,7.0,구릉정상부,17.319634291288175,7.013088703155518,0.6578504189822841,,,42.35689137736292,0.03380710780620576,0.017533291,1.0,0.3535533905932738,0.06218747950360276,구릉,9,-0.3428392646664861,-0.8357112880301387,-0.5732816448213731,-0.5997119205130237,-1.0868822
1284,957500.0,1772500.0,0.0,0.0,0.0,,18.13048637888065,21.711599349975586,4.629700689439329,,,42.396039199508806,0.03380710780620576,0.017533291,1.0,0.3535533905932738,0.06218747950360276,기타,0,-0.3093245597315409,-0.7657642367930781,-0.5732816448213731,-0.5997119205130237,-1.0868822
1285,957500.0,1777500.0,0.0,0.0,0.0,,15.58331887305582,27.123977661132812,17.976155190585576,,,42.228724366544576,0.0841658413410187,0.0433507,1.0,0.5590169943749475,0.8786460333366863,기타,0,-0.4146058664999143,-0.7400078923482909,1.1540474000261172,-0.5586620815144415,-1.0868822
1286,957500.0,1782500.0,0.0,0.0,0.0,,14.379317836564335,147.92193603515625,74.06519583203453,,,42.175779062241205,0.07296976000070575,0.037741095,3.5,5.960461251322674,-0.05204332596848791,기타,0,-0.4643704784394233,-0.16515638618238462,0.7700163664770241,0.5204994489293155,-0.8165987
1287,957500.0,1787500.0,0.0,0.0,0.0,,14.36072540576319,19.728012084960938,8.98158765216462,,,42.130296513208975,0.034623841196298626,0.018574638,5.0,1.5662455107677085,-0.09089997335764959,기타,0,-0.46513895377772313,-0.7752037020146226,-0.545267292442378,-0.35742659419845607,-0.6544286
1288,957500.0,1792500.0,0.0,0.0,0.0,,15.948169647461059,7.163044452667236,0.8142342864413427,,,42.43589141267554,0.034623841196298626,0.018574638,5.0,1.5662455107677085,-0.09089997335764959,기타,0,-0.3995255994122585,-0.8349976808663641,-0.545267292442378,-0.35742659419845607,-0.6544286
1289,957500.0,1797500.0,27.0,2.0,16.0,구릉정상부,18.773859380230377,3.8434557914733887,0.48825984611077317,,,43.32029403969773,0.034623841196298626,0.018574638,5.0,1.5662455107677085,-0.09089997335764959,구릉,27,-0.2827322173878616,-0.8507948894237307,-0.545267292442378,-0.35742659419845607,-0.6544286
1290,957500.0,1802500.0,0.0,0.0,0.0,,22.373454738889343,5.622955322265625,2.4094107009947954,,,44.74919967310423,0.034623841196298626,0.018574638,5.0,1.5662455107677085,-0.09089997335764959,기타,0,-0.1339512273939316,-0.8423266338400551,-0.545267292442378,-0.35742659419845607,-0.6544286
1291,957500.0,1807500.0,0.0,0.0,0.0,,26.432653250810745,19.56363296508789,7.59892392874811,,,46.672624386044895,0.034623841196298626,0.018574638,5.0,1.5662455107677085,-0.09089997335764959,기타,0,0.03382640120334195,-0.7759859468961849,-0.545267292442378,-0.35742659419845607,-0.6544286
1292,957500.0,1812500.0,0.0,0.0,0.0,,30.770096502969594,140.4815216064453,39.080224947349116,,,49.0324062511551,0.034623841196298626,0.018574638,5.0,1.5662455107677085,-0.09089997335764959,기타,0,0.21310463578221503,-0.20056371837917436,-0.545267292442378,-0.35742659419845607,-0.6544286
1305,962500.0,1607500.0,0.0,0.0,0.0,,1.7900053621459524,-1.25,1.6161367124412662,,,12.008749123956333,0.05021472871303559,0.030100383,12.0,3.023346655611956,-0.029780636724632537,기타,0,-0.984720736359721,-0.8750335501819871,-0.010492270270844992,-0.06631047290203179,0.102365196
1309,962500.0,1627500.0,0.0,0.0,0.0,,0.9043102418854626,-4.0,0.9762812094883317,,,28.257418467702028,0.0542228952050209,0.031844318,25.0,3.905124837953327,-0.08382284723490253,기타,0,-1.021328905805256,-0.8881202087914111,0.1269897891896963,0.10986113000647478,1.5078394
1311,962500.0,1637500.0,0.0,0.0,0.0,,6.368733135977927,238.55308532714844,33.54042660916672,,,36.680583925087284,0.0542228952050209,0.031844318,25.0,3.905124837953327,-0.08382284723490253,기타,0,-0.7954695613728701,0.26613776296817215,0.1269897891896963,0.10986113000647478,1.5078394
1312,962500.0,1642500.0,0.0,0.0,0.0,,10.658509146081236,158.66336059570312,16.805129035882533,,,41.15770895468604,0.0542228952050209,0.031844318,25.0,3.905124837953327,-0.08382284723490253,기타,0,-0.6181615425423431,-0.11404025665410901,0.1269897891896963,0.10986113000647478,1.5078394
1313,962500.0,1647500.0,0.0,0.0,0.0,,15.357031499168116,209.8242645263672,19.95452208014298,,,45.74329213897832,0.0542228952050209,0.031844318,25.0,3.905124837953327,-0.08382284723490253,기타,0,-0.42395893431881554,0.12942348294230308,0.1269897891896963,0.10986113000647478,1.5078394
1314,962500.0,1652500.0,0.0,0.0,0.0,,18.236282993613763,387.7510681152344,91.83934272601019,,,50.40774290746599,0.0542228952050209,0.031844318,25.0,3.905124837953327,-0.08382284723490253,기타,0,-0.30495170014327233,0.9761388778635838,0.1269897891896963,0.10986113000647478,1.5078394
1315,962500.0,1657500.0,0.0,0.0,0.0,,21.65359332488318,341.45062255859375,91.01417695460295,,,55.1310467371921,0.0542228952050209,0.031844318,25.0,3.905124837953327,-0.08382284723490253,기타,0,-0.16370504224332297,0.755805014422139,0.1269897891896963,0.10986113000647478,1.5078394
1316,962500.0,1662500.0,0.0,0.0,0.0,,25.59676132513026,263.6974792480469,75.57698365637779,,,59.89928283086311,0.0542228952050209,0.031844318,25.0,3.905124837953327,-0.08382284723490253,기타,0,-0.0007232678119574381,0.38579452630768896,0.1269897891896963,0.10986113000647478,1.5078394
1317,962500.0,1667500.0,0.0,0.0,0.0,,29.858169347633204,140.42373657226562,33.142219488137115,,,64.70251813465225,0.0542228952050209,0.031844318,25.0,3.905124837953327,-0.08382284723490253,기타,0,0.1754122255375693,-0.20083870493009925,0.1269897891896963,0.10986113000647478,1.5078394
1318,962500.0,1672500.0,1.0,1.0,1.0,평지,34.31947498503148,211.5367889404297,78.75044498164881,,,69.53350000020333,0.0542228952050209,0.031844318,25.0,3.905124837953327,-0.08382284723490253,평지,1,0.3598100267517871,0.13757301834853566,0.1269897891896963,0.10986113000647478,1.5078394
1319,962500.0,1677500.0,0.0,0.0,0.0,,38.9119833689374,212.47775268554688,59.63799855123875,,,73.02768620698545,0.04753097668290141,0.02559885,8.25,1.732375827274647,0.10275550636091092,기타,0,0.5496307915411666,0.14205086245624243,-0.10254626975465868,-0.324235203509914,-0.30306005
1320,962500.0,1682500.0,20.0,5.0,15.0,산록하사면,42.93791953234994,286.3961486816406,29.741755350598925,,,71.04399285130394,0.09289299696683884,0.04667699,5.0,0.45069390943299864,1.039933453823192,산록,20,0.7160335975132338,0.4938126127679095,1.453393081167248,-0.5803040906822636,-0.6544286
1321,962500.0,1687500.0,5.0,2.0,5.0,산록하평지,47.0789726969105,254.70816040039062,41.7902893635071,,,68.78554821828486,0.09289299696683884,0.04667699,5.0,0.45069390943299864,1.039933453823192,산록,5,0.8871944997959698,0.3430162910747664,1.453393081167248,-0.5803040906822636,-0.6544286
1322,962500.0,1692500.0,1.0,1.0,0.0,산록하평지,49.50517890330398,296.62127685546875,77.09341408607288,,,66.82555175323179,0.09289299696683884,0.04667699,5.0,0.45069390943299864,1.039933453823192,산록,1,0.9874761496342783,0.5424717988219061,1.453393081167248,-0.5803040906822636,-0.6544286
1323,962500.0,1697500.0,18.0,5.0,12.0,산록하사면,46.1829250393429,105.87108612060547,27.00052393520577,,,65.19092797742437,0.09289299696683884,0.04667699,5.0,0.45069390943299864,1.039933453823192,산록,18,0.8501584320463113,-0.3652673378434202,1.453393081167248,-0.5803040906822636,-0.6544286
1324,962500.0,1702500.0,1.0,1.0,0.0,산록하사면,43.185210340242605,134.46475219726562,13.939091892917885,,,63.90664921580226,0.09289299696683884,0.04667699,5.0,0.45069390943299864,1.039933453823192,산록,1,0.7262547939391502,-0.22919623008446877,1.453393081167248,-0.5803040906822636,-0.6544286
1325,962500.0,1707500.0,0.0,0.0,0.0,,40.58401432919652,154.65191650390625,10.932295512145634,,,62.99414685052467,0.09289299696683884,0.04667699,5.0,0.45069390943299864,1.039933453823192,기타,0,0.6187403432493708,-0.13312985642143124,1.453393081167248,-0.5803040906822636,-0.6544286
1326,962500.0,1712500.0,0.0,0.0,0.0,,38.459875793011356,164.10208129882812,87.81473181794934,,,62.469714749303414,0.09289299696683884,0.04667699,5.0,0.45069390943299864,1.039933453823192,기타,0,0.5309439653766023,-0.08815855443090803,1.453393081167248,-0.5803040906822636,-0.6544286
1327,962500.0,1717500.0,0.0,0.0,0.0,,36.895282529820705,279.709716796875,36.45987555338557,,,60.49673688349595,0.03694566190242767,0.020523673,9.0,2.5,-0.18037748230354797,기타,0,0.46627510361819013,0.46199332135296606,-0.4656277133442952,-0.17087057774739148,-0.22197501
1328,962500.0,1722500.0,0.0,0.0,0.0,,35.963338275203604,405.5120544433594,179.25177074410084,,,58.55463525798041,0.03694566190242767,0.020523673,9.0,2.5,-0.18037748230354797,기타,0,0.42775533264239257,1.0606595922791535,-0.4656277133442952,-0.17087057774739148,-0.22197501
1329,962500.0,1727500.0,0.0,1.0,0.0,산록하사면,35.71360422637509,212.0522003173828,73.84621983915929,,,56.98627419685644,0.03694566190242767,0.020523673,9.0,2.5,-0.18037748230354797,산록,0,0.41743315047529994,0.14002575025166245,-0.4656277133442952,-0.17087057774739148,-0.22197501
1330,962500.0,1732500.0,0.0,0.0,0.0,,33.50933007522472,247.54490661621094,46.86127699305132,,,55.82316350300733,0.03694566190242767,0.020523673,9.0,2.5,-0.18037748230354797,기타,0,0.32632455138310595,0.30892790678159426,-0.4656277133442952,-0.17087057774739148,-0.22197501
1331,962500.0,1737500.0,0.0,0.0,0.0,,30.904492375424976,236.98500061035156,48.79497616566235,,,55.09097675779287,0.03694566190242767,0.020523673,9.0,2.5,-0.18037748230354797,기타,0,0.21865957986972467,0.25867558501930826,-0.4656277133442952,-0.17087057774739148,-0.22197501
1332,962500.0,1742500.0,0.0,0.0,0.0,,28.879534005071317,221.91265869140625,14.224015789324188,,,54.548422433465525,0.03380710780620576,0.017533291,1.0,0.3535533905932738,0.06218747950360276,기타,0,0.13496258589705964,0.18694955115103687,-0.5732816448213731,-0.5997119205130237,-1.0868822
1333,962500.0,1747500.0,0.0,0.0,0.0,,27.471630215567984,540.369384765625,148.24675480733254,,,52.238379402814274,0.03380710780620576,0.017533291,1.0,0.3535533905932738,0.06218747950360276,기타,0,0.07677012292629128,1.7024166260630804,-0.5732816448213731,-0.5997119205130237,-1.0868822
1334,962500.0,1752500.0,0.0,0.0,0.0,,26.323281195235197,61.919857025146484,23.497044621386028,,,50.32063369319723,0.03380710780620576,0.017533291,1.0,0.3535533905932738,0.06218747950360276,기타,0,0.029305758996418026,-0.5744217853477293,-0.5732816448213731,-0.5997119205130237,-1.0868822
1335,962500.0,1757500.0,0.0,0.0,0.0,,24.039607096240974,63.69860076904297,16.577922734010404,,,48.84141754635611,0.03380710780620576,0.017533291,1.0,0.3535533905932738,0.06218747950360276,기타,0,-0.06508465420781426,-0.5659571263913576,-0.5732816448213731,-0.5997119205130237,-1.0868822
1336,962500.0,1762500.0,0.0,0.0,0.0,,22.647081176166083,29.135845184326172,14.097493339906464,,,47.841425152163566,0.03380710780620576,0.017533291,1.0,0.3535533905932738,0.06218747950360276,기타,0,-0.12264150833658953,-0.730433847459775,-0.5732816448213731,-0.5997119205130237,-1.0868822
1337,962500.0,1767500.0,0.0,0.0,0.0,,22.313176875068077,10.178299903869629,1.4195664277440274,,,47.35102800618625,0.03380710780620576,0.017533291,1.0,0.3535533905932738,0.06218747950360276,기타,0,-0.13644267417071274,-0.8206487286081495,-0.5732816448213731,-0.5997119205130237,-1.0868822
1338,962500.0,1772500.0,0.0,0.0,0.0,,22.297214090914625,26.14598846435547,8.600681955498004,,,47.38605011915638,0.03380710780620576,0.017533291,1.0,0.3535533905932738,0.06218747950360276,기타,0,-0.13710245911673366,-0.7446619326180836,-0.5732816448213731,-0.5997119205130237,-1.0868822
1339,962500.0,1777500.0,0.0,0.0,0.0,,20.280311806790415,106.6627197265625,43.03242684308734,,,47.227363396708114,0.0841658413410187,0.0433507,1.0,0.5590169943749475,0.8786460333366863,기타,0,-0.22046647330548755,-0.36150012375436313,1.1540474000261172,-0.5586620815144415,-1.0868822
1340,962500.0,1782500.0,0.0,0.0,0.0,,19.350839848524867,45.94446563720703,27.277992142801217,,,47.17549102165061,0.07296976000070575,0.037741095,3.5,5.960461251322674,-0.05204332596848791,기타,0,-0.2588840576013692,-0.6504452374371453,0.7700163664770241,0.5204994489293155,-0.8165987
1341,962500.0,1787500.0,0.0,0.0,0.0,,19.31231219309859,33.626644134521484,7.8234726056257164,,,47.13028756581598,0.034623841196298626,0.018574638,5.0,1.5662455107677085,-0.09089997335764959,기타,0,-0.26047650957035984,-0.7090631010071331,-0.545267292442378,-0.35742659419845607,-0.6544286
1342,962500.0,1792500.0,0.0,0.0,0.0,,20.520211577081035,16.990345001220703,5.581179246215123,,,47.40366021452341,0.034623841196298626,0.018574638,5.0,1.5662455107677085,-0.09089997335764959,기타,0,-0.21055076840902048,-0.7882316709277738,-0.545267292442378,-0.35742659419845607,-0.6544286
1343,962500.0,1797500.0,0.0,0.0,0.0,,22.785801809298622,13.873922348022461,3.9761367251228465,,,48.19699158071457,0.034623841196298626,0.018574638,5.0,1.5662455107677085,-0.09089997335764959,기타,0,-0.11690781021955088,-0.8030620561441667,-0.545267292442378,-0.35742659419845607,-0.6544286
1344,962500.0,1802500.0,0.0,0.0,0.0,,25.83227525823272,5.436988830566406,0.5628337375744294,,,49.48528057037721,0.034623841196298626,0.018574638,5.0,1.5662455107677085,-0.09089997335764959,기타,0,0.009011158597960603,-0.8432116083817497,-0.545267292442378,-0.35742659419845607,-0.6544286
1345,962500.0,1807500.0,0.0,0.0,0.0,,29.418023827945483,16.635822296142578,5.128533797338686,,,51.23120132132794,0.034623841196298626,0.018574638,5.0,1.5662455107677085,-0.09089997335764959,기타,0,0.15721982343798202,-0.7899187682407363,-0.545267292442378,-0.35742659419845607,-0.6544286
1346,962500.0,1812500.0,0.0,0.0,0.0,,33.36965398181458,25.764556884765625,9.901600081584682,,,53.38987717277419,0.034623841196298626,0.018574638,5.0,1.5662455107677085,-0.09089997335764959,기타,0,0.3205513615144016,-0.7464770834780637,-0.545267292442378,-0.35742659419845607,-0.6544286
1347,962500.0,1817500.0,0.0,0.0,0.0,,37.57189758037914,84.98677825927734,29.34145976169962,,,54.02388613934791,0.017256571352481844,0.011362278,22.5,10.097184013377195,-1.555519063283256,기타,0,0.4942414295622208,-0.4646512677617142,-1.1409730921164383,1.3469806370260207,1.237556
1360,967500.0,1612500.0,0.0,0.0,0.0,,1.6043480343616736,-2.5139286518096924,8.110564098754168,,,12.753343874877045,0.05021472871303559,0.030100383,12.0,3.023346655611956,-0.029780636724632537,기타,0,-0.9923944547294611,-0.8810483148266791,-0.010492270270844992,-0.06631047290203179,0.102365196
1361,967500.0,1617500.0,0.0,0.0,0.0,,1.9800975375182377,27.031856536865234,42.845054590284235,,,17.42363782345739,0.0542228952050209,0.031844318,25.0,3.905124837953327,-0.08382284723490253,기타,0,-0.9768637137713474,-0.7404462769679295,0.1269897891896963,0.10986113000647478,1.5078394
1362,967500.0,1622500.0,0.0,0.0,0.0,,2.06264297991969,7.88032341003418,30.47680546346613,,,21.262053624151335,0.0542228952050209,0.031844318,25.0,3.905124837953327,-0.08382284723490253,기타,0,-0.9734518878808532,-0.831584304559897,0.1269897891896963,0.10986113000647478,1.5078394
1364,967500.0,1632500.0,0.0,0.0,0.0,,0.4532238664229356,-0.25,21.65778041102432,,,29.98430360943591,0.0542228952050209,0.031844318,25.0,3.905124837953327,-0.08382284723490253,기타,0,-1.0399735229988651,-0.8702747652331058,0.1269897891896963,0.10986113000647478,1.5078394
1365,967500.0,1637500.0,0.0,0.0,0.0,,4.436927533297888,96.75343322753906,68.48427726707484,,,34.60563873498224,0.0542228952050209,0.031844318,25.0,3.905124837953327,-0.08382284723490253,기타,0,-0.8753163000767542,-0.4086562872000697,0.1269897891896963,0.10986113000647478,1.5078394
1366,967500.0,1642500.0,0.0,0.0,0.0,,8.734579593060925,74.68438720703125,51.04110149868199,,,39.31974060913138,0.0542228952050209,0.031844318,25.0,3.905124837953327,-0.08382284723490253,기타,0,-0.6976827428595871,-0.5136781312386335,0.1269897891896963,0.10986113000647478,1.5078394
1367,967500.0,1647500.0,0.0,0.0,0.0,,11.260503934766618,130.4754638671875,5.986733111445076,,,44.09686803938175,0.0542228952050209,0.031844318,25.0,3.905124837953327,-0.08382284723490253,기타,0,-0.59327947339078,-0.2481803953463928,0.1269897891896963,0.10986113000647478,1.5078394
1368,967500.0,1652500.0,0.0,0.0,0.0,,14.598460032522379,171.27157592773438,52.91474153544805,,,48.91856028335175,0.0542228952050209,0.031844318,25.0,3.905124837953327,-0.08382284723490253,기타,0,-0.4553127401062379,-0.05404047129978282,0.1269897891896963,0.10986113000647478,1.5078394
1369,967500.0,1657500.0,0.0,0.0,0.0,,18.693076840836344,158.44967651367188,60.8263298369544,,,53.77283058858992,0.0542228952050209,0.031844318,25.0,3.905124837953327,-0.08382284723490253,기타,0,-0.28607117773971225,-0.11505713324749486,0.1269897891896963,0.10986113000647478,1.5078394
1370,967500.0,1662500.0,0.0,0.0,0.0,,23.146213691091486,280.4692077636719,5.644992918551172,,,58.651590590728766,0.0542228952050209,0.031844318,25.0,3.905124837953327,-0.08382284723490253,기타,0,-0.10201101454230159,0.46560757553457044,0.1269897891896963,0.10986113000647478,1.5078394
1371,967500.0,1667500.0,43.0,5.0,40.0,산록하평지,27.78602696842299,304.4285583496094,75.62818634055031,,,63.54920021633424,0.0542228952050209,0.031844318,25.0,3.905124837953327,-0.08382284723490253,산록,43,0.08976498914871897,0.5796249724879029,0.1269897891896963,0.10986113000647478,1.5078394
1372,967500.0,1672500.0,65.0,10.0,59.0,평지,31.95762679044703,292.9188232421875,71.50509476735645,,,68.4616141896246,0.0542228952050209,0.031844318,25.0,3.905124837953327,-0.08382284723490253,평지,65,0.26218846721722733,0.5248526182930917,0.1269897891896963,0.10986113000647478,1.5078394
1373,967500.0,1677500.0,42.0,2.0,3.0,산록하사면,35.97297105477088,206.5946502685547,29.43320217203144,,,73.38585958318048,0.0542228952050209,0.031844318,25.0,3.905124837953327,-0.08382284723490253,산록,42,0.4281534814168,0.11405444322153215,0.1269897891896963,0.10986113000647478,1.5078394
1374,967500.0,1682500.0,5.0,1.0,0.0,산록하평지,40.20969264912714,223.08860778808594,29.296383177415898,,,75.46928159532715,0.09289299696683884,0.04667699,5.0,0.45069390943299864,1.039933453823192,산록,5,0.6032686180725549,0.19254564001296687,1.453393081167248,-0.5803040906822636,-0.6544286
1375,967500.0,1687500.0,0.0,0.0,0.0,,44.60475444800874,462.57354736328125,136.70857071950277,,,73.34722345084819,0.09289299696683884,0.04667699,5.0,0.45069390943299864,1.039933453823192,기타,0,0.7849283826761294,1.3322029659471812,1.453393081167248,-0.5803040906822636,-0.6544286
1376,967500.0,1692500.0,0.0,0.0,0.0,,49.115668129396774,254.72610473632812,37.36691088774581,,,71.51236194800535,0.09289299696683884,0.04667699,5.0,0.45069390943299864,1.039933453823192,기타,0,0.9713766182200568,0.34310168431054344,1.453393081167248,-0.5803040906822636,-0.6544286
1377,967500.0,1697500.0,0.0,0.0,0.0,,50.149058102550505,92.52427673339844,19.01277956147841,,,69.98728909463769,0.09289299696683884,0.04667699,5.0,0.45069390943299864,1.039933453823192,기타,0,1.0140894145030515,-0.42878193347085014,1.453393081167248,-0.5803040906822636,-0.6544286
1378,967500.0,1702500.0,13.0,9.0,16.0,구릉정상부,47.40282539590249,121.05998992919922,42.83741655675327,,,68.79261121843146,0.09289299696683884,0.04667699,5.0,0.45069390943299864,1.039933453823192,구릉,13,0.9005802057899305,-0.29298661100907664,1.453393081167248,-0.5803040906822636,-0.6544286
1379,967500.0,1707500.0,13.0,2.0,13.0,구릉정상,45.04583979077147,92.10264587402344,35.24153803542853,,,67.94575837890198,0.09289299696683884,0.04667699,5.0,0.45069390943299864,1.039933453823192,구릉,13,0.8031596301996008,-0.43078838405842784,1.453393081167248,-0.5803040906822636,-0.6544286
1380,967500.0,1712500.0,18.0,7.0,20.0,산록하평지,43.14194605482328,114.00456237792969,23.11934401971621,,,67.18705030418565,0.03694566190242767,0.020523673,9.0,2.5,-0.18037748230354797,산록,18,0.7244665642703394,-0.3265618734479814,-0.4656277133442952,-0.17087057774739148,-0.22197501
1381,967500.0,1717500.0,0.0,0.0,0.0,,41.7531715722137,216.74310302734375,73.90909559197489,,,65.06066296327879,0.03694566190242767,0.020523673,9.0,2.5,-0.18037748230354797,기타,0,0.6670647671755853,0.1623487474644916,-0.4656277133442952,-0.17087057774739148,-0.22197501
1382,967500.0,1722500.0,48.0,4.0,51.0,산록하평지,40.931982156745676,414.22454833984375,182.21370156554278,,,63.25883339001391,0.03694566190242767,0.020523673,9.0,2.5,-0.18037748230354797,산록,48,0.6331227925833669,1.1021204771009645,-0.4656277133442952,-0.17087057774739148,-0.22197501
1383,967500.0,1727500.0,14.0,5.0,12.0,산 정상부,40.49375149684972,299.7326965332031,126.20258686321573,,,61.80995177566248,0.03694566190242767,0.020523673,9.0,2.5,-0.18037748230354797,기타,14,0.6150095368063886,0.5572783759539619,-0.4656277133442952,-0.17087057774739148,-0.22197501
1384,967500.0,1732500.0,20.0,1.0,17.0,산록하사면,37.708836592779676,409.36273193359375,120.12983002114201,,,60.73928115440539,0.03694566190242767,0.020523673,9.0,2.5,-0.18037748230354797,산록,20,0.49990148848654764,1.0789841383626775,-0.4656277133442952,-0.17087057774739148,-0.22197501
1385,967500.0,1737500.0,0.0,0.0,0.0,,35.414245778687715,222.56344604492188,21.340453909913627,,,60.06704930157707,0.03694566190242767,0.020523673,9.0,2.5,-0.18037748230354797,기타,0,0.40505985798762245,0.1900465082138694,-0.4656277133442952,-0.17087057774739148,-0.22197501
1386,967500.0,1742500.0,11.0,3.0,11.0,산록하사면,33.604923425273476,239.0973663330078,39.8695814987548,,,58.936779654717455,0.03380710780620576,0.017533291,1.0,0.3535533905932738,0.06218747950360276,산록,11,0.33027568250757466,0.2687278792268178,-0.5732816448213731,-0.5997119205130237,-1.0868822
1387,967500.0,1747500.0,0.0,0.0,0.0,,32.35387641690611,225.74655151367188,152.44949676170572,,,56.805474108762475,0.03380710780620576,0.017533291,1.0,0.3535533905932738,0.06218747950360276,기타,0,0.27856653359279643,0.205194222609259,-0.5732816448213731,-0.5997119205130237,-1.0868822
1388,967500.0,1752500.0,0.0,0.0,0.0,,30.672842436877783,121.53018188476562,90.54245978971288,,,55.04706878094282,0.03380710780620576,0.017533291,1.0,0.3535533905932738,0.06218747950360276,기타,0,0.20908486278210056,-0.2907490686078421,-0.5732816448213731,-0.5997119205130237,-1.0868822
1389,967500.0,1757500.0,0.0,0.0,0.0,,28.73692467220087,55.835243225097656,24.081227705237982,,,53.698209225507846,0.03380710780620576,0.017533291,1.0,0.3535533905932738,0.06218747950360276,기타,0,0.12906815732585947,-0.6033771539191578,-0.5732816448213731,-0.5997119205130237,-1.0868822
1390,967500.0,1762500.0,0.0,0.0,0.0,,27.582574500469747,46.6163215637207,13.206511950520039,,,52.79029803551958,0.03380710780620576,0.017533291,1.0,0.3535533905932738,0.06218747950360276,기타,0,0.08135574961406496,-0.6472480195662352,-0.5732816448213731,-0.5997119205130237,-1.0868822
1391,967500.0,1767500.0,0.0,0.0,0.0,,27.309082601438305,17.18079948425293,2.349530731088744,,,52.346284102422665,0.03380710780620576,0.017533291,1.0,0.3535533905932738,0.06218747950360276,기타,0,0.07005159138546423,-0.787325339000473,-0.5732816448213731,-0.5997119205130237,-1.0868822
1392,967500.0,1772500.0,0.0,0.0,0.0,,26.751018225431846,39.3028564453125,8.361933590017829,,,52.377966283391665,0.03380710780620576,0.017533291,1.0,0.3535533905932738,0.06218747950360276,기타,0,0.04698528473995322,-0.6820512272958854,-0.5732816448213731,-0.5997119205130237,-1.0868822
1393,967500.0,1777500.0,0.0,0.0,0.0,,25.094666103814724,98.91789245605469,2.790961675343258,,,52.22626298313765,0.0841658413410187,0.0433507,1.0,0.5590169943749475,0.8786460333366863,기타,0,-0.021476218256469944,-0.398356091200942,1.1540474000261172,-0.5586620815144415,-1.0868822
1395,967500.0,1787500.0,0.0,0.0,0.0,,24.283747040102288,251.43267822265625,62.02723209939407,,,52.13028033477385,0.034623841196298626,0.018574638,5.0,1.5662455107677085,-0.09089997335764959,기타,0,-0.054993691495193966,0.3274289757870347,-0.545267292442378,-0.35742659419845607,-0.6544286
1396,967500.0,1792500.0,0.0,0.0,0.0,,25.25498072127838,50.8121452331543,8.048010708697072,,,52.37756316858957,0.034623841196298626,0.018574638,5.0,1.5662455107677085,-0.09089997335764959,기타,0,-0.014849982493785005,-0.6272809970399743,-0.545267292442378,-0.35742659419845607,-0.6544286
1397,967500.0,1797500.0,0.0,0.0,0.0,,27.127987985779715,18.953500747680664,16.83849137209688,,,53.09663001714018,0.034623841196298626,0.018574638,5.0,1.5662455107677085,-0.09089997335764959,기타,0,0.06256646222075356,-0.77888943490921,-0.545267292442378,-0.35742659419845607,-0.6544286
1398,967500.0,1802500.0,0.0,0.0,0.0,,29.732833922804506,17.566810607910156,11.646319412117773,,,54.268730544159155,0.034623841196298626,0.018574638,5.0,1.5662455107677085,-0.09089997335764959,기타,0,0.17023177420087499,-0.7854883950751123,-0.545267292442378,-0.35742659419845607,-0.6544286
1399,967500.0,1807500.0,0.0,0.0,0.0,,32.89612582061207,15.429200172424316,10.65105320317944,,,55.86535698061934,0.034623841196298626,0.018574638,5.0,1.5662455107677085,-0.09089997335764959,기타,0,0.3009791647550521,-0.7956608234420741,-0.545267292442378,-0.35742659419845607,-0.6544286
1400,967500.0,1812500.0,0.0,0.0,0.0,,36.47284983285521,23.248554229736328,6.337288210963211,,,57.85137082446288,0.034623841196298626,0.018574638,5.0,1.5662455107677085,-0.09089997335764959,기타,0,0.44881482028130226,-0.7584501990441629,-0.545267292442378,-0.35742659419845607,-0.6544286
1401,967500.0,1817500.0,0.0,0.0,0.0,,40.35322113356593,73.79792785644531,65.40385014133287,,,59.02302671263367,0.017256571352481844,0.011362278,22.5,10.097184013377195,-1.555519063283256,기타,0,0.609201037658485,-0.517896600653997,-1.1409730921164383,1.3469806370260207,1.237556
1402,967500.0,1822500.0,0.0,0.0,0.0,,44.457801753786,131.03231811523438,77.59471469320154,,,59.14599177786997,0.017256571352481844,0.011362278,22.5,10.097184013377195,-1.555519063283256,기타,0,0.7788544312593013,-0.24553044573206667,-1.1409730921164383,1.3469806370260207,1.237556
1417,972500.0,1627500.0,0.0,0.0,0.0,,0.9888426535440383,42.73093032836914,17.133647378260683,,,23.50854501665917,0.0542228952050209,0.031844318,25.0,3.905124837953327,-0.08382284723490253,기타,0,-1.017834953113356,-0.665737760897542,0.1269897891896963,0.10986113000647478,1.5078394
1419,972500.0,1637500.0,0.0,0.0,0.0,,2.250875490927427,214.49913024902344,64.04935456527929,,,33.16074829413285,0.0542228952050209,0.031844318,25.0,3.905124837953327,-0.08382284723490253,기타,0,-0.9656717302391322,0.15167016358132127,0.1269897891896963,0.10986113000647478,1.5078394
1420,972500.0,1642500.0,0.0,0.0,0.0,,4.351720167337316,21.868267059326172,49.44100509426765,,,38.0542638444118,0.0542228952050209,0.031844318,25.0,3.905124837953327,-0.08382284723490253,기타,0,-0.8788381504513786,-0.7650186888558448,0.1269897891896963,0.10986113000647478,1.5078394
1421,972500.0,1647500.0,0.0,0.0,0.0,,7.573108130938118,261.74822998046875,80.01129762388335,,,42.97230231269182,0.0542228952050209,0.031844318,25.0,3.905124837953327,-0.08382284723490253,기타,0,-0.7456894927206902,0.3765184682315201,0.1269897891896963,0.10986113000647478,1.5078394
1422,972500.0,1652500.0,0.0,0.0,0.0,,11.986160904106862,172.81759643554688,79.76171469249559,,,47.90731191965013,0.0542228952050209,0.031844318,25.0,3.905124837953327,-0.08382284723490253,기타,0,-0.563286112599622,-0.0466832921765427,0.1269897891896963,0.10986113000647478,1.5078394
1423,972500.0,1657500.0,0.0,0.0,0.0,,16.732726606127247,139.2577362060547,10.278951017508428,,,52.854539111413345,0.0542228952050209,0.031844318,25.0,3.905124837953327,-0.08382284723490253,기타,0,-0.36709774311552484,-0.20638744992321406,0.1269897891896963,0.10986113000647478,1.5078394
1424,972500.0,1662500.0,0.0,0.0,0.0,,21.187611625391785,159.37106323242188,71.45035972868965,,,57.810847373076925,0.0542228952050209,0.031844318,25.0,3.905124837953327,-0.08382284723490253,기타,0,-0.18296532337537005,-0.11067245199820813,0.1269897891896963,0.10986113000647478,1.5078394
1425,972500.0,1667500.0,0.0,0.0,0.0,,24.933504022064835,293.563720703125,72.12245779776944,,,62.77408576241049,0.0542228952050209,0.031844318,25.0,3.905124837953327,-0.08382284723490253,기타,0,-0.028137482005060905,0.5279215466237729,0.1269897891896963,0.10986113000647478,1.5078394
1426,972500.0,1672500.0,0.0,0.0,0.0,,29.059324824369355,358.7000732421875,143.9036125181252,,,67.74273106850461,0.0542228952050209,0.031844318,25.0,3.905124837953327,-0.08382284723490253,기타,0,0.142393825639781,0.8378914407116972,0.1269897891896963,0.10986113000647478,1.5078394
1427,972500.0,1677500.0,0.0,0.0,0.0,,33.424677944268886,220.7754364013672,102.25216813458744,,,71.69649282569307,0.028722479194402694,0.018912915,25.5,4.475628447492039,-0.5900306784966491,기타,0,0.32282565036957744,0.18153775483366652,-0.7476868783715466,0.22384278363579274,1.5618961
1428,972500.0,1682500.0,0.0,0.0,0.0,,37.94698712820269,476.5825500488281,23.639703136914946,,,74.6865548900198,0.028722479194402694,0.018912915,25.5,4.475628447492039,-0.5900306784966491,기타,0,0.5097448927854745,1.398868797076001,-0.7476868783715466,0.22384278363579274,1.5618961
1429,972500.0,1687500.0,2.0,1.0,0.0,산록하사면,42.57626766800804,514.10888671875,23.60340977981598,,,77.88309109925741,0.028722479194402694,0.018912915,25.5,4.475628447492039,-0.5900306784966491,산록,2,0.7010855500110326,1.577448563207482,-0.7476868783715466,0.22384278363579274,1.5618961
1430,972500.0,1692500.0,0.0,0.0,0.0,,47.28110938808176,182.0987091064453,78.3327196396016,,,76.23897596138858,0.09289299696683884,0.04667699,5.0,0.45069390943299864,1.039933453823192,기타,0,0.8955493547254865,-0.002516472889398639,1.453393081167248,-0.5803040906822636,-0.6544286
1431,972500.0,1697500.0,0.0,0.0,0.0,,50.96084759169689,201.0467071533203,30.998531614683294,,,74.81032134054132,0.09289299696683884,0.04667699,5.0,0.45069390943299864,1.039933453823192,기타,0,1.0476428647738791,0.08765297502750453,1.453393081167248,-0.5803040906822636,-0.6544286
1432,972500.0,1702500.0,0.0,0.0,0.0,,51.75995864466894,75.31230163574219,12.571590170484455,,,73.69387289665893,0.09289299696683884,0.04667699,5.0,0.45069390943299864,1.039933453823192,기타,0,1.080672281063761,-0.5106900215060984,1.453393081167248,-0.5803040906822636,-0.6544286
1433,972500.0,1707500.0,0.0,0.0,0.0,,49.61041368341199,91.99312591552734,50.06336660180575,,,72.90397537818353,0.09289299696683884,0.04667699,5.0,0.45069390943299864,1.039933453823192,기타,0,0.9918257870813321,-0.43130956598852116,1.453393081167248,-0.5803040906822636,-0.6544286
1434,972500.0,1712500.0,3.0,1.0,7.0,구릉정상부,47.88833858864497,115.81566619873047,18.414572299347103,,,71.67380567716205,0.03694566190242767,0.020523673,9.0,2.5,-0.18037748230354797,구릉,3,0.9206477762454751,-0.317943219844693,-0.4656277133442952,-0.17087057774739148,-0.22197501
1435,972500.0,1717500.0,0.0,0.0,0.0,,46.64110633038345,289.36090087890625,43.93237166093971,,,69.68446424341491,0.03694566190242767,0.020523673,9.0,2.5,-0.18037748230354797,기타,0,0.8690963012470058,0.5079212309014203,-0.4656277133442952,-0.17087057774739148,-0.22197501
1436,972500.0,1722500.0,0.0,0.0,0.0,,45.90743541806237,172.19387817382812,73.09978764803616,,,68.00525489648543,0.03694566190242767,0.020523673,9.0,2.5,-0.18037748230354797,기타,0,0.8387717025661289,-0.04965143325275237,-0.4656277133442952,-0.17087057774739148,-0.22197501
1437,972500.0,1727500.0,6.0,2.0,4.0,산록하평지(추정),44.59624496949512,210.36500549316406,24.154338468730742,,,66.65961918718212,0.03694566190242767,0.020523673,9.0,2.5,-0.18037748230354797,산록,6,0.7845766629655949,0.13199675291633964,-0.4656277133442952,-0.17087057774739148,-0.22197501
1438,972500.0,1732500.0,16.0,3.0,1.0,산록하사면,42.083696513870535,248.55670166015625,40.9505946565642,,,65.66806656834295,0.03694566190242767,0.020523673,9.0,2.5,-0.18037748230354797,산록,16,0.68072625496451,0.31374282180807406,-0.4656277133442952,-0.17087057774739148,-0.22197501
1439,972500.0,1737500.0,1.0,1.0,0.0,,40.01675336481899,283.97674560546875,31.88181777915624,,,65.04679164623346,0.03694566190242767,0.020523673,9.0,2.5,-0.18037748230354797,기타,1,0.5952939167886913,0.4822991938237454,-0.4656277133442952,-0.17087057774739148,-0.22197501
1440,972500.0,1742500.0,2.0,2.0,0.0,산록하사면,38.399925422934324,337.8235778808594,14.518098111107285,,,63.4157520034071,0.03380710780620576,0.017533291,1.0,0.3535533905932738,0.06218747950360276,산록,2,0.5284660548000406,0.7385446888008163,-0.5732816448213731,-0.5997119205130237,-1.0868822
1441,972500.0,1747500.0,17.0,8.0,13.0,구릉정상,37.26736067526059,323.3116455078125,38.54352998554455,,,61.44001542000293,0.03380710780620576,0.017533291,1.0,0.3535533905932738,0.06218747950360276,구릉,17,0.4816540974543961,0.6694855234447759,-0.5732816448213731,-0.5997119205130237,-1.0868822
1442,972500.0,1752500.0,10.0,1.0,1.0,산록하평지,35.19561611098232,175.45889282226562,109.22927368134263,,,59.81800220220301,0.03380710780620576,0.017533291,1.0,0.3535533905932738,0.06218747950360276,산록,10,0.3960233038302211,-0.03411393068589065,-0.5732816448213731,-0.5997119205130237,-1.0868822
1443,972500.0,1757500.0,0.0,0.0,0.0,,33.52191775376008,189.89215087890625,75.02234031880906,,,58.57910275956205,0.03380710780620576,0.017533291,1.0,0.3535533905932738,0.06218747950360276,기타,0,0.32684483410591564,0.03457084051737216,-0.5732816448213731,-0.5997119205130237,-1.0868822
1444,972500.0,1762500.0,0.0,0.0,0.0,,32.53777107221808,57.47570037841797,25.994549808888248,,,57.747979815469705,0.03380710780620576,0.017533291,1.0,0.3535533905932738,0.06218747950360276,기타,0,0.2861673959525312,-0.5955705711086522,-0.5732816448213731,-0.5997119205130237,-1.0868822
1445,972500.0,1767500.0,0.0,0.0,0.0,,32.30625516531262,125.970703125,49.336423436446836,,,57.34236710688235,0.03380710780620576,0.017533291,1.0,0.3535533905932738,0.06218747950360276,기타,0,0.2765982187543561,-0.26961758296462657,-0.5732816448213731,-0.5997119205130237,-1.0868822
1446,972500.0,1772500.0,0.0,0.0,0.0,,31.36986126808169,84.49534606933594,24.667118482369613,,,57.37129036437152,0.03380710780620576,0.017533291,1.0,0.3535533905932738,0.06218747950360276,기타,0,0.23789453204158195,-0.46698988787060325,-0.5732816448213731,-0.5997119205130237,-1.0868822
1450,972500.0,1792500.0,0.0,0.0,0.0,,30.07572142602925,133.0330352783203,35.22838988535081,,,57.35600443916218,0.034623841196298626,0.018574638,5.0,1.5662455107677085,-0.09089997335764959,기타,0,0.1844042400208471,-0.2360094630094046,-0.545267292442378,-0.35742659419845607,-0.6544286
1451,972500.0,1797500.0,0.0,0.0,0.0,,31.664849600473087,58.779747009277344,27.9903030085728,,,58.01339708138692,0.034623841196298626,0.018574638,5.0,1.5662455107677085,-0.09089997335764959,기타,0,0.2500871958709412,-0.5893648936290791,-0.545267292442378,-0.35742659419845607,-0.6544286
1452,972500.0,1802500.0,0.0,0.0,0.0,,33.923095099725884,58.15562057495117,48.14262608863959,,,59.088046478286564,0.034623841196298626,0.018574638,5.0,1.5662455107677085,-0.09089997335764959,기타,0,0.3434265764265766,-0.5923349771109495,-0.545267292442378,-0.35742659419845607,-0.6544286
1453,972500.0,1807500.0,4.0,2.0,1.0,산록하사면,36.727238693774844,229.66448974609375,45.75602966493077,,,60.55774295924209,0.034623841196298626,0.018574638,5.0,1.5662455107677085,-0.09089997335764959,산록,4,0.4593293983935353,0.2238388481003553,-0.545267292442378,-0.35742659419845607,-0.6544286
1454,972500.0,1812500.0,0.0,0.0,0.0,,39.96252923669845,147.13690185546875,150.4315725236751,,,62.39457691190089,0.034623841196298626,0.018574638,5.0,1.5662455107677085,-0.09089997335764959,기타,0,0.5930526872449525,-0.16889219502103897,-0.545267292442378,-0.35742659419845607,-0.6544286
1455,972500.0,1817500.0,0.0,0.0,0.0,,43.532946418987585,535.8536376953125,128.72274746410253,,,64.02230151317046,0.017256571352481844,0.011362278,22.5,10.097184013377195,-1.555519063283256,기타,0,0.7406276644696754,1.680927156871922,-1.1409730921164383,1.3469806370260207,1.237556
1456,972500.0,1822500.0,0.0,0.0,0.0,,47.362760739244386,149.07528686523438,89.95703968614717,,,64.13568236255777,0.017256571352481844,0.011362278,22.5,10.097184013377195,-1.555519063283256,기타,0,0.8989242254122971,-0.15966783761142897,-1.1409730921164383,1.3469806370260207,1.237556
1471,977500.0,1627500.0,0.0,0.0,0.0,,0.04297915154967064,42.25461196899414,39.08918425452461,,,22.46634558558695,0.0542228952050209,0.031844318,25.0,3.905124837953327,-0.08382284723490253,기타,0,-1.0569300441455534,-0.6680044575370117,0.1269897891896963,0.10986113000647478,1.5078394
1472,977500.0,1632500.0,0.0,0.0,0.0,,0.0008928335399601112,73.7395248413086,8.58505413267181,,,27.445007802591245,0.0542228952050209,0.031844318,25.0,3.905124837953327,-0.08382284723490253,기타,0,-1.0586695852424772,-0.5181745280433989,0.1269897891896963,0.10986113000647478,1.5078394
1473,977500.0,1637500.0,0.0,0.0,0.0,,1.5613954965410486,-1.0,7.036940141715692,,,32.430236240236766,0.0542228952050209,0.031844318,25.0,3.905124837953327,-0.08382284723490253,기타,0,-0.9941697990287396,-0.8738438539447668,0.1269897891896963,0.10986113000647478,1.5078394
1474,977500.0,1642500.0,14.0,3.0,9.0,산록하평지,1.260515055288443,6.466744422912598,31.120963135633254,,,37.4194066215759,0.0542228952050209,0.031844318,25.0,3.905124837953327,-0.08382284723490253,산록,14,-1.0066059996176997,-0.8383112229678661,0.1269897891896963,0.10986113000647478,1.5078394
1475,977500.0,1647500.0,0.0,0.0,0.0,,6.156702417761281,67.47198486328125,96.35818039901199,,,42.41112779948337,0.0542228952050209,0.031844318,25.0,3.905124837953327,-0.08382284723490253,기타,0,-0.8042333631400636,-0.5480004029573481,0.1269897891896963,0.10986113000647478,1.5078394
1476,977500.0,1652500.0,0.0,0.0,0.0,,11.14545069152102,439.3132019042969,102.37040871911634,,,47.404593981357785,0.0542228952050209,0.031844318,25.0,3.905124837953327,-0.08382284723490253,기타,0,-0.5980349344152852,1.2215119840711843,0.1269897891896963,0.10986113000647478,1.5078394
1477,977500.0,1657500.0,0.0,0.0,0.0,,14.11752808140514,272.5177001953125,40.81521120270277,,,52.39930629169297,0.0542228952050209,0.031844318,25.0,3.905124837953327,-0.08382284723490253,기타,0,-0.475190955482533,0.4277680609973452,0.1269897891896963,0.10986113000647478,1.5078394
1478,977500.0,1662500.0,0.0,0.0,0.0,,17.946290300759895,264.01165771484375,106.84504779896773,,,57.39493940378304,0.0542228952050209,0.031844318,25.0,3.905124837953327,-0.08382284723490253,기타,0,-0.31693788070937856,0.3872896340667446,0.1269897891896963,0.10986113000647478,1.5078394
1479,977500.0,1667500.0,0.0,0.0,0.0,,22.244866194001588,264.37530517578125,119.01121386315793,,,62.078338901009126,0.028722479194402694,0.018912915,25.5,4.475628447492039,-0.5900306784966491,기타,0,-0.13926613896149362,0.3890201541305529,-0.7476868783715466,0.22384278363579274,1.5618961
1480,977500.0,1672500.0,0.0,0.0,0.0,,26.788034799494355,262.6964416503906,32.453685720765066,,,64.74113498034946,0.028722479194402694,0.018912915,25.5,4.475628447492039,-0.5900306784966491,기타,0,0.04851527963839522,0.381030803654698,-0.7476868783715466,0.22384278363579274,1.5618961
1481,977500.0,1677500.0,0.0,0.0,0.0,,31.470042021719742,80.25741577148438,4.3854822150092865,,,67.66911375494075,0.028722479194402694,0.018912915,25.5,4.475628447492039,-0.5900306784966491,기타,0,0.24203527293590305,-0.4871572867864278,-0.7476868783715466,0.22384278363579274,1.5618961
1482,977500.0,1682500.0,0.0,0.0,0.0,,36.23698485477245,88.38361358642578,38.64778292205532,,,70.82939611640352,0.028722479194402694,0.018912915,25.5,4.475628447492039,-0.5900306784966491,기타,0,0.43906588423502313,-0.4484864589330516,-0.7476868783715466,0.22384278363579274,1.5618961
1483,977500.0,1687500.0,0.0,0.0,0.0,,40.28991819127871,158.74862670898438,101.78371179527329,,,74.19230251211833,0.028722479194402694,0.018912915,25.5,4.475628447492039,-0.5900306784966491,기타,0,0.606584556225269,-0.11363449355757659,-0.7476868783715466,0.22384278363579274,1.5618961
1484,977500.0,1692500.0,0.0,0.0,0.0,,43.88987504957875,410.0753173828125,71.32295277673558,,,77.73153896511354,0.028722479194402694,0.018912915,25.5,4.475628447492039,-0.5900306784966491,기타,0,0.7553804879749028,1.0823751792732115,-0.7476868783715466,0.22384278363579274,1.5618961
1485,977500.0,1697500.0,0.0,0.0,0.0,,47.5752088460039,302.71978759765625,131.4503833944689,,,79.655180141242,0.09289299696683884,0.04667699,5.0,0.45069390943299864,1.039933453823192,기타,0,0.9077052789743266,0.5714932999524196,1.453393081167248,-0.5803040906822636,-0.6544286
1486,977500.0,1702500.0,0.0,0.0,0.0,,51.48281132197561,170.29803466796875,142.49708870827249,,,78.60757245181652,0.09289299696683884,0.04667699,5.0,0.45069390943299864,1.039933453823192,기타,0,1.0692170343107363,-0.058673344793870534,1.453393081167248,-0.5803040906822636,-0.6544286
1487,977500.0,1707500.0,0.0,0.0,0.0,,54.25180742816494,284.04150390625,77.14231240740607,,,77.86753604809552,0.09289299696683884,0.04667699,5.0,0.45069390943299864,1.039933453823192,기타,0,1.1836671157559093,0.4826073646508184,1.453393081167248,-0.5803040906822636,-0.6544286
1488,977500.0,1712500.0,20.0,2.0,30.0,구릉정상,52.68167077992235,149.94451904296875,29.334388256123223,,,76.22446531080426,0.03694566190242767,0.020523673,9.0,2.5,-0.18037748230354797,구릉,20,1.1187691309339949,-0.1555313486069432,-0.4656277133442952,-0.17087057774739148,-0.22197501
1489,977500.0,1717500.0,0.0,0.0,0.0,,51.55054086142604,168.42518615722656,4.609607313477451,,,74.35697175492146,0.03694566190242767,0.020523673,9.0,2.5,-0.18037748230354797,기타,0,1.0720164789502644,-0.06758582809832543,-0.4656277133442952,-0.17087057774739148,-0.22197501
1490,977500.0,1722500.0,0.0,0.0,0.0,,50.88770077383128,157.0292510986328,57.30914335569635,,,72.78563996563038,0.03694566190242767,0.020523673,9.0,2.5,-0.18037748230354797,기타,0,1.0446195093984554,-0.1218166323335914,-0.4656277133442952,-0.17087057774739148,-0.22197501
1491,977500.0,1727500.0,4.0,1.0,3.0,평지,48.866207346895855,387.36676025390625,48.04250744914705,,,71.52999036663262,0.03694566190242767,0.020523673,9.0,2.5,-0.18037748230354797,평지,4,0.9610657308877167,0.9743100393973587,-0.4656277133442952,-0.17087057774739148,-0.22197501
1492,977500.0,1732500.0,20.0,1.0,11.0,산록하사면,46.58453249053981,286.185302734375,21.27111098401613,,,70.6068669358352,0.03694566190242767,0.020523673,9.0,2.5,-0.18037748230354797,산록,20,0.86675795177685,0.4928092422475292,-0.4656277133442952,-0.17087057774739148,-0.22197501
1493,977500.0,1737500.0,0.0,0.0,0.0,,44.683374357015325,322.32122802734375,56.425343972788575,,,70.02942092534337,0.03694566190242767,0.020523673,9.0,2.5,-0.18037748230354797,기타,0,0.788177955678021,0.6647723396456121,-0.4656277133442952,-0.17087057774739148,-0.22197501
1494,977500.0,1742500.0,0.0,0.0,0.0,,43.238734196833924,306.2223205566406,51.81929746261001,,,67.96742755354614,0.03380710780620576,0.017533291,1.0,0.3535533905932738,0.06218747950360276,기타,0,0.7284670793708428,0.5881611010805955,-0.5732816448213731,-0.5997119205130237,-1.0868822
1495,977500.0,1747500.0,24.0,8.0,20.0,산록하사면,41.85274121545122,396.0093078613281,5.356003091134854,,,66.12782395405969,0.03380710780620576,0.017533291,1.0,0.3535533905932738,0.06218747950360276,산록,24,0.6711802492279176,1.0154380648715489,-0.5732816448213731,-0.5997119205130237,-1.0868822
1496,977500.0,1752500.0,17.0,2.0,1.0,산록하사면,39.83264394571048,350.14739990234375,102.62966995130839,,,64.62357923816722,0.03380710780620576,0.017533291,1.0,0.3535533905932738,0.06218747950360276,산록,17,0.5876841776616867,0.7971911075493494,-0.5732816448213731,-0.5997119205130237,-1.0868822
1497,977500.0,1757500.0,0.0,0.0,0.0,,38.3617921917624,219.1320037841797,25.33935518480815,,,63.47853878441314,0.03380710780620576,0.017533291,1.0,0.3535533905932738,0.06218747950360276,기타,0,0.5268899054498702,0.17371701243049387,-0.5732816448213731,-0.5997119205130237,-1.0868822
1498,977500.0,1762500.0,0.0,0.0,0.0,,37.504862039769975,111.57506561279297,44.24452806520516,,,62.7123813840362,0.03380710780620576,0.017533291,1.0,0.3535533905932738,0.06218747950360276,기타,0,0.4914706697676185,-0.33812332608727,-0.5732816448213731,-0.5997119205130237,-1.0868822
1499,977500.0,1767500.0,0.0,0.0,0.0,,37.30418546330151,385.3133544921875,41.99964159071091,,,62.339078205483396,0.03380710780620576,0.017533291,1.0,0.3535533905932738,0.06218747950360276,기타,0,0.4831761653190145,0.9645383229645451,-0.5732816448213731,-0.5997119205130237,-1.0868822
1500,977500.0,1772500.0,0.0,0.0,0.0,,36.090433855247525,273.6739196777344,76.81204584832314,,,62.3656841873954,0.03380710780620576,0.017533291,1.0,0.3535533905932738,0.06218747950360276,기타,0,0.4330085359440637,0.4332702608678979,-0.5732816448213731,-0.5997119205130237,-1.0868822
1501,977500.0,1777500.0,0.0,0.0,0.0,,34.88043443858688,161.0789337158203,62.56682522383813,,,62.22459263620867,0.0841658413410187,0.0433507,1.0,0.5590169943749475,0.8786460333366863,기타,0,0.3829959947650138,-0.10254506364717282,1.1540474000261172,-0.5586620815144415,-1.0868822
1504,977500.0,1792500.0,0.0,0.0,0.0,,34.946873785219864,72.03038024902344,49.086255100624086,,,62.33789671596878,0.034623841196298626,0.018574638,5.0,1.5662455107677085,-0.09089997335764959,기타,0,0.3857421122536994,-0.5263079796046276,-0.545267292442378,-0.35742659419845607,-0.6544286
1505,977500.0,1797500.0,0.0,0.0,0.0,,36.323513985909365,131.9899139404297,68.2436677170256,,,62.94327893165618,0.034623841196298626,0.018574638,5.0,1.5662455107677085,-0.09089997335764959,기타,0,0.4426423667312837,-0.24097345313201554,-0.545267292442378,-0.35742659419845607,-0.6544286
1506,977500.0,1802500.0,0.0,0.0,0.0,,38.308110749670476,225.23191833496094,50.15684278769787,,,63.935118349509246,0.034623841196298626,0.018574638,5.0,1.5662455107677085,-0.09089997335764959,기타,0,0.5246711065841796,0.20274519398421442,-0.545267292442378,-0.35742659419845607,-0.6544286
1507,977500.0,1807500.0,0.0,0.0,0.0,,40.81206966245996,188.03054809570312,0.2760283090925368,,,65.29580655802664,0.034623841196298626,0.018574638,5.0,1.5662455107677085,-0.09089997335764959,기타,0,0.628166485600263,0.025711873211869376,-0.545267292442378,-0.35742659419845607,-0.6544286
1508,977500.0,1812500.0,0.0,0.0,0.0,,43.74629939843999,149.99563598632812,35.05630629727798,,,67.00287568276988,0.034623841196298626,0.018574638,5.0,1.5662455107677085,-0.09089997335764959,기타,0,0.7494461188619794,-0.1552880940662518,-0.545267292442378,-0.35742659419845607,-0.6544286
1509,977500.0,1817500.0,0.0,0.0,0.0,,47.03033480619095,308.25042724609375,112.82611078314362,,,69.02168137452425,0.017256571352481844,0.011362278,22.5,10.097184013377195,-1.555519063283256,기타,0,0.8851841645189605,0.5978124246690908,-1.1409730921164383,1.3469806370260207,1.237556
1510,977500.0,1822500.0,0.0,0.0,0.0,,50.596107290056246,144.34841918945312,54.91101982831023,,,69.12686280190896,0.017256571352481844,0.011362278,22.5,10.097184013377195,-1.555519063283256,기타,0,1.0325671638237044,-0.18216198436229086,-1.1409730921164383,1.3469806370260207,1.237556
1525,982500.0,1627500.0,0.0,0.0,0.0,,1.2426498733085445,41.312801361083984,16.137698532770912,,,22.512700396481844,0.0542228952050209,0.031844318,25.0,3.905124837953327,-0.08382284723490253,기타,0,-1.0073444157996734,-0.6724863316826314,0.1269897891896963,0.10986113000647478,1.5078394
1526,982500.0,1632500.0,0.0,0.0,0.0,,1.3956325289645979,1.5,13.33681572997967,,,27.482966514825613,0.0542228952050209,0.031844318,25.0,3.905124837953327,-0.08382284723490253,기타,0,-1.001021229804432,-0.8619468915725633,0.1269897891896963,0.10986113000647478,1.5078394
1527,982500.0,1637500.0,0.0,0.0,0.0,,0.417819436337225,18.025075912475586,8.380638705810098,,,32.46236617636333,0.0542228952050209,0.031844318,25.0,3.905124837953327,-0.08382284723490253,기타,0,-1.0414368836362355,-0.7833076090411517,0.1269897891896963,0.10986113000647478,1.5078394
1528,982500.0,1642500.0,0.0,0.0,0.0,,4.476209088847067,37.07809829711914,54.89865124124794,,,37.447256068790544,0.0542228952050209,0.031844318,25.0,3.905124837953327,-0.08382284723490253,기타,0,-0.8736926873812191,-0.6926383728864093,0.1269897891896963,0.10986113000647478,1.5078394
1529,982500.0,1647500.0,0.0,0.0,0.0,,5.189371391623673,102.86748504638672,163.08589959872194,,,42.4357014363477,0.0542228952050209,0.031844318,25.0,3.905124837953327,-0.08382284723490253,기타,0,-0.8442157648770785,-0.3795608294278564,0.1269897891896963,0.10986113000647478,1.5078394
1530,982500.0,1652500.0,0.0,0.0,0.0,,7.049419257647269,37.490623474121094,23.186182548399728,,,47.42658037122341,0.0542228952050209,0.031844318,25.0,3.905124837953327,-0.08382284723490253,기타,0,-0.7673349670736868,-0.6906752542830578,0.1269897891896963,0.10986113000647478,1.5078394
1531,982500.0,1657500.0,0.0,0.0,0.0,,11.066121646718608,311.9412841796875,82.19673489908415,,,52.41919777163121,0.0542228952050209,0.031844318,25.0,3.905124837953327,-0.08382284723490253,기타,0,-0.6013138179132829,0.6153764190931513,0.1269897891896963,0.10986113000647478,1.5078394
1532,982500.0,1662500.0,0.0,0.0,0.0,,15.65962275183729,404.1925048828125,81.39032511449248,,,55.26977144649426,0.028722479194402694,0.018912915,25.5,4.475628447492039,-0.5900306784966491,기타,0,-0.4114520212772354,1.05438013969112,-0.7476868783715466,0.22384278363579274,1.5618961
1533,982500.0,1667500.0,0.0,0.0,0.0,,20.43484834879392,757.280029296875,76.42256394984304,,,57.81385676101359,0.028722479194402694,0.018912915,25.5,4.475628447492039,-0.5900306784966491,기타,0,-0.21407906099420881,2.7346477365105595,-0.7476868783715466,0.22384278363579274,1.5618961
1534,982500.0,1672500.0,0.0,0.0,0.0,,25.23456654140533,205.39578247070312,77.39684633502476,,,60.66412804465487,0.028722479194402694,0.018912915,25.5,4.475628447492039,-0.5900306784966491,기타,0,-0.015693755637374712,0.10834928918941752,-0.7476868783715466,0.22384278363579274,1.5618961
1535,982500.0,1677500.0,0.0,0.0,0.0,,29.34503001805799,136.4873504638672,83.12650523227269,,,63.77954867552424,0.028722479194402694,0.018912915,25.5,4.475628447492039,-0.5900306784966491,기타,0,0.15420279229519943,-0.2195711198957316,-0.7476868783715466,0.22384278363579274,1.5618961
1536,982500.0,1682500.0,0.0,0.0,0.0,,33.31087925773673,164.54061889648438,165.5263303300653,,,67.1232093026611,0.028722479194402694,0.018912915,25.5,4.475628447492039,-0.5900306784966491,기타,0,0.31812204355956897,-0.08607164831166285,-0.7476868783715466,0.22384278363579274,1.5618961
1537,982500.0,1687500.0,0.0,0.0,0.0,,36.81893910029337,113.16393280029297,57.6722389250554,,,70.66271736159129,0.028722479194402694,0.018912915,25.5,4.475628447492039,-0.5900306784966491,기타,0,0.4631196236564535,-0.3305622488296235,-0.7476868783715466,0.22384278363579274,1.5618961
1538,982500.0,1692500.0,0.0,0.0,0.0,,40.530403912919056,335.5249328613281,129.81323622745654,,,74.37011511863767,0.028722479194402694,0.018912915,25.5,4.475628447492039,-0.5900306784966491,기타,0,0.6165244800722609,0.7276059314790497,-0.7476868783715466,0.22384278363579274,1.5618961
1539,982500.0,1697500.0,0.0,0.0,0.0,,44.49486494212131,66.59093475341797,18.928882186893233,,,78.22153425109165,0.028722479194402694,0.018912915,25.5,4.475628447492039,-0.5900306784966491,기타,0,0.7803863528514309,-0.5521931309593757,-0.7476868783715466,0.22384278363579274,1.5618961
1540,982500.0,1702500.0,0.0,0.0,0.0,,48.65051254705205,54.76713180541992,2.079933621840394,,,82.19673240725564,0.028722479194402694,0.018912915,25.5,4.475628447492039,-0.5900306784966491,기타,0,0.9521504827390306,-0.6084600664668486,-0.7476868783715466,0.22384278363579274,1.5618961
1541,982500.0,1707500.0,0.0,0.0,0.0,,52.95235345066469,76.47258758544922,13.984511555272693,,,82.83547980461098,0.09289299696683884,0.04667699,5.0,0.45069390943299864,1.039933453823192,기타,0,1.1299571761764606,-0.505168470192234,1.453393081167248,-0.5803040906822636,-0.6544286
1542,982500.0,1712500.0,0.0,0.0,0.0,,57.36750910434733,114.61329650878906,25.25926287962356,,,80.8282364250787,0.03694566190242767,0.020523673,9.0,2.5,-0.18037748230354797,기타,0,1.3124474740239735,-0.32366503862817736,-0.4656277133442952,-0.17087057774739148,-0.22197501
1543,982500.0,1717500.0,0.0,0.0,0.0,,56.47586853240044,392.1185607910156,27.60953407939686,,,79.06955128387034,0.03694566190242767,0.020523673,9.0,2.5,-0.18037748230354797,기타,0,1.2755935630159223,0.9969228362734414,-0.4656277133442952,-0.17087057774739148,-0.22197501
1544,982500.0,1722500.0,0.0,0.0,0.0,,55.72050725422443,140.076416015625,51.670695042085256,,,77.5937115807511,0.03694566190242767,0.020523673,9.0,2.5,-0.18037748230354797,기타,0,1.244372442980926,-0.20249152876747775,-0.4656277133442952,-0.17087057774739148,-0.22197501
1545,982500.0,1727500.0,0.0,0.0,0.0,,53.26337743290805,147.3873291015625,18.009493029456934,,,76.41710681202849,0.03694566190242767,0.020523673,9.0,2.5,-0.18037748230354797,기타,0,1.1428126366877946,-0.16770046561153823,-0.4656277133442952,-0.17087057774739148,-0.22197501
1546,982500.0,1732500.0,0.0,0.0,0.0,,51.17235367657383,321.1809997558594,85.71496523165126,,,75.55371830800358,0.03694566190242767,0.020523673,9.0,2.5,-0.18037748230354797,기타,0,1.0563849820293738,0.6593462385089832,-0.4656277133442952,-0.17087057774739148,-0.22197501
1547,982500.0,1737500.0,0.0,0.0,0.0,,49.41525410232754,251.2199249267578,24.142113482798536,,,74.59401398023095,0.03380710780620576,0.017533291,1.0,0.3535533905932738,0.06218747950360276,기타,0,0.9837593149400402,0.32641652860468834,-0.5732816448213731,-0.5997119205130237,-1.0868822
1548,982500.0,1742500.0,0.0,0.0,0.0,,48.08671371445629,293.78094482421875,19.95294271675294,,,72.57812903578775,0.03380710780620576,0.017533291,1.0,0.3535533905932738,0.06218747950360276,기타,0,0.9288471555277547,0.5289552695017679,-0.5732816448213731,-0.5997119205130237,-1.0868822
1549,982500.0,1747500.0,0.0,0.0,0.0,,46.36334842870645,277.08746337890625,41.605604825343164,,,70.85832842360892,0.03380710780620576,0.017533291,1.0,0.3535533905932738,0.06218747950360276,기타,0,0.8576158176168857,0.44951458125538357,-0.5732816448213731,-0.5997119205130237,-1.0868822
1550,982500.0,1752500.0,0.0,0.0,0.0,,44.548262075863896,385.1793518066406,81.92944983378304,,,69.45660947412127,0.03380710780620576,0.017533291,1.0,0.3535533905932738,0.06218747950360276,기타,0,0.7825934004858127,0.9639006330014549,-0.5732816448213731,-0.5997119205130237,-1.0868822
1551,982500.0,1757500.0,0.0,0.0,0.0,,43.23812242036037,439.3836669921875,40.53348444023777,,,68.39253243076438,0.03380710780620576,0.017533291,1.0,0.3535533905932738,0.06218747950360276,기타,0,0.7284417929982588,1.2218473122708597,-0.5732816448213731,-0.5997119205130237,-1.0868822
1552,982500.0,1762500.0,0.0,0.0,0.0,,42.47967522117238,274.708251953125,127.5276743201749,,,67.6820240901949,0.03380710780620576,0.017533291,1.0,0.3535533905932738,0.06218747950360276,기타,0,0.6970931235202116,0.43819242573216904,-0.5732816448213731,-0.5997119205130237,-1.0868822
1553,982500.0,1767500.0,0.0,0.0,0.0,,42.30260492398197,257.97998046875,88.22351242993828,,,67.33627757456073,0.03380710780620576,0.017533291,1.0,0.3535533905932738,0.06218747950360276,기타,0,0.6897743302977635,0.35858617917152313,-0.5732816448213731,-0.5997119205130237,-1.0868822
1554,982500.0,1772500.0,0.0,0.0,0.0,,40.87750769972775,428.65667724609375,31.716446348956627,,,67.36090980866317,0.03380710780620576,0.017533291,1.0,0.3535533905932738,0.06218747950360276,기타,0,0.6308712162707649,1.1707998749203434,-0.5732816448213731,-0.5997119205130237,-1.0868822
1555,982500.0,1777500.0,0.0,0.0,0.0,,39.813263198409935,431.73809814453125,63.45622602595004,,,67.22394380368682,0.0841658413410187,0.0433507,1.0,0.5590169943749475,0.8786460333366863,기타,0,0.5868831190751261,1.1854636943129966,1.1540474000261172,-0.5586620815144415,-1.0868822
1556,982500.0,1782500.0,0.0,0.0,0.0,,39.26565412131992,359.12091064453125,132.7377679740765,,,67.17476764114073,0.07296976000070575,0.037741095,3.5,5.960461251322674,-0.05204332596848791,기타,0,0.5642489581483635,0.8398941154078969,0.7700163664770241,0.5204994489293155,-0.8165987
1557,982500.0,1787500.0,0.0,0.0,0.0,,39.24162680750626,471.7883605957031,135.48324730831584,,,67.1302651046375,0.034623841196298626,0.018574638,5.0,1.5662455107677085,-0.09089997335764959,기타,0,0.5632558444286527,1.3760542804643838,-0.545267292442378,-0.35742659419845607,-0.6544286
1558,982500.0,1792500.0,0.0,0.0,0.0,,39.8499555259985,453.8680114746094,132.6598826733397,,,67.32247387549266,0.034623841196298626,0.018574638,5.0,1.5662455107677085,-0.09089997335764959,기타,0,0.5883997119917929,1.2907751927882225,-0.545267292442378,-0.35742659419845607,-0.6544286
1559,982500.0,1797500.0,0.0,0.0,0.0,,41.06254541974383,231.4984893798828,54.71276547655534,,,67.88341833182736,0.034623841196298626,0.018574638,5.0,1.5662455107677085,-0.09089997335764959,기타,0,0.6385193245793799,0.2325664579538847,-0.545267292442378,-0.35742659419845607,-0.6544286
1560,982500.0,1802500.0,0.0,0.0,0.0,,42.828101957394644,115.021728515625,37.506897617189296,,,68.80408040306443,0.034623841196298626,0.018574638,5.0,1.5662455107677085,-0.09089997335764959,기타,0,0.7114945407880723,-0.3217213985414051,-0.545267292442378,-0.35742659419845607,-0.6544286
1561,982500.0,1807500.0,0.0,0.0,0.0,,45.08170358579473,108.54006958007812,39.10975664563095,,,70.0702824013778,0.034623841196298626,0.018574638,5.0,1.5662455107677085,-0.09089997335764959,기타,0,0.8046419776294764,-0.35256621952766826,-0.545267292442378,-0.35742659419845607,-0.6544286
1562,982500.0,1812500.0,0.0,0.0,0.0,,47.754305346449364,122.84512329101562,73.98944802437586,,,71.66371098056754,0.034623841196298626,0.018574638,5.0,1.5662455107677085,-0.09089997335764959,기타,0,0.9151078206451913,-0.28449154523511866,-0.545267292442378,-0.35742659419845607,-0.6544286
1563,982500.0,1817500.0,0.0,0.0,0.0,,50.77979283185772,104.76032257080078,9.535792216487799,,,73.56310533959125,0.034623841196298626,0.018574638,5.0,1.5662455107677085,-0.09089997335764959,기타,0,1.0401593829577394,-0.37055322270599683,-0.545267292442378,-0.35742659419845607,-0.6544286
1580,987500.0,1632500.0,0.0,0.0,0.0,,1.106993047440053,44.57177734375,21.912943091686287,,,27.36463506003342,0.10341246277093888,0.05643125,9.75,4.419417382415922,0.6705494099382681,기타,0,-1.012951478494539,-0.6569775658275543,1.8142158728512496,0.21261230228121986,-0.14088996
1581,987500.0,1637500.0,0.0,0.0,0.0,,2.1720762179122906,26.37444496154785,7.847588268110958,,,32.36426307230791,0.10341246277093888,0.05643125,9.75,4.419417382415922,0.6705494099382681,기타,0,-0.9689287168395265,-0.7435747572777702,1.8142158728512496,0.21261230228121986,-0.14088996
1582,987500.0,1642500.0,0.0,0.0,0.0,,0.26700901143025146,1.5864009857177734,1.0198257556703811,,,37.36399063882626,0.10341246277093888,0.05643125,9.75,4.419417382415922,0.6705494099382681,기타,0,-1.0476702854726643,-0.861535727862161,1.8142158728512496,0.21261230228121986,-0.14088996
1583,987500.0,1647500.0,0.0,0.0,0.0,,0.28986998967410565,59.517757415771484,43.64253119875097,,,42.36378251175218,0.10341246277093888,0.05643125,9.75,4.419417382415922,0.6705494099382681,기타,0,-1.0467253795495113,-0.5858528608145369,1.8142158728512496,0.21261230228121986,-0.14088996
1584,987500.0,1652500.0,0.0,0.0,0.0,,4.6327118428153895,314.15155029296875,172.6710891209216,,,46.562653628757005,0.028722479194402694,0.018912915,25.5,4.475628447492039,-0.5900306784966491,기타,0,-0.8672240062234408,0.6258946002060567,-0.7476868783715466,0.22384278363579274,1.5618961
1586,987500.0,1662500.0,0.0,0.0,0.0,,14.433491806563639,206.7850799560547,38.97102383061941,,,50.92611813816331,0.028722479194402694,0.018912915,25.5,4.475628447492039,-0.5900306784966491,기타,0,-0.4621313220661912,0.11496065715222734,-0.7476868783715466,0.22384278363579274,1.5618961
1587,987500.0,1667500.0,0.0,0.0,0.0,,18.68111521460959,226.83999633789062,78.99135670700448,,,53.67647442276227,0.028722479194402694,0.018912915,25.5,4.475628447492039,-0.5900306784966491,기타,0,-0.28656558403115073,0.2103976913811835,-0.7476868783715466,0.22384278363579274,1.5618961
1588,987500.0,1672500.0,0.0,0.0,0.0,,22.303989684007398,207.25625610351562,31.832348981063408,,,56.734983072992414,0.028722479194402694,0.018912915,25.5,4.475628447492039,-0.5900306784966491,기타,0,-0.13682240556968323,0.11720288311103637,-0.7476868783715466,0.22384278363579274,1.5618961
1589,987500.0,1677500.0,40.0,7.0,41.0,산록하사면,26.380899264185413,373.2536926269531,91.91149962290773,,,60.05458102533078,0.028722479194402694,0.018912915,25.5,4.475628447492039,-0.5900306784966491,산록,40,0.03168726927349132,0.9071489855916686,-0.7476868783715466,0.22384278363579274,1.5618961
1590,987500.0,1682500.0,0.0,0.0,0.0,,29.748065837539556,143.9702606201172,45.41891737520334,,,63.59439519299877,0.028722479194402694,0.018912915,25.5,4.475628447492039,-0.5900306784966491,기타,0,0.1708613503415188,-0.18396155967033723,-0.7476868783715466,0.22384278363579274,1.5618961
1591,987500.0,1687500.0,0.0,0.0,0.0,,33.49666828130584,65.68516540527344,40.60533534076195,,,67.31969620993983,0.028722479194402694,0.018912915,25.5,4.475628447492039,-0.5900306784966491,기타,0,0.32580120527148854,-0.556503492500484,-0.7476868783715466,0.22384278363579274,1.5618961
1592,987500.0,1692500.0,0.0,0.0,0.0,,37.53806269403221,166.6792755126953,120.25996844821763,,,71.20137565829661,0.028722479194402694,0.018912915,25.5,4.475628447492039,-0.5900306784966491,기타,0,0.49284294240312443,-0.07589424139561259,-0.7476868783715466,0.22384278363579274,1.5618961
1593,987500.0,1697500.0,0.0,0.0,0.0,,41.787384647694154,229.80807495117188,126.12842197484773,,,75.21522647356157,0.028722479194402694,0.018912915,25.5,4.475628447492039,-0.5900306784966491,기타,0,0.6684788859121465,0.2245221392131631,-0.7476868783715466,0.22384278363579274,1.5618961
1594,987500.0,1702500.0,0.0,0.0,0.0,,46.18728050629954,102.0140151977539,26.83483810344514,,,79.34119164283103,0.028722479194402694,0.018912915,25.5,4.475628447492039,-0.5900306784966491,기타,0,0.8503384552492349,-0.3836223088978543,-0.7476868783715466,0.22384278363579274,1.5618961
1595,987500.0,1707500.0,0.0,0.0,0.0,,50.698562557935006,175.50503540039062,45.22470232203489,,,83.56266564165917,0.028722479194402694,0.018912915,25.5,4.475628447492039,-0.5900306784966491,기타,0,1.0368019165295679,-0.03389434807960682,-0.7476868783715466,0.22384278363579274,1.5618961
1596,987500.0,1712500.0,0.0,0.0,0.0,,55.2939744485247,94.96703338623047,15.835696657647661,,,85.47653768876484,0.03694566190242767,0.020523673,9.0,2.5,-0.18037748230354797,기타,0,1.2267426910855528,-0.4171573798775732,-0.4656277133442952,-0.17087057774739148,-0.22197501
1597,987500.0,1717500.0,0.0,0.0,0.0,,59.954173959678194,217.60296630859375,28.028958777029896,,,83.81544387464055,0.03694566190242767,0.020523673,9.0,2.5,-0.18037748230354797,기타,0,1.4193613128344578,0.1664406519053999,-0.4656277133442952,-0.17087057774739148,-0.22197501
1598,987500.0,1722500.0,0.0,0.0,0.0,,60.03212543096136,128.22427368164062,11.015266743310272,,,82.42462477043618,0.03694566190242767,0.020523673,9.0,2.5,-0.18037748230354797,기타,0,1.4225832575014032,-0.25889332531844284,-0.4656277133442952,-0.17087057774739148,-0.22197501
1599,987500.0,1727500.0,0.0,0.0,0.0,,57.75870956532027,146.04498291015625,5.4482025809189425,,,81.31794946499443,0.03694566190242767,0.020523673,9.0,2.5,-0.18037748230354797,기타,0,1.3286168447643891,-0.17408840246339058,-0.4656277133442952,-0.17087057774739148,-0.22197501
1600,987500.0,1732500.0,0.0,0.0,0.0,,55.80248210823472,157.6498565673828,15.159312171648702,,,80.50713658946994,0.03694566190242767,0.020523673,9.0,2.5,-0.18037748230354797,기타,0,1.247760684913431,-0.1188633043697104,-0.4656277133442952,-0.17087057774739148,-0.22197501
1601,987500.0,1737500.0,0.0,0.0,0.0,,54.195301752698285,256.259033203125,30.600746389185115,,,79.13457226630979,0.03380710780620576,0.017533291,1.0,0.3535533905932738,0.06218747950360276,기타,0,1.181331583703402,0.3503965612260483,-0.5732816448213731,-0.5997119205130237,-1.0868822
1602,987500.0,1742500.0,0.0,0.0,0.0,,52.95672656382382,461.1888732910156,142.76318370377618,,,77.23728646466273,0.03380710780620576,0.017533291,1.0,0.3535533905932738,0.06218747950360276,기타,0,1.130137928744553,1.3256135998129772,-0.5732816448213731,-0.5997119205130237,-1.0868822
1603,987500.0,1747500.0,0.0,0.0,0.0,,50.96536282413522,321.808837890625,85.61143670179668,,,75.62351693142112,0.03380710780620576,0.017533291,1.0,0.3535533905932738,0.06218747950360276,기타,0,1.047829491515302,0.6623339851750396,-0.5732816448213731,-0.5997119205130237,-1.0868822
1604,987500.0,1752500.0,0.0,0.0,0.0,,49.31993293034735,331.49383544921875,22.981119804500885,,,74.31173666204757,0.03380710780620576,0.017533291,1.0,0.3535533905932738,0.06218747950360276,기타,0,0.9798194336696416,0.7084228057868288,-0.5732816448213731,-0.5997119205130237,-1.0868822
1605,987500.0,1757500.0,0.0,0.0,0.0,,48.139831332402665,512.8352661132812,11.510268328658501,,,73.3181566761063,0.03380710780620576,0.017533291,1.0,0.3535533905932738,0.06218747950360276,기타,0,0.9310426500199817,1.571387676639592,-0.5732816448213731,-0.5997119205130237,-1.0868822
1606,987500.0,1762500.0,1.0,1.0,0.0,,47.459782312716044,660.0903930664062,42.73691936404246,,,72.65583246398486,0.03380710780620576,0.017533291,1.0,0.3535533905932738,0.06218747950360276,기타,1,0.9029343888650192,2.272143158429745,-0.5732816448213731,-0.5997119205130237,-1.0868822
1607,987500.0,1767500.0,0.0,0.0,0.0,,47.17304913674805,844.002685546875,181.82666896543344,,,72.33386401739646,0.03380710780620576,0.017533291,1.0,0.3535533905932738,0.06218747950360276,기타,0,0.8910829329278953,3.1473422078000763,-0.5732816448213731,-0.5997119205130237,-1.0868822
1608,987500.0,1772500.0,0.0,0.0,0.0,,45.7101942199178,470.57489013671875,87.90720821237088,,,72.35679495624284,0.03380710780620576,0.017533291,1.0,0.3535533905932738,0.06218747950360276,기타,0,0.8306191915743183,1.3702796355082567,-0.5732816448213731,-0.5997119205130237,-1.0868822
1609,987500.0,1777500.0,0.0,0.0,0.0,,44.761000283585794,589.7057495117188,43.46789855327164,,,72.22338480229499,0.0841658413410187,0.0433507,1.0,0.5590169943749475,0.8786460333366863,기타,0,0.79138644470348,1.937197776049315,1.1540474000261172,-0.5586620815144415,-1.0868822
1610,987500.0,1782500.0,0.0,0.0,0.0,,44.255243323691026,354.66912841796875,152.25015283424662,,,72.174649436406,0.07296976000070575,0.037741095,3.5,5.960461251322674,-0.05204332596848791,기타,0,0.7704821447219684,0.8187090411524336,0.7700163664770241,0.5204994489293155,-0.8165987
1611,987500.0,1787500.0,0.0,0.0,0.0,,44.23392637516554,219.23709106445312,45.93527523811825,,,72.13026143557579,0.034623841196298626,0.018574638,5.0,1.5662455107677085,-0.09089997335764959,기타,0,0.7696010577137739,0.174217100198178,-0.545267292442378,-0.35742659419845607,-0.6544286
1612,987500.0,1792500.0,0.0,0.0,0.0,,44.77447848370801,281.0905456542969,69.56215586726925,,,72.30918067895662,0.034623841196298626,0.018574638,5.0,1.5662455107677085,-0.09089997335764959,기타,0,0.7919435350866242,0.4685643889366464,-0.545267292442378,-0.35742659419845607,-0.6544286
1613,987500.0,1797500.0,0.0,0.0,0.0,,45.85703440490343,214.2134246826172,57.34963718598502,,,72.83172801849119,0.034623841196298626,0.018574638,5.0,1.5662455107677085,-0.09089997335764959,기타,0,0.8366884926807606,0.15031055223209558,-0.545267292442378,-0.35742659419845607,-0.6544286
1614,987500.0,1802500.0,0.0,0.0,0.0,,47.44450743064958,328.6846923828125,21.545841876154217,,,73.6905937135599,0.034623841196298626,0.018574638,5.0,1.5662455107677085,-0.09089997335764959,기타,0,0.9023030367686169,0.6950546980431601,-0.545267292442378,-0.35742659419845607,-0.6544286
1615,987500.0,1807500.0,0.0,0.0,0.0,,49.488331617275485,215.32168579101562,35.128601927045466,,,74.87420515474228,0.034623841196298626,0.018574638,5.0,1.5662455107677085,-0.09089997335764959,기타,0,0.9867798058388568,0.1555845285141727,-0.545267292442378,-0.35742659419845607,-0.6544286
1616,987500.0,1812500.0,0.0,0.0,0.0,,51.93465747635094,117.39080047607422,42.36317766319384,,,76.36746423217102,0.034623841196298626,0.018574638,5.0,1.5662455107677085,-0.09089997335764959,기타,0,1.0878930552171409,-0.3104474945532023,-0.545267292442378,-0.35742659419845607,-0.6544286
1635,992500.0,1637500.0,0.0,0.0,0.0,,2.0411014844196833,-1.5,0.9013878188659973,,,32.43013223990222,0.06751665323972703,0.03571312,9.0,0.7603453162872774,0.5716830575363872,기타,0,-0.9743422560214642,-0.8762232464192076,0.5829721532546799,-0.5184384358261387,-0.22197501
1636,992500.0,1642500.0,0.0,0.0,0.0,,1.6341806468453657,7.734967231750488,16.858919237448436,,,37.42202934391373,0.06751665323972703,0.03571312,9.0,0.7603453162872774,0.5716830575363872,기타,0,-0.9911613923496156,-0.8322760233533403,0.5829721532546799,-0.5184384358261387,-0.22197501
1640,992500.0,1662500.0,0.0,0.0,0.0,,11.63276556649801,79.91693115234375,87.75418349479521,,,46.713931342765626,0.028722479194402694,0.018912915,25.5,4.475628447492039,-0.5900306784966491,기타,0,-0.5778928955709925,-0.4887775798673198,-0.7476868783715466,0.22384278363579274,1.5618961
1641,992500.0,1667500.0,0.0,0.0,0.0,,15.290687521752968,415.44464111328125,71.37104690387213,,,49.6979454236481,0.028722479194402694,0.018912915,25.5,4.475628447492039,-0.5900306784966491,기타,0,-0.4267011099403659,1.107926636227438,-0.7476868783715466,0.22384278363579274,1.5618961
1642,992500.0,1672500.0,0.0,0.0,0.0,,19.421153436518956,285.7422180175781,128.21501372082372,,,52.9866037519597,0.028722479194402694,0.018912915,25.5,4.475628447492039,-0.5900306784966491,기타,0,-0.25597780726225233,0.49070069736615685,-0.7476868783715466,0.22384278363579274,1.5618961
1643,992500.0,1677500.0,0.0,0.0,0.0,,22.677313899094496,163.3685760498047,50.007818622391866,,,56.52675981340585,0.028722479194402694,0.018912915,25.5,4.475628447492039,-0.5900306784966491,기타,0,-0.12139190831233088,-0.09164914816988627,-0.7476868783715466,0.22384278363579274,1.5618961
1644,992500.0,1682500.0,0.0,0.0,0.0,,26.48282331156021,318.69940185546875,119.86490106725226,,,60.27411528042331,0.028722479194402694,0.018912915,25.5,4.475628447492039,-0.5900306784966491,기타,0,0.03590006520238154,0.6475368477714286,-0.7476868783715466,0.22384278363579274,1.5618961
1645,992500.0,1687500.0,0.0,0.0,0.0,,30.633630137882275,125.93767547607422,116.18692964927396,,,64.19239340196815,0.028722479194402694,0.018912915,25.5,4.475628447492039,-0.5900306784966491,기타,0,0.20746411264682335,-0.2697747544432315,-0.7476868783715466,0.22384278363579274,1.5618961
1646,992500.0,1692500.0,0.0,0.0,0.0,,35.00712299372545,462.872314453125,106.57418315084524,,,68.25216310497659,0.028722479194402694,0.018912915,25.5,4.475628447492039,-0.5900306784966491,기타,0,0.38823237462895477,1.333624734277551,-0.7476868783715466,0.22384278363579274,1.5618961
1647,992500.0,1697500.0,1.0,1.0,0.0,,39.52945768880562,86.54728698730469,24.263423523058755,,,72.42963596721725,0.028722479194402694,0.018912915,25.5,4.475628447492039,-0.5900306784966491,기타,1,0.5751526714893751,-0.45722514231417966,-0.7476868783715466,0.22384278363579274,1.5618961
1648,992500.0,1702500.0,0.0,0.0,0.0,,44.154924867384004,437.403564453125,162.86444280460108,,,76.70558365711649,0.028722479194402694,0.018912915,25.5,4.475628447492039,-0.5900306784966491,기타,0,0.7663357122047362,1.2124244301107272,-0.7476868783715466,0.22384278363579274,1.5618961
1649,992500.0,1707500.0,0.0,0.0,0.0,,48.85423988680593,267.0467529296875,143.50872102744952,,,81.06442476212473,0.028722479194402694,0.018912915,25.5,4.475628447492039,-0.5900306784966491,기타,0,0.9605710834669701,0.401732999493565,-0.7476868783715466,0.22384278363579274,1.5618961
1650,992500.0,1712500.0,0.0,0.0,0.0,,53.60798559721146,143.12051391601562,47.96892701289947,,,85.4934813880536,0.028722479194402694,0.018912915,25.5,4.475628447492039,-0.5900306784966491,기타,0,1.1570562220735012,-0.18800532149617735,-0.7476868783715466,0.22384278363579274,1.5618961
1651,992500.0,1717500.0,0.0,0.0,0.0,,58.25672053255767,254.71311950683594,83.39832093067224,,,88.58929576180994,0.03694566190242767,0.020523673,9.0,2.5,-0.18037748230354797,기타,0,1.3492009819661384,0.34303989039587823,-0.4656277133442952,-0.17087057774739148,-0.22197501
1652,992500.0,1722500.0,0.0,0.0,0.0,,62.70862101205106,173.59774780273438,33.56479806661819,,,87.27458656572152,0.03694566190242767,0.020523673,9.0,2.5,-0.18037748230354797,기타,0,1.5332100426235118,-0.04297071959252157,-0.4656277133442952,-0.17087057774739148,-0.22197501
1653,992500.0,1727500.0,0.0,0.0,0.0,,62.33092863831027,274.43280029296875,114.60258845208891,,,86.23017799391232,0.03694566190242767,0.020523673,9.0,2.5,-0.18037748230354797,기타,0,1.517598997581147,0.4368816105176731,-0.4656277133442952,-0.17087057774739148,-0.22197501
1654,992500.0,1732500.0,0.0,0.0,0.0,,60.49115971369932,223.5291290283203,58.47079809087681,,,85.4659799774506,0.03694566190242767,0.020523673,9.0,2.5,-0.18037748230354797,기타,0,1.4415563831508236,0.19464198586065679,-0.4656277133442952,-0.17087057774739148,-0.22197501
1655,992500.0,1737500.0,0.0,0.0,0.0,,59.01181344556737,615.2281494140625,138.52586623586853,,,83.72749926912137,0.03380710780620576,0.017533291,1.0,0.3535533905932738,0.06218747950360276,기타,0,1.380411009744604,2.0586533885639207,-0.5732816448213731,-0.5997119205130237,-1.0868822
1656,992500.0,1742500.0,0.0,0.0,0.0,,57.535977975625265,526.1180419921875,68.40918615099807,,,81.93663421518659,0.03380710780620576,0.017533291,1.0,0.3535533905932738,0.06218747950360276,기타,0,1.3194107471017646,1.6345975505714962,-0.5732816448213731,-0.5997119205130237,-1.0868822
1657,992500.0,1747500.0,0.0,0.0,0.0,,55.63610642442417,441.4788818359375,48.90715770224003,,,80.41722402051597,0.03380710780620576,0.017533291,1.0,0.3535533905932738,0.06218747950360276,기타,0,1.2408839289223152,1.2318179891339702,-0.5732816448213731,-0.5997119205130237,-1.0868822
1658,992500.0,1752500.0,0.0,0.0,0.0,,54.13283582566194,352.0429992675781,53.42850657862933,,,79.18489636173315,0.03380710780620576,0.017533291,1.0,0.3535533905932738,0.06218747950360276,기타,0,1.1787496983692631,0.8062118572777359,-0.5732816448213731,-0.5997119205130237,-1.0868822
1659,992500.0,1757500.0,0.0,0.0,0.0,,53.059885893076384,418.45391845703125,86.25727047800055,,,78.25321529797344,0.03380710780620576,0.017533291,1.0,0.3535533905932738,0.06218747950360276,기타,0,1.1344017822069665,1.1222471399578853,-0.5732816448213731,-0.5997119205130237,-1.0868822
1660,992500.0,1762500.0,0.0,0.0,0.0,,52.44367519009801,486.2835693359375,34.546349650115346,,,77.63300584882406,0.03380710780620576,0.017533291,1.0,0.3535533905932738,0.06218747950360276,기타,0,1.1089321309547955,1.4450338616483054,-0.5732816448213731,-0.5997119205130237,-1.0868822
1661,992500.0,1767500.0,5.0,2.0,3.0,산록하사면,51.90132738899219,513.6065673828125,78.37646083436232,,,77.33176248978239,0.03380710780620576,0.017533291,1.0,0.3535533905932738,0.06218747950360276,산록,5,1.0865154327624698,1.5750581335120906,-0.5732816448213731,-0.5997119205130237,-1.0868822
1662,992500.0,1772500.0,29.0,2.0,28.0,산록하사면,50.57541967699242,348.1296081542969,35.09910720047114,,,77.35321184300419,0.03380710780620576,0.017533291,1.0,0.3535533905932738,0.06218747950360276,산록,29,1.0317120889484566,0.7875888705487668,-0.5732816448213731,-0.5997119205130237,-1.0868822
1663,992500.0,1777500.0,0.0,0.0,0.0,,49.71919514904152,477.55364990234375,147.46363379785043,,,77.22289818492635,0.0841658413410187,0.0433507,1.0,0.5590169943749475,0.8786460333366863,기타,0,0.9963220186120286,1.4034900524427723,1.1540474000261172,-0.5586620815144415,-1.0868822
1664,992500.0,1782500.0,0.0,0.0,0.0,,49.246944369199916,262.64947509765625,44.29580230588556,,,77.17454654803586,0.07296976000070575,0.037741095,3.5,5.960461251322674,-0.05204332596848791,기타,0,0.9768026194714499,0.3808072999304448,0.7700163664770241,0.5204994489293155,-0.8165987
1665,992500.0,1787500.0,0.0,0.0,0.0,,49.22778900811551,386.5843200683594,39.054711882706705,,,77.13025824221072,0.034623841196298626,0.018574638,5.0,1.5662455107677085,-0.09089997335764959,기타,0,0.9760108767054265,0.9705865748189783,-0.545267292442378,-0.35742659419845607,-0.6544286
1666,992500.0,1792500.0,0.0,0.0,0.0,,49.7140713636693,251.53025817871094,92.54743822484588,,,77.2976049577708,0.034623841196298626,0.018574638,5.0,1.5662455107677085,-0.09089997335764959,기타,0,0.9961102387356152,0.3278933378132203,-0.545267292442378,-0.35742659419845607,-0.6544286
1667,992500.0,1797500.0,0.0,0.0,0.0,,50.69124749378801,200.91123962402344,6.358776009863773,,,77.78664877667038,0.034623841196298626,0.018574638,5.0,1.5662455107677085,-0.09089997335764959,기타,0,1.036499565188037,0.08700831418802442,-0.545267292442378,-0.35742659419845607,-0.6544286
1668,992500.0,1802500.0,0.0,0.0,0.0,,52.13172022292123,301.5882873535156,55.79935183048029,,,78.59138453801762,0.034623841196298626,0.018574638,5.0,1.5662455107677085,-0.09089997335764959,기타,0,1.0960381903238194,0.5661087336209475,-0.545267292442378,-0.35742659419845607,-0.6544286
1669,992500.0,1807500.0,0.0,0.0,0.0,,53.99842529486764,125.14849853515625,51.97111727459109,,,79.70225040298448,0.034623841196298626,0.018574638,5.0,1.5662455107677085,-0.09089997335764959,기타,0,1.173194148413049,-0.2735302777916762,-0.545267292442378,-0.35742659419845607,-0.6544286
1693,997500.0,1657500.0,0.0,0.0,0.0,,4.6506839858267774,71.18055725097656,54.27165881886051,,,39.78968279008757,0.028722479194402694,0.018912915,25.5,4.475628447492039,-0.5900306784966491,기타,0,-0.866481169053392,-0.5303521044969464,-0.7476868783715466,0.22384278363579274,1.5618961
1694,997500.0,1662500.0,0.0,0.0,0.0,,8.375099638301366,120.40730285644531,62.3435877793347,,,42.67216017933794,0.028722479194402694,0.018912915,25.5,4.475628447492039,-0.5900306784966491,기타,0,-0.7125410194776639,-0.2960926084272274,-0.7476868783715466,0.22384278363579274,1.5618961
1695,997500.0,1667500.0,0.0,0.0,0.0,,12.456300210963217,176.00816345214844,116.05577173345787,,,45.91957809264323,0.028722479194402694,0.018912915,25.5,4.475628447492039,-0.5900306784966491,기타,0,-0.5438539863355166,-0.03150006987954171,-0.7476868783715466,0.22384278363579274,1.5618961
1696,997500.0,1672500.0,0.0,0.0,0.0,,15.606848185381342,274.6730041503906,113.4903620483963,,,49.46010564123013,0.028722479194402694,0.018912915,25.5,4.475628447492039,-0.5900306784966491,기타,0,-0.41363333652560863,0.4380246890190356,-0.7476868783715466,0.22384278363579274,1.5618961
1697,997500.0,1677500.0,0.0,0.0,0.0,,19.51033252291701,325.54473876953125,64.18785118443098,,,53.23529325435268,0.028722479194402694,0.018912915,25.5,4.475628447492039,-0.5900306784966491,기타,0,-0.2522917949639145,0.6801123340480916,-0.7476868783715466,0.22384278363579274,1.5618961
1698,997500.0,1682500.0,0.0,0.0,0.0,,23.82713663090984,75.65489959716797,76.19671485575165,,,57.19869618891861,0.028722479194402694,0.018912915,25.5,4.475628447492039,-0.5900306784966491,기타,0,-0.07386663190994518,-0.509059671483748,-0.7476868783715466,0.22384278363579274,1.5618961
1699,997500.0,1687500.0,0.0,0.0,0.0,,28.36920522153023,67.34024047851562,134.82216222602486,,,61.31382587595964,0.028722479194402694,0.018912915,25.5,4.475628447492039,-0.5900306784966491,기타,0,0.11386932010678263,-0.5486273461526703,-0.7476868783715466,0.22384278363579274,1.5618961
1700,997500.0,1692500.0,0.0,0.0,0.0,,33.04377656646635,62.193843841552734,22.228049217257617,,,65.55211393527124,0.028722479194402694,0.018912915,25.5,4.475628447492039,-0.5900306784966491,기타,0,0.30708196852956465,-0.5731179410096232,-0.7476868783715466,0.22384278363579274,1.5618961
1701,997500.0,1697500.0,0.0,0.0,0.0,,37.801726609346865,268.05169677734375,135.15316795892838,,,69.89115851964443,0.028722479194402694,0.018912915,25.5,4.475628447492039,-0.5900306784966491,기타,0,0.503740883543043,0.40651531115026257,-0.7476868783715466,0.22384278363579274,1.5618961
1702,997500.0,1702500.0,0.0,0.0,0.0,,42.61513697644365,208.71006774902344,55.87504402295175,,,74.31331265024693,0.028722479194402694,0.018912915,25.5,4.475628447492039,-0.5900306784966491,기타,0,0.7026921234208793,0.12412126008818747,-0.7476868783715466,0.22384278363579274,1.5618961
1703,997500.0,1707500.0,0.0,0.0,0.0,,47.08186014613061,710.3834228515625,101.93204716501663,,,78.80458638232065,0.028722479194402694,0.018912915,25.5,4.475628447492039,-0.5900306784966491,기타,0,0.8873138458642693,2.5114768716049913,-0.7476868783715466,0.22384278363579274,1.5618961
1704,997500.0,1712500.0,0.0,0.0,0.0,,51.528896910804576,405.0749206542969,125.46297685830683,,,83.35380754784943,0.028722479194402694,0.018912915,25.5,4.475628447492039,-0.5900306784966491,기타,0,1.0711218760629995,1.0585793665831154,-0.7476868783715466,0.22384278363579274,1.5618961
1707,997500.0,1727500.0,0.0,0.0,0.0,,65.35139021411784,656.7709350585938,67.98341649384777,,,91.15195164412124,0.03694566190242767,0.020523673,9.0,2.5,-0.18037748230354797,기타,0,1.6424428254870416,2.256346571623723,-0.4656277133442952,-0.17087057774739148,-0.22197501
1708,997500.0,1732500.0,0.0,0.0,0.0,,65.22609751914261,536.7704467773438,47.243337933210356,,,90.30498240571816,0.03380710780620576,0.017533291,1.0,0.3535533905932738,0.06218747950360276,기타,0,1.6372641402905013,1.68529005413249,-0.5732816448213731,-0.5997119205130237,-1.0868822
1709,997500.0,1737500.0,0.0,0.0,0.0,,63.8541195430355,808.350341796875,67.33797868745893,,,88.3646294619608,0.03380710780620576,0.017533291,1.0,0.3535533905932738,0.06218747950360276,기타,0,1.580556588136325,2.97768037097023,-0.5732816448213731,-0.5997119205130237,-1.0868822
1710,997500.0,1742500.0,0.0,0.0,0.0,,62.1151905083269,733.82470703125,141.53352618776108,,,86.66963500905146,0.03380710780620576,0.017533291,1.0,0.3535533905932738,0.06218747950360276,기타,0,1.5086819584808624,2.62302890194174,-0.5732816448213731,-0.5997119205130237,-1.0868822
1711,997500.0,1747500.0,0.0,0.0,0.0,,60.3596261448326,829.28466796875,126.88041978334505,,,85.23463806020862,0.03380710780620576,0.017533291,1.0,0.3535533905932738,0.06218747950360276,기타,0,1.4361197457948083,3.077302327271923,-0.5732816448213731,-0.5997119205130237,-1.0868822
1712,997500.0,1752500.0,0.0,0.0,0.0,,58.97687720456362,407.3387451171875,98.54944302057775,,,84.0729529510373,0.03380710780620576,0.017533291,1.0,0.3535533905932738,0.06218747950360276,기타,0,1.3789670006254402,1.069352420364029,-0.5732816448213731,-0.5997119205130237,-1.0868822
1713,997500.0,1757500.0,0.0,0.0,0.0,,57.99361707343657,335.3392028808594,82.86758379371483,,,83.19602941583148,0.03380710780620576,0.017533291,1.0,0.3535533905932738,0.06218747950360276,기타,0,1.3383262059931387,0.7267220824434389,-0.5732816448213731,-0.5997119205130237,-1.0868822
1714,997500.0,1762500.0,1.0,1.0,0.0,산록하사면,57.43036825337801,346.47210693359375,63.999293189878365,,,82.61293605248794,0.03380710780620576,0.017533291,1.0,0.3535533905932738,0.06218747950360276,산록,1,1.3150456122842822,0.7797011786869322,-0.5732816448213731,-0.5997119205130237,-1.0868822
1715,997500.0,1767500.0,0.0,0.0,0.0,,56.6762649141654,357.8184814453125,38.299886939800146,,,82.32991616578404,0.03380710780620576,0.017533291,1.0,0.3535533905932738,0.06218747950360276,기타,0,1.2838764862613006,0.8336961349376711,-0.5732816448213731,-0.5997119205130237,-1.0868822
1716,997500.0,1772500.0,0.0,0.0,0.0,,55.464622016067295,305.13140869140625,53.10650780406146,,,82.35006368253515,0.03380710780620576,0.017533291,1.0,0.3535533905932738,0.06218747950360276,기타,0,1.2337960155593632,0.582969686115762,-0.5732816448213731,-0.5997119205130237,-1.0868822
1717,997500.0,1777500.0,0.0,0.0,0.0,,54.68500330209168,476.6559143066406,39.25494459530732,,,82.22247074771369,0.0841658413410187,0.0433507,1.0,0.5590169943749475,0.8786460333366863,기타,0,1.2015722702419729,1.399217921801865,1.1540474000261172,-0.5586620815144415,-1.0868822
1718,997500.0,1782500.0,0.0,0.0,0.0,,54.240174204799935,320.94635009765625,58.22461502531651,,,82.17445618026204,0.07296976000070575,0.037741095,3.5,5.960461251322674,-0.05204332596848791,기타,0,1.1831862832409705,0.658229591247266,0.7700163664770241,0.5204994489293155,-0.8165987
1719,997500.0,1787500.0,23.0,4.0,26.0,산록하평지,54.222782837950234,236.87110900878906,77.15393836799865,,,82.13025543766264,0.034623841196298626,0.018574638,5.0,1.5662455107677085,-0.09089997335764959,산록,23,1.1824674511169593,0.2581335993799886,-0.545267292442378,-0.35742659419845607,-0.6544286
1720,997500.0,1792500.0,0.0,0.0,0.0,,54.66464908527243,156.48867797851562,6.526468158418652,,,82.28743436244196,0.034623841196298626,0.018574638,5.0,1.5662455107677085,-0.09089997335764959,기타,0,1.2007309755332123,-0.12438910356137493,-0.545267292442378,-0.35742659419845607,-0.6544286
1721,997500.0,1797500.0,0.0,0.0,0.0,,55.55481563771445,260.3839111328125,25.26575320038671,,,82.74699299461386,0.034623841196298626,0.018574638,5.0,1.5662455107677085,-0.09089997335764959,기타,0,1.2375239613373576,0.3700259682338183,-0.545267292442378,-0.35742659419845607,-0.6544286
1722,997500.0,1802500.0,0.0,0.0,0.0,,56.87223594571351,380.1042785644531,19.27208798528834,,,83.50393910078827,0.034623841196298626,0.018574638,5.0,1.5662455107677085,-0.09089997335764959,기타,0,1.291976497840025,0.9397494508420623,-0.545267292442378,-0.35742659419845607,-0.6544286
1723,997500.0,1807500.0,0.0,0.0,0.0,,58.588095227523596,160.19345092773438,70.73560288797769,,,84.55028587205153,0.034623841196298626,0.018574638,5.0,1.5662455107677085,-0.09089997335764959,기타,0,1.3628975923524607,-0.10675888581160974,-0.545267292442378,-0.35742659419845607,-0.6544286
1724,997500.0,1812500.0,0.0,0.0,0.0,,60.66859635193351,130.4285430908203,95.04582511418268,,,85.8754553801208,0.034623841196298626,0.018574638,5.0,1.5662455107677085,-0.09089997335764959,기타,0,1.4488903182372144,-0.24840368123075882,-0.545267292442378,-0.35742659419845607,-0.6544286
1746,1002500.0,1652500.0,0.0,0.0,0.0,,0.3105828118299643,43.83580017089844,100.98246094819815,,,32.92789594819202,0.028722479194402694,0.018912915,25.5,4.475628447492039,-0.5900306784966491,기타,0,-1.045869262714461,-0.6604799229204407,-0.7476868783715466,0.22384278363579274,1.5618961
1747,1002500.0,1657500.0,0.0,0.0,0.0,,2.5378346242870156,7.005066871643066,16.62980201770517,,,35.6642780581669,0.028722479194402694,0.018912915,25.5,4.475628447492039,-0.5900306784966491,기타,0,-0.9538109348732482,-0.8357494622012026,-0.7476868783715466,0.22384278363579274,1.5618961
1748,1002500.0,1662500.0,0.0,0.0,0.0,,5.529333358635992,33.633087158203125,35.5898760555799,,,38.85402330834645,0.028722479194402694,0.018912915,25.5,4.475628447492039,-0.5900306784966491,기타,0,-0.8301642193635794,-0.7090324400430116,-0.7476868783715466,0.22384278363579274,1.5618961
1749,1002500.0,1667500.0,0.0,0.0,0.0,,8.537379860649125,139.0135955810547,53.23382732636037,,,42.394923340900306,0.028722479194402694,0.018912915,25.5,4.475628447492039,-0.5900306784966491,기타,0,-0.7058335399607635,-0.20754926265487458,-0.7476868783715466,0.22384278363579274,1.5618961
1750,1002500.0,1672500.0,0.0,0.0,0.0,,12.647775288890518,540.5504150390625,60.45895939954921,,,46.20631907992778,0.028722479194402694,0.018912915,25.5,4.475628447492039,-0.5900306784966491,기타,0,-0.5359398046526617,1.7032781102036068,-0.7476868783715466,0.22384278363579274,1.5618961
1751,1002500.0,1677500.0,0.0,0.0,0.0,,17.235010433171254,686.8321533203125,107.22112007661833,,,50.22666941726658,0.028722479194402694,0.018912915,25.5,4.475628447492039,-0.5900306784966491,기타,0,-0.3463369970872857,2.3994014446326295,-0.7476868783715466,0.22384278363579274,1.5618961
1752,1002500.0,1682500.0,0.0,0.0,0.0,,22.002839578217497,302.7550048828125,115.53908964030066,,,54.40967486198265,0.028722479194402694,0.018912915,25.5,4.475628447492039,-0.5900306784966491,기타,0,-0.14926975212168303,0.5716608914389616,-0.7476868783715466,0.22384278363579274,1.5618961
1753,1002500.0,1687500.0,0.0,0.0,0.0,,26.855247427235273,121.79472351074219,173.86174802379094,,,58.72058511648152,0.028722479194402694,0.018912915,25.5,4.475628447492039,-0.5900306784966491,기타,0,0.05129335892203805,-0.28949017189979226,-0.7476868783715466,0.22384278363579274,1.5618961
1754,1002500.0,1692500.0,0.0,0.0,0.0,,31.639089120999557,321.63983154296875,66.56591209153686,,,63.133204530240945,0.028722479194402694,0.018912915,25.5,4.475628447492039,-0.5900306784966491,기타,0,0.24902244573741014,0.6615297203115477,-0.7476868783715466,0.22384278363579274,1.5618961
1755,1002500.0,1697500.0,0.0,0.0,0.0,,35.910411059065815,817.1907958984375,218.10327893479248,,,67.62762684060797,0.028722479194402694,0.018912915,25.5,4.475628447492039,-0.5900306784966491,기타,0,0.4255677079707304,3.019750190890022,-0.7476868783715466,0.22384278363579274,1.5618961
1756,1002500.0,1702500.0,0.0,0.0,0.0,,40.34951405476404,818.4556884765625,64.07688768678688,,,72.18857464950949,0.028722479194402694,0.018912915,25.5,4.475628447492039,-0.5900306784966491,기타,0,0.609047814087729,3.0257695426527556,-0.7476868783715466,0.22384278363579274,1.5618961
1757,1002500.0,1707500.0,0.0,0.0,0.0,,44.906669287313264,1008.2496948242188,135.37266924134886,,,76.80419720147519,0.028722479194402694,0.018912915,25.5,4.475628447492039,-0.5900306784966491,기타,0,0.7974073377279883,3.9289584034478855,-0.7476868783715466,0.22384278363579274,1.5618961
1761,1002500.0,1727500.0,0.0,0.0,0.0,,63.80212844865147,402.61541748046875,25.952292051326147,,,95.65386714139804,0.028722479194402694,0.018912915,25.5,4.475628447492039,-0.5900306784966491,기타,0,1.5784076559029516,1.0468751198977762,-0.7476868783715466,0.22384278363579274,1.5618961
1762,1002500.0,1732500.0,0.0,0.0,0.0,,68.62388255267072,461.60968017578125,71.9235741662542,,,94.88415807386384,0.03380710780620576,0.017533291,1.0,0.3535533905932738,0.06218747950360276,기타,0,1.7777037649440917,1.3276161292825857,-0.5732816448213731,-0.5997119205130237,-1.0868822
1763,1002500.0,1737500.0,0.0,0.0,0.0,,68.70206405204468,512.1273193359375,75.600840325529,,,93.03935374903755,0.03380710780620576,0.017533291,1.0,0.3535533905932738,0.06218747950360276,기타,0,1.7809352172927801,1.5680187101709595,-0.5732816448213731,-0.5997119205130237,-1.0868822
1764,1002500.0,1742500.0,1.0,1.0,0.0,,66.75481272657315,553.54150390625,73.50496789103852,,,91.43106276693449,0.03380710780620576,0.017533291,1.0,0.3535533905932738,0.06218747950360276,기타,1,1.7004500651843,1.7650999083743595,-0.5732816448213731,-0.5997119205130237,-1.0868822
1765,1002500.0,1747500.0,0.0,0.0,0.0,,65.12443933438557,356.6042785644531,38.01728323281746,,,90.07195529877032,0.03380710780620576,0.017533291,1.0,0.3535533905932738,0.06218747950360276,기타,0,1.6330623331810563,0.8279180045433491,-0.5732816448213731,-0.5997119205130237,-1.0868822
1766,1002500.0,1752500.0,0.0,0.0,0.0,,63.84496984944299,448.2472839355469,76.21594769017338,,,88.97345123123102,0.03380710780620576,0.017533291,1.0,0.3535533905932738,0.06218747950360276,기타,0,1.580178406608904,1.2640273591735687,-0.5732816448213731,-0.5997119205130237,-1.0868822
1767,1002500.0,1757500.0,0.0,0.0,0.0,,62.937808601305,422.22906494140625,23.01656343739135,,,88.14529435340727,0.03380710780620576,0.017533291,1.0,0.3535533905932738,0.06218747950360276,기타,0,1.5426829841699825,1.1402122502275516,-0.5732816448213731,-0.5997119205130237,-1.0868822
1768,1002500.0,1762500.0,0.0,0.0,0.0,,62.41919038238735,520.0242309570312,86.91153213512818,,,87.59515288702553,0.03380710780620576,0.017533291,1.0,0.3535533905932738,0.06218747950360276,기타,0,1.521247093645831,1.605598414336067,-0.5732816448213731,-0.5997119205130237,-1.0868822
1769,1002500.0,1767500.0,0.0,0.0,0.0,,61.48699231953016,330.3756408691406,70.77118093261186,,,87.3282812263813,0.03380710780620576,0.017533291,1.0,0.3535533905932738,0.06218747950360276,기타,0,1.482716832090547,0.7031015582492323,-0.5732816448213731,-0.5997119205130237,-1.0868822
1770,1002500.0,1772500.0,0.0,0.0,0.0,,60.37197624118762,269.3402099609375,79.84949241613934,,,87.34727582819345,0.03380710780620576,0.017533291,1.0,0.3535533905932738,0.06218747950360276,기타,0,1.4366302086049683,0.41264706829478376,-0.5732816448213731,-0.5997119205130237,-1.0868822
1771,1002500.0,1777500.0,0.0,0.0,0.0,,59.65590325367699,316.751220703125,50.95269200878383,,,87.22209231403338,0.0841658413410187,0.0433507,1.0,0.5590169943749475,0.8786460333366863,기타,0,1.4070329796460352,0.6382658726259607,1.1540474000261172,-0.5586620815144415,-1.0868822
1772,1002500.0,1782500.0,0.0,0.0,0.0,,59.234546219507884,406.3285827636719,103.38026559511506,,,87.17437617871813,0.07296976000070575,0.037741095,3.5,5.960461251322674,-0.05204332596848791,기타,0,1.3896171563552915,1.064545274960192,0.7700163664770241,0.5204994489293155,-0.8165987
1773,1002500.0,1787500.0,0.0,0.0,0.0,,59.218621621543015,203.42807006835938,42.88584509720828,,,87.13025295499442,0.034623841196298626,0.018574638,5.0,1.5662455107677085,-0.09089997335764959,기타,0,1.3889589497474935,0.0989853690254168,-0.545267292442378,-0.35742659419845607,-0.6544286
1774,1002500.0,1792500.0,0.0,0.0,0.0,,59.62347547468151,184.14857482910156,45.25580879377267,,,87.27842789429009,0.034623841196298626,0.018574638,5.0,1.5662455107677085,-0.09089997335764959,기타,0,1.4056926520309754,0.007238397258805846,-0.545267292442378,-0.35742659419845607,-0.6544286
1775,1002500.0,1797500.0,0.0,0.0,0.0,,60.44065278109109,201.40359497070312,44.02649177596055,,,87.711840542747,0.034623841196298626,0.018574638,5.0,1.5662455107677085,-0.09089997335764959,기타,0,1.4394687953287835,0.089351327401305,-0.545267292442378,-0.35742659419845607,-0.6544286
1776,1002500.0,1802500.0,0.0,0.0,0.0,,61.653760546530165,391.44378662109375,244.75270297980796,,,88.42629680753207,0.034623841196298626,0.018574638,5.0,1.5662455107677085,-0.09089997335764959,기타,0,1.489609812950995,0.9937117311097232,-0.545267292442378,-0.35742659419845607,-0.6544286
1777,1002500.0,1807500.0,0.0,0.0,0.0,,63.24001795108336,197.94772338867188,89.85857519453789,,,89.41506004466606,0.034623841196298626,0.018574638,5.0,1.5662455107677085,-0.09089997335764959,기타,0,1.555174112134487,0.07290557773146769,-0.545267292442378,-0.35742659419845607,-0.6544286
1778,1002500.0,1812500.0,0.0,0.0,0.0,,65.17218387761616,195.06521606445312,66.94211747155717,,,90.66915659963271,0.034623841196298626,0.018574638,5.0,1.5662455107677085,-0.09089997335764959,기타,0,1.6350357439955712,0.05918834526193507,-0.545267292442378,-0.35742659419845607,-0.6544286
1779,1002500.0,1817500.0,0.0,0.0,0.0,,67.42052530425937,207.7068328857422,102.05890507870518,,,92.1777573722978,0.034623841196298626,0.018574638,5.0,1.5662455107677085,-0.09089997335764959,기타,0,1.7279657625032525,0.11934708112061156,-0.545267292442378,-0.35742659419845607,-0.6544286
1800,1007500.0,1652500.0,0.0,0.0,0.0,,0.9420036281489466,46.146175384521484,40.180406081394,,,28.687422408599456,0.028722479194402694,0.018912915,25.5,4.475628447492039,-0.5900306784966491,기타,0,-1.0197709364321113,-0.6494853441275826,-0.7476868783715466,0.22384278363579274,1.5618961
1801,1007500.0,1657500.0,0.0,0.0,0.0,,0.6129533691464534,6.945955276489258,12.876563480251779,,,31.79092012327889,0.028722479194402694,0.018912915,25.5,4.475628447492039,-0.5900306784966491,기타,0,-1.033371471607373,-0.8360307615705249,-0.7476868783715466,0.22384278363579274,1.5618961
1802,1007500.0,1662500.0,0.0,0.0,0.0,,1.4832395249903745,19.182811737060547,30.99421383387286,,,35.332095891978774,0.028722479194402694,0.018912915,25.5,4.475628447492039,-0.5900306784966491,기타,0,-0.9974001962436029,-0.777798193224336,-0.7476868783715466,0.22384278363579274,1.5618961
1803,1007500.0,1667500.0,2.0,2.0,1.0,산록하평지,6.267325136112377,88.46534729003906,90.07626694404252,,,39.192491601775814,0.028722479194402694,0.018912915,25.5,4.475628447492039,-0.5900306784966491,산록,2,-0.7996610276656041,-0.4480975058144804,-0.7476868783715466,0.22384278363579274,1.5618961
1804,1007500.0,1672500.0,0.0,0.0,0.0,,11.24093987329344,303.3424072265625,45.142782565722186,,,43.28678546381739,0.028722479194402694,0.018912915,25.5,4.475628447492039,-0.5900306784966491,기타,0,-0.5940881088467848,0.5744562128713367,-0.7476868783715466,0.22384278363579274,1.5618961
1805,1007500.0,1677500.0,0.0,0.0,0.0,,16.230776140044895,666.71435546875,191.4732618943682,,,47.554602233914615,0.028722479194402694,0.018912915,25.5,4.475628447492039,-0.5900306784966491,기타,0,-0.38784471043561536,2.303665171011975,-0.7476868783715466,0.22384278363579274,1.5618961
1806,1007500.0,1682500.0,0.0,0.0,0.0,,20.58854118236227,588.2269897460938,189.84856694979422,,,51.95319616213348,0.028722479194402694,0.018912915,25.5,4.475628447492039,-0.5900306784966491,기타,0,-0.2077265214293755,1.9301606763336474,-0.7476868783715466,0.22384278363579274,1.5618961
1807,1007500.0,1687500.0,3.0,2.0,3.0,구릉정상부,24.74699355562916,630.175048828125,30.485238463319728,,,56.45200606972622,0.028722479194402694,0.018912915,25.5,4.475628447492039,-0.5900306784966491,구릉,3,-0.035846462897531906,2.129782468528006,-0.7476868783715466,0.22384278363579274,1.5618961
1808,1007500.0,1692500.0,0.0,0.0,0.0,,29.17086478092268,435.1162109375,235.72372585464308,,,61.02887338900899,0.028722479194402694,0.018912915,25.5,4.475628447492039,-0.5900306784966491,기타,0,0.14700407304438545,1.2015394066278,-0.7476868783715466,0.22384278363579274,1.5618961
1809,1007500.0,1697500.0,0.0,0.0,0.0,,33.755962645011316,568.2939453125,180.2164535520457,,,65.6674788991246,0.028722479194402694,0.018912915,25.5,4.475628447492039,-0.5900306784966491,기타,0,0.3365185410517857,1.835303604497677,-0.7476868783715466,0.22384278363579274,1.5618961
1810,1007500.0,1702500.0,0.0,0.0,0.0,,38.44464430991557,1257.5506591796875,257.3124476524941,,,70.35561230493457,0.028722479194402694,0.018912915,25.5,4.475628447492039,-0.5900306784966491,기타,0,0.5303144070767739,5.115328080364312,-0.7476868783715466,0.22384278363579274,1.5618961
1811,1007500.0,1707500.0,0.0,0.0,0.0,,43.20319823971887,724.9973754882812,199.99082182509167,,,75.08399683446228,0.028722479194402694,0.018912915,25.5,4.475628447492039,-0.5900306784966491,기타,0,0.7269982823664125,2.581021529456274,-0.7476868783715466,0.22384278363579274,1.5618961
1812,1007500.0,1712500.0,0.0,0.0,0.0,,48.0108529414441,745.1275024414062,141.0099921839774,,,79.84548189141843,0.028722479194402694,0.018912915,25.5,4.475628447492039,-0.5900306784966491,기타,0,0.9257116250622796,2.6768164746198777,-0.7476868783715466,0.22384278363579274,1.5618961
1813,1007500.0,1717500.0,0.0,0.0,0.0,,52.85421139502032,492.5740051269531,41.0411113848545,,,84.63448101281246,0.028722479194402694,0.018912915,25.5,4.475628447492039,-0.5900306784966491,기타,0,1.125900700171822,1.4749686928124957,-0.7476868783715466,0.22384278363579274,1.5618961
1814,1007500.0,1722500.0,0.0,0.0,0.0,,57.72428712607908,655.1439208984375,99.93631186132764,,,89.44657497156275,0.028722479194402694,0.018912915,25.5,4.475628447492039,-0.5900306784966491,기타,0,1.3271940724586104,2.2486039611267548,-0.7476868783715466,0.22384278363579274,1.5618961
1815,1007500.0,1727500.0,0.0,0.0,0.0,,62.614846372394325,811.0572509765625,41.071177666932535,,,94.27822745458614,0.028722479194402694,0.018912915,25.5,4.475628447492039,-0.5900306784966491,기타,0,1.5293340837074934,2.9905619696325156,-0.7476868783715466,0.22384278363579274,1.5618961
1816,1007500.0,1732500.0,0.0,0.0,0.0,,67.52143843449329,613.9478759765625,134.45837862990786,,,99.12657852369347,0.028722479194402694,0.018912915,25.5,4.475628447492039,-0.5900306784966491,기타,0,1.7321367744986627,2.0525608425990933,-0.7476868783715466,0.22384278363579274,1.5618961
1817,1007500.0,1737500.0,0.0,0.0,0.0,,72.44080556073071,862.4141235351562,42.277930298834384,,,97.7462784566628,0.03380710780620576,0.017533291,1.0,0.3535533905932738,0.06218747950360276,기타,0,1.9354674931652938,3.2349582817859726,-0.5732816448213731,-0.5997119205130237,-1.0868822
1818,1007500.0,1742500.0,0.0,0.0,0.0,,71.44307630858262,473.60015869140625,44.95886632185553,,,96.2166973283745,0.03380710780620576,0.017533291,1.0,0.3535533905932738,0.06218747950360276,기타,0,1.894228650715014,1.3846762379726278,-0.5732816448213731,-0.5997119205130237,-1.0868822
1819,1007500.0,1747500.0,27.0,2.0,12.0,구릉정상,69.92210472298568,359.8418273925781,19.107335112087497,,,94.92613305846074,0.03380710780620576,0.017533291,1.0,0.3535533905932738,0.06218747950360276,구릉,27,1.8313627906084335,0.8433248031778989,-0.5732816448213731,-0.5997119205130237,-1.0868822
1820,1007500.0,1752500.0,0.0,0.0,0.0,,68.73200350164683,618.5006103515625,58.836852762575745,,,93.88444296093553,0.03380710780620576,0.017533291,1.0,0.3535533905932738,0.06218747950360276,기타,0,1.782172695539041,2.0742263264190983,-0.5732816448213731,-0.5997119205130237,-1.0868822
1821,1007500.0,1757500.0,0.0,0.0,0.0,,67.89017514934402,516.3087158203125,59.483773182846505,,,93.09998132512017,0.03380710780620576,0.017533291,1.0,0.3535533905932738,0.06218747950360276,기타,0,1.7473776579914782,1.5879170768261088,-0.5732816448213731,-0.5997119205130237,-1.0868822
1822,1007500.0,1762500.0,0.0,0.0,0.0,,67.40966887818709,488.4062194824219,89.94689004525002,,,92.57928718342073,0.03380710780620576,0.017533291,1.0,0.3535533905932738,0.06218747950360276,기타,0,1.727517037116677,1.4551350972171362,-0.5732816448213731,-0.5997119205130237,-1.0868822
1823,1007500.0,1767500.0,0.0,0.0,0.0,,66.32572234347143,421.2105712890625,13.926700454875268,,,92.32682333993115,0.03380710780620576,0.017533291,1.0,0.3535533905932738,0.06218747950360276,기타,0,1.6827146017130576,1.135365457964247,-0.5732816448213731,-0.5997119205130237,-1.0868822
1824,1007500.0,1772500.0,0.0,0.0,0.0,,65.29338967420689,388.21734619140625,109.97879425037029,,,92.3447897864055,0.03380710780620576,0.017533291,1.0,0.3535533905932738,0.06218747950360276,기타,0,1.64004550665303,0.9783577949544638,-0.5732816448213731,-0.5997119205130237,-1.0868822
1825,1007500.0,1777500.0,0.0,0.0,0.0,,64.62742526563753,201.53884887695312,24.490630734800153,,,92.22175491399462,0.0841658413410187,0.0433507,1.0,0.5590169943749475,0.8786460333366863,기타,0,1.6125194004840895,0.08999497165464491,1.1540474000261172,-0.5586620815144415,-1.0868822
1826,1007500.0,1782500.0,0.0,0.0,0.0,,64.22979397363024,330.4401550292969,46.13799077473909,,,92.17430485648109,0.07296976000070575,0.037741095,3.5,5.960461251322674,-0.05204332596848791,기타,0,1.5960842261428685,0.7034085672635735,0.7700163664770241,0.5204994489293155,-0.8165987
1827,1007500.0,1787500.0,0.0,0.0,0.0,,64.215108150804,158.73666381835938,3.900093981146194,,,92.13025074179986,0.034623841196298626,0.018574638,5.0,1.5662455107677085,-0.09089997335764959,기타,0,1.5954772214544923,-0.11369142238142795,-0.545267292442378,-0.35742659419845607,-0.6544286
1828,1007500.0,1792500.0,0.0,0.0,0.0,,64.58865067288463,319.9915771484375,57.56520931064617,,,92.27039664726924,0.034623841196298626,0.018574638,5.0,1.5662455107677085,-0.09089997335764959,기타,0,1.6109167419290076,0.6536860321069247,-0.545267292442378,-0.35742659419845607,-0.6544286
1829,1007500.0,1797500.0,0.0,0.0,0.0,,65.34376386977097,393.83770751953125,130.61261279925424,,,92.68046770027586,0.034623841196298626,0.018574638,5.0,1.5662455107677085,-0.09089997335764959,기타,0,1.642127608094833,1.0051038858500203,-0.545267292442378,-0.35742659419845607,-0.6544286
1830,1007500.0,1802500.0,1.0,1.0,0.0,,66.46744434377518,466.3255920410156,54.35614412488188,,,93.3569070226695,0.034623841196298626,0.018574638,5.0,1.5662455107677085,-0.09089997335764959,기타,1,1.6885723544347326,1.3500581396871143,-0.545267292442378,-0.35742659419845607,-0.6544286
1831,1007500.0,1807500.0,0.0,0.0,0.0,,67.94140739282133,136.33551025390625,44.46800574032571,,,94.29398222864934,0.034623841196298626,0.018574638,5.0,1.5662455107677085,-0.09089997335764959,기타,0,1.749495224869052,-0.22029369480152872,-0.545267292442378,-0.35742659419845607,-0.6544286
1832,1007500.0,1812500.0,0.0,0.0,0.0,,69.74344786029569,123.58767700195312,26.346630442823436,,,95.48402002552217,0.034623841196298626,0.018574638,5.0,1.5662455107677085,-0.09089997335764959,기타,0,1.8239784203524032,-0.2809578918117733,-0.545267292442378,-0.35742659419845607,-0.6544286
1833,1007500.0,1817500.0,0.0,0.0,0.0,,71.84888447544783,110.96028900146484,29.22897438362493,,,96.91770259313724,0.034623841196298626,0.018574638,5.0,1.5662455107677085,-0.09089997335764959,기타,0,1.9110017973601194,-0.34104891577218266,-0.545267292442378,-0.35742659419845607,-0.6544286
1854,1012500.0,1652500.0,0.0,0.0,0.0,,3.3295479541666326,0.29486215114593506,4.845801793084499,,,24.732369019644448,0.028722479194402694,0.018912915,25.5,4.475628447492039,-0.5900306784966491,기타,0,-0.9210872864421746,-0.8676818834290173,-0.7476868783715466,0.22384278363579274,1.5618961
1855,1012500.0,1657500.0,0.0,0.0,0.0,,0.847461338520099,16.786579132080078,55.939262151703346,,,28.273388108947128,0.028722479194402694,0.018912915,25.5,4.475628447492039,-0.5900306784966491,기타,0,-1.0236786243930474,-0.7892013488789359,-0.7476868783715466,0.22384278363579274,1.5618961
1856,1012500.0,1662500.0,0.0,0.0,0.0,,3.241190753939067,213.76205444335938,84.00559527035381,,,32.20370899437575,0.028722479194402694,0.018912915,25.5,4.475628447492039,-0.5900306784966491,기타,0,-0.924739327967155,0.1481625783311425,-0.7476868783715466,0.22384278363579274,1.5618961
1857,1012500.0,1667500.0,0.0,0.0,0.0,,7.297674592751483,338.70587158203125,109.45863847406562,,,36.397434948492204,0.028722479194402694,0.018912915,25.5,4.475628447492039,-0.5900306784966491,기타,0,-0.7570739041352568,0.7427433347864458,-0.7476868783715466,0.22384278363579274,1.5618961
1858,1012500.0,1672500.0,0.0,0.0,0.0,,9.835857645833535,381.24346923828125,172.8549988776616,,,40.77336960155497,0.028722479194402694,0.018912915,25.5,4.475628447492039,-0.5900306784966491,기타,0,-0.6521639490440682,0.9451706142745816,-0.7476868783715466,0.22384278363579274,1.5618961
1859,1012500.0,1677500.0,0.0,0.0,0.0,,13.611383385006318,833.3893432617188,107.7582247254447,,,45.278715380411256,0.028722479194402694,0.018912915,25.5,4.475628447492039,-0.5900306784966491,기타,0,-0.49611128166009777,3.096835594276148,-0.7476868783715466,0.22384278363579274,1.5618961
1860,1012500.0,1682500.0,0.0,0.0,0.0,,17.99431631594127,300.6448059082031,172.59775619607072,,,49.87841681865589,0.028722479194402694,0.018912915,25.5,4.475628447492039,-0.5900306784966491,기타,0,-0.31495283589956125,0.5616189083194455,-0.7476868783715466,0.22384278363579274,1.5618961
1861,1012500.0,1687500.0,0.0,0.0,0.0,,22.63451085627154,80.8975830078125,142.44439152821687,,,54.54861008468374,0.028722479194402694,0.018912915,25.5,4.475628447492039,-0.5900306784966491,기타,0,-0.12316107357993046,-0.48411086857742247,-0.7476868783715466,0.22384278363579274,1.5618961
1862,1012500.0,1692500.0,0.0,0.0,0.0,,27.401582869009562,180.35494995117188,140.09012998913573,,,59.27263500137432,0.028722479194402694,0.018912915,25.5,4.475628447492039,-0.5900306784966491,기타,0,0.07387487706418623,-0.010814647711988042,-0.7476868783715466,0.22384278363579274,1.5618961
1863,1012500.0,1697500.0,0.0,0.0,0.0,,32.23929908902677,504.3280029296875,255.35534803634607,,,64.03857944896521,0.028722479194402694,0.018912915,25.5,4.475628447492039,-0.5900306784966491,기타,0,0.27383074343467767,1.530903440645333,-0.7476868783715466,0.22384278363579274,1.5618961
1864,1012500.0,1702500.0,0.0,0.0,0.0,,37.120049404280785,1173.05419921875,128.07095691619367,,,68.83773714814217,0.028722479194402694,0.018912915,25.5,4.475628447492039,-0.5900306784966491,기타,0,0.4755653250925479,4.713227598468442,-0.7476868783715466,0.22384278363579274,1.5618961
1865,1012500.0,1707500.0,0.0,0.0,0.0,,42.02884402170455,668.2769775390625,153.11265643379153,,,73.66361689132565,0.028722479194402694,0.018912915,25.5,4.475628447492039,-0.5900306784966491,기타,0,0.678459053439078,2.311101353400968,-0.7476868783715466,0.22384278363579274,1.5618961
1866,1012500.0,1712500.0,0.0,0.0,0.0,,46.95688865145661,601.513671875,144.01058034868453,,,78.51129123474715,0.028722479194402694,0.018912915,25.5,4.475628447492039,-0.5900306784966491,기타,0,0.8821484367429657,1.993389139269258,-0.7476868783715466,0.22384278363579274,1.5618961
1867,1012500.0,1717500.0,0.0,0.0,0.0,,51.8986999244665,707.6589965820312,217.65511455778008,,,83.376958742704,0.028722479194402694,0.018912915,25.5,4.475628447492039,-0.5900306784966491,기타,0,1.0864068325631817,2.498511912879209,-0.7476868783715466,0.22384278363579274,1.5618961
1868,1012500.0,1722500.0,0.0,0.0,0.0,,56.85068791030011,552.0322875976562,114.86690755337284,,,88.25764356143807,0.028722479194402694,0.018912915,25.5,4.475628447492039,-0.5900306784966491,기타,0,1.2910858593871448,1.7579178725204172,-0.7476868783715466,0.22384278363579274,1.5618961
1869,1012500.0,1727500.0,0.0,0.0,0.0,,61.810406711967744,324.00177001953125,58.27188289730452,,,93.15098520602525,0.028722479194402694,0.018912915,25.5,4.475628447492039,-0.5900306784966491,기타,0,1.4960844216918059,0.6727696775839972,-0.7476868783715466,0.22384278363579274,1.5618961
1870,1012500.0,1732500.0,0.0,0.0,0.0,,66.77613375992497,418.24822998046875,94.23170074417774,,,98.05508881587134,0.028722479194402694,0.018912915,25.5,4.475628447492039,-0.5900306784966491,기타,0,1.70133132102939,1.1212683127314613,-0.7476868783715466,0.22384278363579274,1.5618961
1871,1012500.0,1737500.0,0.0,0.0,0.0,,71.7466215368216,737.0304565429688,159.92143716045211,,,102.48096680953188,0.03380710780620576,0.017533291,1.0,0.3535533905932738,0.06218747950360276,기타,0,1.9067749941412802,2.6382843744679914,-0.5732816448213731,-0.5997119205130237,-1.0868822
1872,1012500.0,1742500.0,0.0,0.0,0.0,,76.17100027377919,844.942138671875,71.87037812567291,,,101.02309860061182,0.03380710780620576,0.017533291,1.0,0.3535533905932738,0.06218747950360276,기타,0,2.0896465069098373,3.151812863191506,-0.5732816448213731,-0.5997119205130237,-1.0868822
1873,1012500.0,1747500.0,0.0,0.0,0.0,,74.74629662509228,457.8135070800781,63.73562740569296,,,99.79471099973938,0.03380710780620576,0.017533291,1.0,0.3535533905932738,0.06218747950360276,기타,0,2.0307596604231337,1.309550957891405,-0.5732816448213731,-0.5997119205130237,-1.0868822
1874,1012500.0,1752500.0,0.0,0.0,0.0,,73.63420696676579,697.7428588867188,146.0957509962338,,,98.80436344703644,0.03380710780620576,0.017533291,1.0,0.3535533905932738,0.06218747950360276,기타,0,1.9847939937740167,2.45132314606372,-0.5732816448213731,-0.5997119205130237,-1.0868822
1875,1012500.0,1757500.0,0.0,0.0,0.0,,72.84904949333736,454.01800537109375,50.32013356349601,,,98.05926844937522,0.03380710780620576,0.017533291,1.0,0.3535533905932738,0.06218747950360276,기타,0,1.9523413165816184,1.2914889814852364,-0.5732816448213731,-0.5997119205130237,-1.0868822
1876,1012500.0,1762500.0,0.0,0.0,0.0,,72.40146123208379,502.80633544921875,90.22511362838765,,,97.56504508008594,0.03380710780620576,0.017533291,1.0,0.3535533905932738,0.06218747950360276,기타,0,1.9338412858882303,1.5236621523420761,-0.5732816448213731,-0.5997119205130237,-1.0868822
1877,1012500.0,1767500.0,0.0,0.0,0.0,,71.18674500400036,704.4694213867188,142.0226985726373,,,97.32551522664428,0.03380710780620576,0.017533291,1.0,0.3535533905932738,0.06218747950360276,기타,0,1.8836337861643515,2.48333341044643,-0.5732816448213731,-0.5997119205130237,-1.0868822
1879,1012500.0,1777500.0,0.0,0.0,0.0,,69.59894727759806,273.46563720703125,19.35300267931423,,,97.22145221706998,0.0841658413410187,0.0433507,1.0,0.5590169943749475,0.8786460333366863,기타,0,1.8180058213221435,0.4322790893812,1.1540474000261172,-0.5586620815144415,-1.0868822
1880,1012500.0,1782500.0,0.0,0.0,0.0,,69.22572789042351,243.92530822753906,47.723515111241866,,,97.17424087381576,0.07296976000070575,0.037741095,3.5,5.960461251322674,-0.05204332596848791,기타,0,1.8025796568853043,0.29170301644858715,0.7700163664770241,0.5204994489293155,-0.8165987
1881,1012500.0,1787500.0,0.0,0.0,0.0,,69.21210214177451,356.00579833984375,127.04094598133415,,,97.13024875646369,0.034623841196298626,0.018574638,5.0,1.5662455107677085,-0.09089997335764959,기타,0,1.8020164679233754,0.8250699658582747,-0.545267292442378,-0.35742659419845607,-0.6544286
1882,1012500.0,1792500.0,0.0,0.0,0.0,,69.55881514091433,129.6335906982422,26.94581945133111,,,97.26319046376176,0.034623841196298626,0.018574638,5.0,1.5662455107677085,-0.09089997335764959,기타,0,1.8163470518129505,-0.25218668871163685,-0.545267292442378,-0.35742659419845607,-0.6544286
1883,1012500.0,1797500.0,0.0,0.0,0.0,,70.26053262488378,241.41122436523438,87.36536250889016,,,97.65229754023957,0.034623841196298626,0.018574638,5.0,1.5662455107677085,-0.09089997335764959,기타,0,1.8453509290709542,0.27973903200442596,-0.545267292442378,-0.35742659419845607,-0.6544286
1884,1012500.0,1802500.0,0.0,0.0,0.0,,71.306774752872,141.38839721679688,71.51162176138128,,,98.2945278771151,0.034623841196298626,0.018574638,5.0,1.5662455107677085,-0.09089997335764959,기타,0,1.8885949395959136,-0.1962480923741257,-0.545267292442378,-0.35742659419845607,-0.6544286
1885,1012500.0,1807500.0,0.0,0.0,0.0,,72.6826651037322,123.08293151855469,13.30640591472256,,,99.184964618043,0.034623841196298626,0.018574638,5.0,1.5662455107677085,-0.09089997335764959,기타,0,1.9454642007565182,-0.2833598670211856,-0.545267292442378,-0.35742659419845607,-0.6544286
1886,1012500.0,1812500.0,0.0,0.0,0.0,,74.36990982585468,247.3302459716797,131.58708469251883,,,100.31699856943449,0.034623841196298626,0.018574638,5.0,1.5662455107677085,-0.09089997335764959,기타,0,2.0152025782981915,0.3079063829372818,-0.545267292442378,-0.35742659419845607,-0.6544286
1887,1012500.0,1817500.0,0.0,0.0,0.0,,76.34786944263881,117.13732147216797,16.80574602370066,,,101.68256093193858,0.034623841196298626,0.018574638,5.0,1.5662455107677085,-0.09089997335764959,기타,0,2.096956986955612,-0.31165374662184886,-0.545267292442378,-0.35742659419845607,-0.6544286
1905,1017500.0,1637500.0,0.0,0.0,0.0,,0.9527332778859916,-1.0121374130249023,27.692697865727812,,,13.686809587791787,0.028722479194402694,0.018912915,25.5,4.475628447492039,-0.5900306784966491,기타,0,-1.019327451053588,-0.873901613283188,-0.7476868783715466,0.22384278363579274,1.5618961
1906,1017500.0,1642500.0,0.0,0.0,0.0,,4.981881038858175,124.39248657226562,18.776748323828087,,,15.000771797736064,0.028722479194402694,0.018912915,25.5,4.475628447492039,-0.5900306784966491,기타,0,-0.8527919010876056,-0.2771279761418544,-0.7476868783715466,0.22384278363579274,1.5618961
1907,1017500.0,1647500.0,0.0,0.0,0.0,,1.1083886222294181,81.92115783691406,108.88977430954758,,,17.683821769149283,0.028722479194402694,0.018912915,25.5,4.475628447492039,-0.5900306784966491,기타,0,-1.0128937956224149,-0.4792398960866401,-0.7476868783715466,0.22384278363579274,1.5618961
1908,1017500.0,1652500.0,0.0,0.0,0.0,,2.8541839309951036,-2.75,2.9501059303014867,,,21.22291097371712,0.028722479194402694,0.018912915,25.5,4.475628447492039,-0.5900306784966491,기타,0,-0.9407353643309366,-0.8821717276053093,-0.7476868783715466,0.22384278363579274,1.5618961
1910,1017500.0,1662500.0,0.0,0.0,0.0,,2.230064237936122,111.36380004882812,149.93793364833815,,,29.59393089585923,0.028722479194402694,0.018912915,25.5,4.475628447492039,-0.5900306784966491,기타,0,-0.9665319154862356,-0.3391286934732829,-0.7476868783715466,0.22384278363579274,1.5618961
1911,1017500.0,1667500.0,0.0,0.0,0.0,,2.850583320112017,125.4540023803711,97.84034087926207,,,34.110044615980435,0.028722479194402694,0.018912915,25.5,4.475628447492039,-0.5900306784966491,기타,0,-0.9408841872952957,-0.2720764506912424,-0.7476868783715466,0.22384278363579274,1.5618961
1912,1017500.0,1672500.0,0.0,0.0,0.0,,6.8301894036274655,149.43887329101562,64.51992752596273,,,38.74518733390588,0.028722479194402694,0.018912915,25.5,4.475628447492039,-0.5900306784966491,기타,0,-0.7763963285511176,-0.15793760800080356,-0.7476868783715466,0.22384278363579274,1.5618961
1913,1017500.0,1677500.0,0.0,0.0,0.0,,11.62657083210475,102.0753402709961,117.1222624809101,,,43.461292426419455,0.028722479194402694,0.018912915,25.5,4.475628447492039,-0.5900306784966491,기타,0,-0.5781489406604945,-0.38333047606232035,-0.7476868783715466,0.22384278363579274,1.5618961
1914,1017500.0,1682500.0,0.0,0.0,0.0,,16.543966009952783,18.673166275024414,38.32082039488596,,,48.234617622720194,0.028722479194402694,0.018912915,25.5,4.475628447492039,-0.5900306784966491,기타,0,-0.3748997279422705,-0.7802234863783393,-0.7476868783715466,0.22384278363579274,1.5618961
1915,1017500.0,1687500.0,0.0,0.0,0.0,,21.499499374706314,379.5899658203125,194.45949729445027,,,53.04971946245629,0.028722479194402694,0.018912915,25.5,4.475628447492039,-0.5900306784966491,기타,0,-0.17007416104003417,0.9373019470962279,-0.7476868783715466,0.22384278363579274,1.5618961
1916,1017500.0,1692500.0,0.0,0.0,0.0,,26.471761093427865,1021.4429931640625,42.2285546924371,,,57.896175459874705,0.028722479194402694,0.018912915,25.5,4.475628447492039,-0.5900306784966491,기타,0,0.03544283387461578,3.991742473013636,-0.7476868783715466,0.22384278363579274,1.5618961
1917,1017500.0,1697500.0,0.0,0.0,0.0,,31.452818592489372,1011.9285888671875,163.94559016727115,,,62.76672311596236,0.028722479194402694,0.018912915,25.5,4.475628447492039,-0.5900306784966491,기타,0,0.24132338212689292,3.9464654690480945,-0.7476868783715466,0.22384278363579274,1.5618961
1918,1017500.0,1702500.0,0.0,0.0,0.0,,36.439065018693455,1445.20361328125,157.1301295701079,,,67.65615957583735,0.028722479194402694,0.018912915,25.5,4.475628447492039,-0.5900306784966491,기타,0,0.44741840274074307,6.008328133955962,-0.7476868783715466,0.22384278363579274,1.5618961
1919,1017500.0,1707500.0,0.0,0.0,0.0,,41.428626835330824,875.16015625,185.6619695605204,,,72.56066652385748,0.028722479194402694,0.018912915,25.5,4.475628447492039,-0.5900306784966491,기타,0,0.6536504573880698,3.295613910427321,-0.7476868783715466,0.22384278363579274,1.5618961
1920,1017500.0,1712500.0,0.0,0.0,0.0,,46.42043497734179,327.70758056640625,100.41297396420279,,,77.47738201708765,0.028722479194402694,0.018912915,25.5,4.475628447492039,-0.5900306784966491,기타,0,0.8599753587249914,0.6904048330378719,-0.7476868783715466,0.22384278363579274,1.5618961
1921,1017500.0,1717500.0,0.0,0.0,0.0,,51.413835156601,597.2996215820312,161.05894428379864,,,82.40412078322917,0.028722479194402694,0.018912915,25.5,4.475628447492039,-0.5900306784966491,기타,0,1.0663660632576337,1.973335380161249,-0.7476868783715466,0.22384278363579274,1.5618961
1922,1017500.0,1722500.0,0.0,0.0,0.0,,56.40840458242606,365.0782470703125,179.35291427257056,,,87.33918662257112,0.028722479194402694,0.018912915,25.5,4.475628447492039,-0.5900306784966491,기타,0,1.2728050959061556,0.8682437983263278,-0.7476868783715466,0.22384278363579274,1.5618961
1923,1017500.0,1727500.0,0.0,0.0,0.0,,61.40385793709699,309.72772216796875,117.28897321272551,,,92.28124358572326,0.028722479194402694,0.018912915,25.5,4.475628447492039,-0.5900306784966491,기타,0,1.4792806637192362,0.6048425535083685,-0.7476868783715466,0.22384278363579274,1.5618961
1924,1017500.0,1732500.0,0.0,0.0,0.0,,65.70464129257788,840.4403076171875,113.17110396397086,,,97.22922562461801,0.028722479194402694,0.018912915,25.5,4.475628447492039,-0.5900306784966491,기타,0,1.6570436458384956,3.130389617326052,-0.7476868783715466,0.22384278363579274,1.5618961
1925,1017500.0,1737500.0,0.0,0.0,0.0,,70.01347152897122,430.06121826171875,91.77182222583232,,,102.18227201133355,0.028722479194402694,0.018912915,25.5,4.475628447492039,-0.5900306784966491,기타,0,1.8351392272610736,1.1774837835655863,-0.7476868783715466,0.22384278363579274,1.5618961
1926,1017500.0,1742500.0,0.0,0.0,0.0,,74.40882006650689,444.01214599609375,55.249340364103034,,,105.84743764946724,0.03380710780620576,0.017533291,1.0,0.3535533905932738,0.06218747950360276,기타,0,2.01681084354701,1.2438732484908626,-0.5732816448213731,-0.5997119205130237,-1.0868822
1927,1017500.0,1747500.0,0.0,0.0,0.0,,78.8762246297421,725.3651733398438,195.6145648492023,,,104.67567983830064,0.03380710780620576,0.017533291,1.0,0.3535533905932738,0.06218747950360276,기타,0,2.2014607298245488,2.5827718003365208,-0.5732816448213731,-0.5997119205130237,-1.0868822
1928,1017500.0,1752500.0,0.0,0.0,0.0,,78.54874006563445,887.4491577148438,167.5091153039336,,,103.73194224665315,0.03380710780620576,0.017533291,1.0,0.3535533905932738,0.06218747950360276,기타,0,2.1879249090444546,3.354094625635001,-0.5732816448213731,-0.5997119205130237,-1.0868822
1929,1017500.0,1757500.0,0.0,0.0,0.0,,77.81318745789059,765.457275390625,70.74893803674735,,,103.02249140316668,0.03380710780620576,0.017533291,1.0,0.3535533905932738,0.06218747950360276,기타,0,2.157522534813836,2.7735614921447964,-0.5732816448213731,-0.5997119205130237,-1.0868822
1933,1017500.0,1777500.0,0.0,0.0,0.0,,74.5709238852414,329.2547912597656,48.78111446883691,,,102.2211791312111,0.0841658413410187,0.0433507,1.0,0.5590169943749475,0.8786460333366863,기타,0,2.023511031826534,0.6977676759981789,1.1540474000261172,-0.5586620815144415,-1.0868822
1934,1017500.0,1782500.0,0.0,0.0,0.0,,74.2222094121627,376.1130676269531,37.295230525832984,,,102.1741831532272,0.07296976000070575,0.037741095,3.5,5.960461251322674,-0.05204332596848791,기타,0,2.009097721617914,0.9207561363048764,0.7700163664770241,0.5204994489293155,-0.8165987
1935,1017500.0,1787500.0,0.0,0.0,0.0,,74.20950108272794,208.55471801757812,40.5499314096312,,,102.13024696552004,0.034623841196298626,0.018574638,5.0,1.5662455107677085,-0.09089997335764959,기타,0,2.0085724520678454,0.12338198412437275,-0.545267292442378,-0.35742659419845607,-0.6544286
1936,1017500.0,1792500.0,9.0,1.0,9.0,구릉사면,74.53297077047087,122.55670166015625,43.48688543648274,,,102.25668848997407,0.034623841196298626,0.018574638,5.0,1.5662455107677085,-0.09089997335764959,구릉,9,2.021942327173293,-0.2858640817509841,-0.545267292442378,-0.35742659419845607,-0.6544286
1937,1017500.0,1797500.0,0.0,0.0,0.0,,75.18827975686324,175.12298583984375,23.811396570964916,,,102.62686459515889,0.034623841196298626,0.018574638,5.0,1.5662455107677085,-0.09089997335764959,기타,0,2.0490280159890766,-0.03571243977806404,-0.545267292442378,-0.35742659419845607,-0.6544286
1938,1017500.0,1802500.0,2.0,1.0,2.0,구릉사면,76.16686348879543,117.5262451171875,21.760331316081537,,,103.23815347210817,0.034623841196298626,0.018574638,5.0,1.5662455107677085,-0.09089997335764959,구릉,2,2.0894755224229855,-0.3098029426336658,-0.545267292442378,-0.35742659419845607,-0.6544286
1939,1017500.0,1807500.0,0.0,0.0,0.0,,77.45647019226517,268.8956298828125,40.66368662107013,,,104.08630711110871,0.034623841196298626,0.018574638,5.0,1.5662455107677085,-0.09089997335764959,기타,0,2.1427784475930296,0.41053140731043,-0.545267292442378,-0.35742659419845607,-0.6544286
1940,1017500.0,1812500.0,0.0,0.0,0.0,,79.04187785958611,190.99661254882812,114.11667653602906,,,105.16559477189068,0.034623841196298626,0.018574638,5.0,1.5662455107677085,-0.09089997335764959,기타,0,2.2083076248436226,0.039826736088812806,-0.545267292442378,-0.35742659419845607,-0.6544286
1941,1017500.0,1817500.0,0.0,0.0,0.0,,80.90569903594056,167.826904296875,82.67107063150078,,,106.46898759461837,0.034623841196298626,0.018574638,5.0,1.5662455107677085,-0.09089997335764959,기타,0,2.2853443837455942,-0.07043292281055522,-0.545267292442378,-0.35742659419845607,-0.6544286
1958,1022500.0,1632500.0,0.0,0.0,0.0,,2.3881283867701604,-1.0,5.308207837169447,,,8.671518262103042,0.057397796958684924,0.038562,16.25,0.8385254915624212,0.39119696091738587,기타,0,-0.9599986976650977,-0.8738438539447668,0.23589046298940458,-0.5028187175458355,0.56184715
1959,1022500.0,1637500.0,0.0,0.0,0.0,,0.012577549963448438,35.41962432861328,34.418205946465946,,,8.720701208442087,0.028722479194402694,0.018912915,25.5,4.475628447492039,-0.5900306784966491,기타,0,-1.058186624380473,-0.7005306938458465,-0.7476868783715466,0.22384278363579274,1.5618961
1960,1022500.0,1642500.0,0.0,0.0,0.0,,1.173294072674375,41.52845764160156,57.50162156669623,,,10.665131382322851,0.028722479194402694,0.018912915,25.5,4.475628447492039,-0.5900306784966491,기타,0,-1.0102110782025324,-0.6714600698207726,-0.7476868783715466,0.22384278363579274,1.5618961
1961,1022500.0,1647500.0,0.0,0.0,0.0,,2.1603680367436517,170.22018432617188,122.32788037787212,,,14.192935751192994,0.028722479194402694,0.018912915,25.5,4.475628447492039,-0.5900306784966491,기타,0,-0.9694126475627697,-0.05904381782867878,-0.7476868783715466,0.22384278363579274,1.5618961
1962,1022500.0,1652500.0,0.0,0.0,0.0,,2.830340804230082,-4.5,5.445364895479276,,,18.41558641674972,0.028722479194402694,0.018912915,25.5,4.475628447492039,-0.5900306784966491,기타,0,-0.9417208651028823,-0.8904996012658518,-0.7476868783715466,0.22384278363579274,1.5618961
1963,1022500.0,1657500.0,0.0,0.0,0.0,,4.620507736217307,6.032222270965576,10.95033685505879,,,22.952738854177323,0.028722479194402694,0.018912915,25.5,4.475628447492039,-0.5900306784966491,기타,0,-0.8677284348829807,-0.8403790204445072,-0.7476868783715466,0.22384278363579274,1.5618961
1964,1022500.0,1662500.0,0.0,0.0,0.0,,0.3054066212900431,45.83628845214844,4.31170792420237,,,27.650002147257524,0.028722479194402694,0.018912915,25.5,4.475628447492039,-0.5900306784966491,기타,0,-1.0460832086378755,-0.6509600293972145,-0.7476868783715466,0.22384278363579274,1.5618961
1965,1022500.0,1667500.0,0.0,0.0,0.0,,2.604758036201324,171.76296997070312,72.76826466518641,,,32.4378947618157,0.028722479194402694,0.018912915,25.5,4.475628447492039,-0.5900306784966491,기타,0,-0.9510448096601931,-0.05170203272413315,-0.7476868783715466,0.22384278363579274,1.5618961
1966,1022500.0,1672500.0,0.0,0.0,0.0,,6.823406696786276,84.5846176147461,87.4281533141186,,,37.281515720446706,0.028722479194402694,0.018912915,25.5,4.475628447492039,-0.5900306784966491,기타,0,-0.7766766761285872,-0.466565063783942,-0.7476868783715466,0.22384278363579274,1.5618961
1967,1022500.0,1677500.0,0.0,0.0,0.0,,11.622587533517306,182.7760009765625,84.98938896023463,,,42.16166282595125,0.028722479194402694,0.018912915,25.5,4.475628447492039,-0.5900306784966491,기타,0,-0.5783135811403906,0.0007066134681147783,-0.7476868783715466,0.22384278363579274,1.5618961
1968,1022500.0,1682500.0,0.0,0.0,0.0,,16.541166917687395,445.0565185546875,161.92547379638341,,,47.06697579072278,0.028722479194402694,0.018912915,25.5,4.475628447492039,-0.5900306784966491,기타,0,-0.37501542197919246,1.2488431929037231,-0.7476868783715466,0.22384278363579274,1.5618961
1969,1022500.0,1687500.0,0.0,0.0,0.0,,21.497345534351908,543.372314453125,81.56485847643741,,,51.990331869682926,0.028722479194402694,0.018912915,25.5,4.475628447492039,-0.5900306784966491,기타,0,-0.17016318507420697,1.7167069226625047,-0.7476868783715466,0.22384278363579274,1.5618961
1970,1022500.0,1692500.0,0.0,0.0,0.0,,26.470011844497613,611.3746948242188,170.12670273048278,,,56.92704985993085,0.028722479194402694,0.018912915,25.5,4.475628447492039,-0.5900306784966491,기타,0,0.03537053269582835,2.0403156268605747,-0.7476868783715466,0.22384278363579274,1.5618961
1971,1022500.0,1697500.0,0.0,0.0,0.0,,31.451346379326406,469.1070251464844,169.8131339737522,,,61.873931534939146,0.028722479194402694,0.018912915,25.5,4.475628447492039,-0.5900306784966491,기타,0,0.24126253158397248,1.3632943816857395,-0.7476868783715466,0.22384278363579274,1.5618961
1972,1022500.0,1702500.0,0.0,0.0,0.0,,36.43779426772279,1128.6912841796875,192.03111026310367,,,66.82871988468447,0.028722479194402694,0.018912915,25.5,4.475628447492039,-0.5900306784966491,기타,0,0.4473658791738938,4.5021140260920465,-0.7476868783715466,0.22384278363579274,1.5618961
1973,1022500.0,1707500.0,0.0,0.0,0.0,,41.363996491774145,1207.3968505859375,201.45791141931366,,,71.78977781871808,0.028722479194402694,0.018912915,25.5,4.475628447492039,-0.5900306784966491,기타,0,0.6509791108782796,4.876656890899295,-0.7476868783715466,0.22384278363579274,1.5618961
1974,1022500.0,1712500.0,1.0,1.0,0.0,,45.99952948116843,889.9240112304688,225.76552540647435,,,76.75588965738194,0.028722479194402694,0.018912915,25.5,4.475628447492039,-0.5900306784966491,기타,1,0.8425781987181263,3.3658719212958434,-0.7476868783715466,0.22384278363579274,1.5618961
1975,1022500.0,1717500.0,28.0,6.0,12.0,구릉정상,50.435321592456944,331.8263854980469,43.70839067949627,,,81.72613410000179,0.028722479194402694,0.018912915,25.5,4.475628447492039,-0.5900306784966491,구릉,28,1.0259214570477624,0.7100053399539419,-0.7476868783715466,0.22384278363579274,1.5618961
1976,1022500.0,1722500.0,0.0,0.0,0.0,,54.57570862834754,267.2848205566406,19.838309204511113,,,86.6998004194171,0.028722479194402694,0.018912915,25.5,4.475628447492039,-0.5900306784966491,기타,0,1.1970548264349627,0.40286591213352546,-0.7476868783715466,0.22384278363579274,1.5618961
1977,1022500.0,1727500.0,0.0,0.0,0.0,,58.849760241126084,207.471435546875,67.68695178325642,,,91.67633168163985,0.028722479194402694,0.018912915,25.5,4.475628447492039,-0.5900306784966491,기타,0,1.3737129134904058,0.11822687580740364,-0.7476868783715466,0.22384278363579274,1.5618961
1978,1022500.0,1732500.0,0.0,0.0,0.0,,63.230377103017176,374.56219482421875,58.7666695033386,,,96.65528536214318,0.028722479194402694,0.018912915,25.5,4.475628447492039,-0.5900306784966491,기타,0,1.5547756298672464,0.9133758661535946,-0.7476868783715466,0.22384278363579274,1.5618961
1980,1022500.0,1742500.0,0.0,0.0,0.0,,72.23332475314443,986.3192749023438,158.02558716143466,,,106.22912168684243,0.07704842090606691,0.044108372,22.0,2.375,0.5094976826359678,기타,0,1.9268917514827824,3.8245962512010174,0.9099164185910027,-0.19584448933260457,1.1834992
1981,1022500.0,1747500.0,0.0,0.0,0.0,,76.82733571486756,863.6132202148438,75.34173855290409,,,109.56738363080198,0.03380710780620576,0.017533291,1.0,0.3535533905932738,0.06218747950360276,기타,0,2.116774621868184,3.240664525017523,-0.5732816448213731,-0.5997119205130237,-1.0868822
1982,1022500.0,1752500.0,0.0,0.0,0.0,,81.46917098631052,578.283935546875,103.47944892518956,,,108.66613754225322,0.03380710780620576,0.017533291,1.0,0.3535533905932738,0.06218747950360276,기타,0,2.3086342000323574,1.882843819664493,-0.5732816448213731,-0.5997119205130237,-1.0868822
1986,1022500.0,1772500.0,0.0,0.0,0.0,,80.11604330464493,697.6049194335938,158.24384076341985,,,107.33872096760872,0.03380710780620576,0.017533291,1.0,0.3535533905932738,0.06218747950360276,기타,0,2.2527057814166054,2.450666721870332,-0.5732816448213731,-0.5997119205130237,-1.0868822
1987,1022500.0,1777500.0,0.0,0.0,0.0,,79.54594683051072,746.0032348632812,162.21764813082336,,,107.22093151411377,0.0841658413410187,0.0433507,1.0,0.5590169943749475,0.8786460333366863,기타,0,2.2291421556858126,2.680983896888344,1.1540474000261172,-0.5586620815144415,-1.0868822
1988,1022500.0,1782500.0,0.0,0.0,0.0,,79.21913492387368,431.9852600097656,75.2606607881366,,,107.17413081829062,0.07296976000070575,0.037741095,3.5,5.960461251322674,-0.05204332596848791,기타,0,2.2156341376542037,1.1866398844772112,0.7700163664770241,0.5204994489293155,-0.8165987
1989,1022500.0,1787500.0,0.0,0.0,0.0,,79.20722832552198,419.2821044921875,110.32322471720106,,,107.13024534175078,0.034623841196298626,0.018574638,5.0,1.5662455107677085,-0.09089997335764959,기타,0,2.215142005813339,1.1261882991968606,-0.545267292442378,-0.35742659419845607,-0.6544286
1990,1022500.0,1792500.0,0.0,0.0,0.0,,79.51036850584858,215.2095947265625,12.823388412774465,,,107.25079236388511,0.034623841196298626,0.018574638,5.0,1.5662455107677085,-0.09089997335764959,기타,0,2.2276716075163288,0.15505111124374907,-0.545267292442378,-0.35742659419845607,-0.6544286
1991,1022500.0,1797500.0,0.0,0.0,0.0,,80.12497975575594,197.80386352539062,31.746524961707227,,,107.6037892380128,0.034623841196298626,0.018574638,5.0,1.5662455107677085,-0.09089997335764959,기타,0,2.2530751490568126,0.07222097957933674,-0.545267292442378,-0.35742659419845607,-0.6544286
1992,1022500.0,1802500.0,0.0,0.0,0.0,,81.04397609807141,203.08285522460938,11.37203166728304,,,108.18696064718779,0.034623841196298626,0.018574638,5.0,1.5662455107677085,-0.09089997335764959,기타,0,2.291059747876118,0.09734256582284885,-0.545267292442378,-0.35742659419845607,-0.6544286
1993,1022500.0,1807500.0,0.0,0.0,0.0,,82.25715617932116,299.26214599609375,37.08386357676598,,,108.99661210227426,0.034623841196298626,0.018574638,5.0,1.5662455107677085,-0.09089997335764959,기타,0,2.341203754505935,0.5550391271402777,-0.545267292442378,-0.35742659419845607,-0.6544286
1994,1022500.0,1812500.0,0.0,0.0,0.0,,83.751736839505,143.28604125976562,62.37685743078687,,,110.02774398064845,0.034623841196298626,0.018574638,5.0,1.5662455107677085,-0.09089997335764959,기타,0,2.402978806446989,-0.18721761246411153,-0.545267292442378,-0.35742659419845607,-0.6544286
1995,1022500.0,1817500.0,0.0,0.0,0.0,,85.51296454081196,271.9588928222656,74.90771673277635,,,111.27419935083155,0.034623841196298626,0.018574638,5.0,1.5662455107677085,-0.09089997335764959,기타,0,2.475775100167849,0.42510881688116575,-0.545267292442378,-0.35742659419845607,-0.6544286
2018,1027500.0,1662500.0,0.0,0.0,0.0,,0.10897296432600273,-0.7937586903572083,3.60463894165278,,,26.518757354329402,0.028722479194402694,0.018912915,25.5,4.475628447492039,-0.5900306784966491,기타,0,-1.054202341773475,-0.8728623959046011,-0.7476868783715466,0.22384278363579274,1.5618961
2019,1027500.0,1667500.0,0.0,0.0,0.0,,4.824087096397038,61.509159088134766,63.43159484278128,,,31.47918184218078,0.028722479194402694,0.018912915,25.5,4.475628447492039,-0.5900306784966491,기타,0,-0.8593139505501762,-0.5763762085089172,-0.7476868783715466,0.22384278363579274,1.5618961
2020,1027500.0,1672500.0,0.0,0.0,0.0,,9.646439315334295,296.03216552734375,25.64598579680525,,,36.450422319753294,0.028722479194402694,0.018912915,25.5,4.475628447492039,-0.5900306784966491,기타,0,-0.6599931198054099,0.5396683447004093,-0.7476868783715466,0.22384278363579274,1.5618961
2021,1027500.0,1677500.0,0.0,0.0,0.0,,13.601173943251913,39.36697769165039,62.271542070919004,,,41.42858536232746,0.028722479194402694,0.018912915,25.5,4.475628447492039,-0.5900306784966491,기타,0,-0.49653326543887216,-0.6817460880739091,-0.7476868783715466,0.22384278363579274,1.5618961
2022,1027500.0,1682500.0,0.0,0.0,0.0,,17.252471027447424,102.86279296875,46.30401041386771,,,46.411443448345125,0.028722479194402694,0.018912915,25.5,4.475628447492039,-0.5900306784966491,기타,0,-0.3456153036069222,-0.379583158016293,-0.7476868783715466,0.22384278363579274,1.5618961
2023,1027500.0,1687500.0,0.0,0.0,0.0,,21.274967996927572,558.0865478515625,75.966162553724,,,51.39763108154132,0.028722479194402694,0.018912915,25.5,4.475628447492039,-0.5900306784966491,기타,0,-0.17935464880104401,1.7867287950933173,-0.7476868783715466,0.22384278363579274,1.5618961
2024,1027500.0,1692500.0,0.0,0.0,0.0,,25.64372769290128,446.13836669921875,217.15055311866277,,,56.38626498208147,0.028722479194402694,0.018912915,25.5,4.475628447492039,-0.5900306784966491,기타,0,0.0012179789108393883,1.2539914755708939,-0.7476868783715466,0.22384278363579274,1.5618961
2025,1027500.0,1697500.0,76.0,9.0,62.0,평지,30.20889400003005,642.3270874023438,164.08979122246296,,,61.376748663193226,0.028722479194402694,0.018912915,25.5,4.475628447492039,-0.5900306784966491,평지,76,0.1899086218820517,2.1876114067932244,-0.7476868783715466,0.22384278363579274,1.5618961
2026,1027500.0,1702500.0,0.0,0.0,0.0,,34.89346333373102,513.6723022460938,87.27373539770097,,,66.36866485247444,0.028722479194402694,0.018912915,25.5,4.475628447492039,-0.5900306784966491,기타,0,0.3835345141609256,1.57537095159009,-0.7476868783715466,0.22384278363579274,1.5618961
2027,1027500.0,1707500.0,0.0,0.0,0.0,,39.43513343497793,501.4334716796875,123.85184381530568,,,71.36171292882031,0.028722479194402694,0.018912915,25.5,4.475628447492039,-0.5900306784966491,기타,0,0.5712539955364893,1.5171289888987662,-0.7476868783715466,0.22384278363579274,1.5618961
2028,1027500.0,1712500.0,0.0,0.0,0.0,,43.473164793769605,463.6963806152344,126.96633539073582,,,76.15674772967691,0.07704842090606691,0.044108372,22.0,2.375,0.5094976826359678,기타,0,0.7381567285735111,1.3375462879266793,0.9099164185910027,-0.19584448933260457,1.1834992
2029,1027500.0,1717500.0,0.0,0.0,0.0,,47.69383990976176,247.17074584960938,119.16910760497466,,,80.88377891161039,0.07704842090606691,0.044108372,22.0,2.375,0.5094976826359678,기타,0,0.9126086209756629,0.3071473561570288,0.9099164185910027,-0.19584448933260457,1.1834992
2030,1027500.0,1722500.0,0.0,0.0,0.0,,52.05274895228607,151.2906036376953,53.22026382211829,,,85.64181897462765,0.07704842090606691,0.044108372,22.0,2.375,0.5094976826359678,기타,0,1.0927740945976392,-0.1491256214976373,0.9099164185910027,-0.19584448933260457,1.1834992
2031,1027500.0,1727500.0,0.0,0.0,0.0,,56.517917350531,267.7474060058594,66.27541285416369,,,90.42597316890492,0.07704842090606691,0.044108372,22.0,2.375,0.5094976826359678,기타,0,1.2773315541416443,0.4050672568068392,0.9099164185910027,-0.19584448933260457,1.1834992
2032,1027500.0,1732500.0,0.0,0.0,0.0,,61.06604039720595,342.9842529296875,98.81506991781148,,,95.23230591455892,0.07704842090606691,0.044108372,22.0,2.375,0.5094976826359678,기타,0,1.4653177531655825,0.7631032315492474,0.9099164185910027,-0.19584448933260457,1.1834992
2040,1027500.0,1772500.0,0.0,0.0,0.0,,85.07074476383198,574.6793212890625,101.68449539720814,,,112.33705811107515,0.03380710780620576,0.017533291,1.0,0.3535533905932738,0.06218747950360276,기타,0,2.4574969634168093,1.8656902355878915,-0.5732816448213731,-0.5997119205130237,-1.0868822
2041,1027500.0,1777500.0,0.0,0.0,0.0,,84.52391747444275,377.62835693359375,59.36203698390333,,,112.22070596166024,0.0841658413410187,0.0433507,1.0,0.5590169943749475,0.8786460333366863,기타,0,2.4348951158854426,0.9279670722505188,1.1540474000261172,-0.5586620815144415,-1.0868822
2042,1027500.0,1782500.0,0.0,0.0,0.0,,84.21642539404577,435.4403991699219,65.91706988503994,,,112.17408314884025,0.07296976000070575,0.037741095,3.5,5.960461251322674,-0.05204332596848791,기타,0,2.4221856384085627,1.2030821487088537,0.7700163664770241,0.5204994489293155,-0.8165987
2043,1027500.0,1787500.0,18.0,2.0,20.0,평지,84.20522541431346,450.2490234375,116.31462296450349,,,112.1302438627925,0.034623841196298626,0.018574638,5.0,1.5662455107677085,-0.09089997335764959,평지,18,2.421722713022109,1.2735532069870446,-0.545267292442378,-0.35742659419845607,-0.6544286
2044,1027500.0,1792500.0,44.0,2.0,27.0,구릉정상부,84.49043536400916,282.9025573730469,68.67024785184209,,,112.24542121809155,0.034623841196298626,0.018574638,5.0,1.5662455107677085,-0.09089997335764959,구릉,44,2.4335112099068406,0.47718736303103065,-0.545267292442378,-0.35742659419845607,-0.6544286
2045,1027500.0,1797500.0,0.0,0.0,0.0,,85.06907398652153,152.43624877929688,31.750458657952304,,,112.58275880490883,0.034623841196298626,0.018574638,5.0,1.5662455107677085,-0.09089997335764959,기타,0,2.457427905681831,-0.14367374264102467,-0.545267292442378,-0.35742659419845607,-0.6544286
2046,1027500.0,1802500.0,0.0,0.0,0.0,,85.93521414326457,174.95205688476562,35.638103916571595,,,113.1402694703427,0.034623841196298626,0.018574638,5.0,1.5662455107677085,-0.09089997335764959,기타,0,2.493227815714423,-0.036525853916817855,-0.545267292442378,-0.35742659419845607,-0.6544286
2047,1027500.0,1807500.0,0.0,0.0,0.0,,87.08027739260599,247.2398223876953,5.044754668053079,,,113.91472060940694,0.034623841196298626,0.018574638,5.0,1.5662455107677085,-0.09089997335764959,기타,0,2.540556369862285,0.30747607654679304,-0.545267292442378,-0.35742659419845607,-0.6544286
2048,1027500.0,1812500.0,0.0,0.0,0.0,,88.49343699787951,303.8927307128906,76.36953741890036,,,114.90172569294477,0.034623841196298626,0.018574638,5.0,1.5662455107677085,-0.09089997335764959,기타,0,2.59896606988211,0.577075083995091,-0.545267292442378,-0.35742659419845607,-0.6544286
2068,1032500.0,1642500.0,5.0,1.0,5.0,산록하평지,0.3093904918421895,10.095351219177246,39.32486054586702,,,6.417848015582484,0.028722479194402694,0.018912915,25.5,4.475628447492039,-0.5900306784966491,산록,5,-1.0459185445171346,-0.8210434635603931,-0.7476868783715466,0.22384278363579274,1.5618961
2069,1032500.0,1647500.0,0.0,0.0,0.0,,1.798186009888436,163.20640563964844,148.35409557001833,,,11.352672416061361,0.028722479194402694,0.018912915,25.5,4.475628447492039,-0.5900306784966491,기타,0,-0.984382608112336,-0.09242088227689176,-0.7476868783715466,0.22384278363579274,1.5618961
2070,1032500.0,1652500.0,0.0,0.0,0.0,,2.239921910389794,172.05792236328125,117.1933904525756,,,16.327203337426926,0.028722479194402694,0.018912915,25.5,4.475628447492039,-0.5900306784966491,기타,0,-0.9661244712819406,-0.05029841771769581,-0.7476868783715466,0.22384278363579274,1.5618961
2071,1032500.0,1657500.0,3.0,3.0,0.0,산록하사면,0.8899606404529162,14.67977523803711,25.504154977051414,,,21.31365681099725,0.028722479194402694,0.018912915,25.5,4.475628447492039,-0.5900306784966491,산록,3,-1.0219220135561082,-0.7992271755401523,-0.7476868783715466,0.22384278363579274,1.5618961
2072,1032500.0,1662500.0,0.0,0.0,0.0,,0.9779602641408146,45.593570709228516,72.53533594792202,,,26.305253553088097,0.028722479194402694,0.018912915,25.5,4.475628447492039,-0.5900306784966491,기타,0,-1.0182847516344637,-0.6521150709390483,-0.7476868783715466,0.22384278363579274,1.5618961
2073,1032500.0,1667500.0,0.0,0.0,0.0,,5.839555972272391,421.39361572265625,199.16923936945904,,,31.299532941044635,0.028722479194402694,0.018912915,25.5,4.475628447492039,-0.5900306784966491,기타,0,-0.8173418815793337,1.1362365270598094,-0.7476868783715466,0.22384278363579274,1.5618961
2074,1032500.0,1672500.0,0.0,0.0,0.0,,7.0174658878017,54.860389709472656,18.103244139975597,,,36.29538758799558,0.028722479194402694,0.018912915,25.5,4.475628447492039,-0.5900306784966491,기타,0,-0.7686556860783466,-0.6080162721566782,-0.7476868783715466,0.22384278363579274,1.5618961
2075,1032500.0,1677500.0,16.0,3.0,19.0,산록하평지,10.208885061741078,188.32180786132812,58.62430156532824,,,41.29224573691902,0.028722479194402694,0.018912915,25.5,4.475628447492039,-0.5900306784966491,산록,16,-0.6367457192977451,0.027097915800740356,-0.7476868783715466,0.22384278363579274,1.5618961
2076,1032500.0,1682500.0,0.0,0.0,0.0,,14.463673147621245,228.3988037109375,136.42707780837407,,,46.289782412897466,0.028722479194402694,0.018912915,25.5,4.475628447492039,-0.5900306784966491,기타,0,-0.4608838457933115,0.21781572044624434,-0.7476868783715466,0.22384278363579274,1.5618961
2077,1032500.0,1687500.0,30.0,7.0,13.0,산록하사면,19.08335263098703,258.6656799316406,99.9470694542357,,,51.062800759711,0.07704842090606691,0.044108372,22.0,2.375,0.5094976826359678,산록,30,-0.269940026139685,0.36184927545498313,0.9099164185910027,-0.19584448933260457,1.1834992
2078,1032500.0,1692500.0,0.0,0.0,0.0,,23.85688274599134,434.2285461425781,64.76180899484227,,,55.67535440108633,0.07704842090606691,0.044108372,22.0,2.375,0.5094976826359678,기타,0,-0.07263714470115308,1.1973152007620738,0.9099164185910027,-0.19584448933260457,1.1834992
2079,1032500.0,1697500.0,1.0,1.0,1.0,,28.575126140307308,154.69158935546875,54.047206216926206,,,60.349652475778065,0.07704842090606691,0.044108372,22.0,2.375,0.5094976826359678,기타,1,0.12238058737531453,-0.13294106185253643,0.9099164185910027,-0.19584448933260457,1.1834992
2080,1032500.0,1702500.0,0.0,0.0,0.0,,32.42412901044851,550.0531616210938,146.86974678012578,,,65.07239061389866,0.07704842090606691,0.044108372,22.0,2.375,0.5094976826359678,기타,0,0.2814702628666261,1.7484996376112114,0.9099164185910027,-0.19584448933260457,1.1834992
2081,1032500.0,1707500.0,0.0,0.0,0.0,,36.55284462580093,443.8883056640625,229.5277998019242,,,69.83374174758522,0.07704842090606691,0.044108372,22.0,2.375,0.5094976826359678,기타,0,0.4521212209466419,1.2432839189827276,0.9099164185910027,-0.19584448933260457,1.1834992
2082,1032500.0,1712500.0,39.0,11.0,12.0,산록하사면,40.876604046687625,361.6236572265625,218.10172050808768,,,74.6263154170769,0.07704842090606691,0.044108372,22.0,2.375,0.5094976826359678,산록,39,0.6308338658520304,0.8518041481733317,0.9099164185910027,-0.19584448933260457,1.1834992
2083,1032500.0,1717500.0,0.0,0.0,0.0,,45.33964122643026,130.39871215820312,43.80468584276867,,,79.44446122285473,0.07704842090606691,0.044108372,22.0,2.375,0.5094976826359678,기타,0,0.8153032363840577,-0.24854564022390857,0.9099164185910027,-0.19584448933260457,1.1834992
2084,1032500.0,1722500.0,0.0,0.0,0.0,,49.90460274056041,176.22463989257812,76.94263078117453,,,84.28379372839295,0.07704842090606691,0.044108372,22.0,2.375,0.5094976826359678,기타,0,1.0039854147079852,-0.03046990505303749,0.9099164185910027,-0.19584448933260457,1.1834992
2085,1032500.0,1727500.0,0.0,0.0,0.0,,54.545904363617296,338.3951416015625,125.26267624613584,,,89.14086241175207,0.07704842090606691,0.044108372,22.0,2.375,0.5094976826359678,기타,0,1.195822935744266,0.7412646376322249,0.9099164185910027,-0.19584448933260457,1.1834992
2094,1032500.0,1772500.0,0.0,0.0,0.0,,90.03045503913857,513.1182250976562,105.2269050256398,,,117.33553694912719,0.03380710780620576,0.017533291,1.0,0.3535533905932738,0.06218747950360276,기타,0,2.66249517330396,1.5727342175955865,-0.5732816448213731,-0.5997119205130237,-1.0868822
2095,1032500.0,1777500.0,0.0,0.0,0.0,,89.50434399117388,773.0499267578125,168.97534097411608,,,117.22049965049858,0.0841658413410187,0.0433507,1.0,0.5590169943749475,0.8786460333366863,기타,0,2.6407495839352446,2.809693287193072,1.1540474000261172,-0.5586620815144415,-1.0868822
2096,1032500.0,1782500.0,0.0,0.0,0.0,,89.21401949365833,921.3579711914062,189.76956801153193,,,117.17403954763094,0.07296976000070575,0.037741095,3.5,5.960461251322674,-0.05204332596848791,기타,0,2.628749688987067,3.5154593768416937,0.7700163664770241,0.5204994489293155,-0.8165987
2097,1032500.0,1787500.0,0.0,0.0,0.0,,89.20344699135407,753.2227783203125,55.782180412606166,,,117.13024251010033,0.034623841196298626,0.018574638,5.0,1.5662455107677085,-0.09089997335764959,기타,0,2.628312698936017,2.7153401516294595,-0.545267292442378,-0.35742659419845607,-0.6544286
2098,1032500.0,1792500.0,0.0,0.0,0.0,,89.4727256546026,381.75787353515625,32.062025458571256,,,117.24050795766965,0.034623841196298626,0.018574638,5.0,1.5662455107677085,-0.09089997335764959,기타,0,2.6394427127599274,0.9476185537001903,-0.545267292442378,-0.35742659419845607,-0.6544286
2099,1032500.0,1797500.0,0.0,0.0,0.0,,90.01934412662784,302.787353515625,58.025031210916396,,,117.5635134804582,0.034623841196298626,0.018574638,5.0,1.5662455107677085,-0.09089997335764959,기타,0,2.6620359293061293,0.5718148316259066,-0.545267292442378,-0.35742659419845607,-0.6544286
2100,1032500.0,1802500.0,0.0,0.0,0.0,,90.83829587741457,342.1043701171875,23.50046418868703,,,118.09751351136636,0.034623841196298626,0.018574638,5.0,1.5662455107677085,-0.09089997335764959,기타,0,2.6958854151785365,0.758916058464343,-0.545267292442378,-0.35742659419845607,-0.6544286
2101,1032500.0,1807500.0,0.0,0.0,0.0,,91.92230240174132,155.30316162109375,18.921354275193107,,,118.83966380491339,0.034623841196298626,0.018574638,5.0,1.5662455107677085,-0.09089997335764959,기타,0,2.7406903301146692,-0.13003072095972687,-0.545267292442378,-0.35742659419845607,-0.6544286
2121,1037500.0,1637500.0,0.0,0.0,0.0,,0.385339458981772,9.0,78.49368645828713,0.027600711584091185,0.01611485332250595,1.5695219962054552,0.027600711584091185,0.016114853,20.5,1.8915932438026946,-0.25345251180526424,기타,0,-1.0427793687503748,-0.8262560044559527,-0.7861640528128127,-0.29242495004433394,1.0213292
2122,1037500.0,1642500.0,0.0,0.0,0.0,,2.2937074930215697,179.09442138671875,198.86668905929156,,,6.315126117644808,0.027600711584091185,0.016114853,20.5,1.8915932438026946,-0.25345251180526424,기타,0,-0.9639013680067053,-0.016813232072142668,-0.7861640528128127,-0.29242495004433394,1.0213292
2123,1037500.0,1647500.0,0.0,0.0,0.0,,1.7925389043152655,97.5013427734375,55.654019174540714,,,11.282652013908184,0.027600711584091185,0.016114853,20.5,1.8915932438026946,-0.25345251180526424,기타,0,-0.9846160182248799,-0.40509714650992346,-0.7861640528128127,-0.29242495004433394,1.0213292
2124,1037500.0,1652500.0,0.0,0.0,0.0,,0.26517665558641934,-1.5,5.427218069134763,,,16.270084666409492,0.027600711584091185,0.016114853,20.5,1.8915932438026946,-0.25345251180526424,기타,0,-1.047746021684461,-0.8762232464192076,-0.7861640528128127,-0.29242495004433394,1.0213292
2125,1037500.0,1657500.0,0.0,0.0,0.0,,2.3770806809533895,147.0851593017578,160.3290116448069,,,21.263421023845623,0.027600711584091185,0.016114853,20.5,1.8915932438026946,-0.25345251180526424,기타,0,-0.960455329159698,-0.16913842670685528,-0.7861640528128127,-0.29242495004433394,1.0213292
2127,1037500.0,1667500.0,0.0,0.0,0.0,,1.2007807494048226,15.173744201660156,13.065364361414769,,,30.940337495749084,0.07704842090606691,0.044108372,22.0,2.375,0.5094976826359678,기타,0,-1.0090749796780798,-0.7968764834708485,0.9099164185910027,-0.19584448933260457,1.1834992
2128,1037500.0,1672500.0,0.0,0.0,0.0,,3.2855611171864756,38.61406707763672,16.96592522995078,,,35.3502468253261,0.07704842090606691,0.044108372,22.0,2.375,0.5094976826359678,기타,0,-0.9229053811168626,-0.6853290277717304,0.9099164185910027,-0.19584448933260457,1.1834992
2129,1037500.0,1677500.0,0.0,0.0,0.0,,8.109957988309638,218.77203369140625,108.1794041493131,,,39.899566625116364,0.07704842090606691,0.044108372,22.0,2.375,0.5094976826359678,기타,0,-0.7235000393795813,0.1720039921709562,0.9099164185910027,-0.19584448933260457,1.1834992
2130,1037500.0,1682500.0,6.0,4.0,5.0,산록하사면,13.067054958540847,133.45510864257812,29.806365427063948,,,44.545604532127754,0.07704842090606691,0.044108372,22.0,2.375,0.5094976826359678,산록,6,-0.5186098444434275,-0.23400090663625076,0.9099164185910027,-0.19584448933260457,1.1834992
2131,1037500.0,1687500.0,0.0,0.0,0.0,,18.047837322153217,79.03759765625,19.037098692813736,,,49.261002318196304,0.07704842090606691,0.044108372,22.0,2.375,0.5094976826359678,기타,0,-0.31274066828174,-0.49296213887357804,0.9099164185910027,-0.19584448933260457,1.1834992
2132,1037500.0,1692500.0,0.0,0.0,0.0,,21.51121165778834,196.48443603515625,45.42360664506954,,,54.02760234966903,0.07704842090606691,0.044108372,22.0,2.375,0.5094976826359678,기타,0,-0.1695900607736414,0.06594210789766902,0.9099164185910027,-0.19584448933260457,1.1834992
2133,1037500.0,1697500.0,0.0,0.0,0.0,,25.44638550242262,150.835205078125,74.24553863971781,,,58.83296084606472,0.07704842090606691,0.044108372,22.0,2.375,0.5094976826359678,기타,0,-0.006938706366675891,-0.15129276530866279,0.9099164185910027,-0.19584448933260457,1.1834992
2134,1037500.0,1702500.0,0.0,0.0,0.0,,29.703616670190836,350.28936767578125,63.552859212558864,,,63.668302538823866,0.07704842090606691,0.044108372,22.0,2.375,0.5094976826359678,기타,0,0.16902414630505952,0.79786670165281,0.9099164185910027,-0.19584448933260457,1.1834992
2135,1037500.0,1707500.0,0.0,0.0,0.0,,34.162715808925,123.4911880493164,61.648222479699676,,,68.52728080433242,0.07704842090606691,0.044108372,22.0,2.375,0.5094976826359678,기타,0,0.35333074697506117,-0.2814170619873142,0.9099164185910027,-0.19584448933260457,1.1834992
2136,1037500.0,1712500.0,0.0,0.0,0.0,,38.75406378166178,238.57247924804688,66.38895156631442,,,73.4052020002428,0.07704842090606691,0.044108372,22.0,2.375,0.5094976826359678,기타,0,0.54310354883935,0.26623005446704345,0.9099164185910027,-0.19584448933260457,1.1834992
2137,1037500.0,1717500.0,0.0,0.0,0.0,,43.43574297447718,347.0848388671875,41.53691093156883,,,78.29852582876046,0.07704842090606691,0.044108372,22.0,2.375,0.5094976826359678,기타,0,0.7366099837961272,0.7826170381902171,0.9099164185910027,-0.19584448933260457,1.1834992
2138,1037500.0,1722500.0,0.0,0.0,0.0,,48.181428744865784,352.0565490722656,98.52076114733138,,,83.20453481161763,0.07704842090606691,0.044108372,22.0,2.375,0.5094976826359678,기타,0,0.9327619833313109,0.806276337884343,0.9099164185910027,-0.19584448933260457,1.1834992
2139,1037500.0,1727500.0,0.0,0.0,0.0,,52.97392173558905,578.7924194335938,105.66233006937276,,,88.12111029417589,0.07704842090606691,0.044108372,22.0,2.375,0.5094976826359678,기타,0,1.1308486515962737,1.8852635851313588,0.9099164185910027,-0.19584448933260457,1.1834992
2149,1037500.0,1777500.0,0.0,0.0,0.0,,94.48683803236489,438.08343505859375,92.89525090637599,,,122.22031021925802,0.0841658413410187,0.0433507,1.0,0.5590169943749475,0.8786460333366863,기타,0,2.846689508350367,1.2156597881152187,1.1540474000261172,-0.5586620815144415,-1.0868822
2150,1037500.0,1782500.0,0.0,0.0,0.0,,94.21186890343924,790.7355346679688,176.43947562944322,,,122.17399951518584,0.07296976000070575,0.037741095,3.5,5.960461251322674,-0.05204332596848791,기타,0,2.8353242922238056,2.893855291927742,0.7700163664770241,0.5204994489293155,-0.8165987
2151,1037500.0,1787500.0,0.0,0.0,0.0,,94.2018573235331,653.8316650390625,150.2821494808987,,,122.13024126816633,0.034623841196298626,0.018574638,5.0,1.5662455107677085,-0.09089997335764959,기타,0,2.8349104866091683,2.242359217694079,-0.545267292442378,-0.35742659419845607,-0.6544286
2152,1037500.0,1792500.0,0.0,0.0,0.0,,94.45688754203026,326.6403503417969,64.11186424844881,,,122.23599644915568,0.034623841196298626,0.018574638,5.0,1.5662455107677085,-0.09089997335764959,기타,0,2.8454515737608395,0.6853261139080095,-0.545267292442378,-0.35742659419845607,-0.6544286
2153,1037500.0,1797500.0,0.0,0.0,0.0,,94.97482448023906,220.84121704101562,26.31727101725313,,,122.54583560291015,0.034623841196298626,0.018574638,5.0,1.5662455107677085,-0.09089997335764959,기타,0,2.866859305114799,0.1818507907515533,-0.545267292442378,-0.35742659419845607,-0.6544286
2154,1037500.0,1802500.0,0.0,0.0,0.0,,95.7514019008426,190.7775115966797,51.6714703109335,,,123.05821719541105,0.034623841196298626,0.018574638,5.0,1.5662455107677085,-0.09089997335764959,기타,0,2.8989573455699267,0.038784081775443235,-0.545267292442378,-0.35742659419845607,-0.6544286
2175,1042500.0,1637500.0,0.0,0.0,0.0,,0.19154696893412237,120.99169921875,64.89855462593614,,,4.226587605875826,0.027600711584091185,0.016114853,20.5,1.8915932438026946,-0.25345251180526424,기타,0,-1.0507893353299016,-0.2933115918141108,-0.7861640528128127,-0.29242495004433394,1.0213292
2176,1042500.0,1642500.0,0.0,0.0,0.0,,2.0526071808451976,64.57941436767578,94.47936592418345,,,7.435150393591913,0.027600711584091185,0.016114853,20.5,1.8915932438026946,-0.25345251180526424,기타,0,-0.9738666945390771,-0.5617655238954138,-0.7861640528128127,-0.29242495004433394,1.0213292
2177,1042500.0,1647500.0,0.0,0.0,0.0,,0.9979949795232415,-1.5,6.825488822921579,,,11.945663646717865,0.027600711584091185,0.016114853,20.5,1.8915932438026946,-0.25345251180526424,기타,0,-1.0174566627822894,-0.8762232464192076,-0.7861640528128127,-0.29242495004433394,1.0213292
2178,1042500.0,1652500.0,0.0,0.0,0.0,,0.1322778115047988,26.50211524963379,73.09706628856713,,,15.796670963731323,0.07704842090606691,0.044108372,22.0,2.375,0.5094976826359678,기타,0,-1.053239089549422,-0.7429672018324075,0.9099164185910027,-0.19584448933260457,1.1834992
2180,1042500.0,1662500.0,0.0,0.0,0.0,,2.69677739029655,0.0,11.554896148386621,,,24.170348488543457,0.07704842090606691,0.044108372,22.0,2.375,0.5094976826359678,기타,0,-0.9472414014332223,-0.8690850689958854,0.9099164185910027,-0.19584448933260457,1.1834992
2181,1042500.0,1667500.0,0.0,0.0,0.0,,1.5538915797960369,15.130511283874512,14.393144712410836,,,28.749629777064193,0.07704842090606691,0.044108372,22.0,2.375,0.5094976826359678,기타,0,-0.9944799561577816,-0.797082219629303,0.9099164185910027,-0.19584448933260457,1.1834992
2182,1042500.0,1672500.0,20.0,2.0,16.0,구릉정상,3.4812397984666617,44.13042449951172,14.08336800147469,,,33.44961402735281,0.07704842090606691,0.044108372,22.0,2.375,0.5094976826359678,구릉,20,-0.9148174531636443,-0.6590778690998614,0.9099164185910027,-0.19584448933260457,1.1834992
2183,1042500.0,1677500.0,0.0,0.0,0.0,,7.13395326995025,146.6491241455078,35.88478712656583,,,38.225804698390576,0.07704842090606691,0.044108372,22.0,2.375,0.5094976826359678,기타,0,-0.763840948222834,-0.17121342424560093,0.9099164185910027,-0.19584448933260457,1.1834992
2184,1042500.0,1682500.0,0.0,0.0,0.0,,11.054778400584249,54.932533264160156,52.609871390335755,,,43.052846724695456,0.07704842090606691,0.044108372,22.0,2.375,0.5094976826359678,기타,0,-0.6017826648867504,-0.6076729564944725,0.9099164185910027,-0.19584448933260457,1.1834992
2185,1042500.0,1687500.0,0.0,0.0,0.0,,14.454294172939198,77.57598876953125,29.002903980703135,,,47.91537412314279,0.07704842090606691,0.044108372,22.0,2.375,0.5094976826359678,기타,0,-0.4612715041268978,-0.4999176212448465,0.9099164185910027,-0.19584448933260457,1.1834992
2186,1042500.0,1692500.0,0.0,0.0,0.0,,18.539496438404118,45.982391357421875,25.319392753940615,,,52.803584571706516,0.07704842090606691,0.044108372,22.0,2.375,0.5094976826359678,기타,0,-0.29241907022228436,-0.6502647570906114,0.9099164185910027,-0.19584448933260457,1.1834992
2187,1042500.0,1697500.0,0.0,0.0,0.0,,22.989111256012794,90.7834243774414,63.16376306773986,,,57.71095225242765,0.07704842090606691,0.044108372,22.0,2.375,0.5094976826359678,기타,0,-0.10850448213866297,-0.4370662754606032,0.9099164185910027,-0.19584448933260457,1.1834992
2188,1042500.0,1702500.0,0.0,0.0,0.0,,27.62762285273688,123.05363464355469,38.96864648807863,,,62.632974351715134,0.07704842090606691,0.044108372,22.0,2.375,0.5094976826359678,기타,0,0.08321771958015484,-0.2834992845489849,0.9099164185910027,-0.19584448933260457,1.1834992
2189,1042500.0,1707500.0,0.0,0.0,0.0,,32.37393786126124,347.8161315917969,89.45816793584254,,,67.56644834829804,0.07704842090606691,0.044108372,22.0,2.375,0.5094976826359678,기타,0,0.279395727225543,0.7860971030013147,0.9099164185910027,-0.19584448933260457,1.1834992
2190,1042500.0,1712500.0,52.0,5.0,46.0,평지,37.186800894894674,257.47265625,93.21849135588658,,,72.50903673793941,0.07704842090606691,0.044108372,22.0,2.375,0.5094976826359678,평지,52,0.47832434433431203,0.3561719323151326,0.9099164185910027,-0.19584448933260457,1.1834992
2191,1042500.0,1717500.0,0.0,0.0,0.0,,42.043364148796115,369.0679626464844,89.62084534970306,,,77.45899479675985,0.07704842090606691,0.044108372,22.0,2.375,0.5094976826359678,기타,0,0.6790592094755958,0.8872299967605323,0.9099164185910027,-0.19584448933260457,1.1834992
2192,1042500.0,1722500.0,0.0,0.0,0.0,,46.930062615556025,944.8920288085938,71.57893614436496,,,82.41499463802137,0.07704842090606691,0.044108372,22.0,2.375,0.5094976826359678,기타,0,0.881039644286808,3.627452896016474,0.9099164185910027,-0.19584448933260457,1.1834992
2193,1042500.0,1727500.0,0.0,0.0,0.0,,51.838374639370635,413.6579895019531,159.38931338493015,,,87.37600819129764,0.07704842090606691,0.044108372,22.0,2.375,0.5094976826359678,기타,0,1.083913425737151,1.099424345430555,0.9099164185910027,-0.19584448933260457,1.1834992
2204,1042500.0,1782500.0,0.0,0.0,0.0,,99.20993503849701,392.29217529296875,72.80195136954009,,,127.17396263057734,0.07296976000070575,0.037741095,3.5,5.960461251322674,-0.05204332596848791,기타,0,3.041907853301089,0.9977490303522435,0.7700163664770241,0.5204994489293155,-0.8165987
2205,1042500.0,1787500.0,0.0,0.0,0.0,,99.2004278784485,625.2445068359375,145.26173587118677,,,127.13024012392219,0.034623841196298626,0.018574638,5.0,1.5662455107677085,-0.09089997335764959,기타,0,3.041514896720387,2.1063190795057563,-0.545267292442378,-0.35742659419845607,-0.6544286
2206,1042500.0,1792500.0,0.0,0.0,0.0,,99.44263960792536,715.143798828125,223.07756294399914,,,127.23183937074712,0.034623841196298626,0.018574638,5.0,1.5662455107677085,-0.09089997335764959,기타,0,3.0515261611290447,2.5341304771532736,-0.545267292442378,-0.35742659419845607,-0.6544286
2207,1042500.0,1797500.0,0.0,0.0,0.0,,99.93473997122418,407.2424011230469,40.90747257129518,,,127.52954146142407,0.034623841196298626,0.018574638,5.0,1.5662455107677085,-0.09089997335764959,기타,0,3.0718659971197346,1.0688939400147974,-0.545267292442378,-0.35742659419845607,-0.6544286
2229,1047500.0,1637500.0,0.0,0.0,0.0,,2.568704241277433,120.20609283447266,118.95642591254492,,,5.722577687356032,0.13738596439361572,0.07480069,22.0,1.625,1.6247501714902057,기타,0,-0.952535010298693,-0.29705012365135497,2.979523496551819,-0.3456879588438832,1.1834992
2230,1047500.0,1642500.0,0.0,0.0,0.0,,4.097830055550946,104.85379028320312,38.52763636931086,,,5.83957267122769,0.07704842090606691,0.044108372,22.0,2.375,0.5094976826359678,기타,0,-0.889332113916016,-0.3701084299630102,0.9099164185910027,-0.19584448933260457,1.1834992
2231,1047500.0,1647500.0,0.0,0.0,0.0,,0.10003714188343105,75.5357437133789,58.213140046659234,,,8.742772743424744,0.07704842090606691,0.044108372,22.0,2.375,0.5094976826359678,기타,0,-1.054571683429119,-0.509626708710094,0.9099164185910027,-0.19584448933260457,1.1834992
2232,1047500.0,1652500.0,0.0,0.0,0.0,,0.08389899000333369,4.893104553222656,4.945420871385553,,,12.991210163175406,0.07704842090606691,0.044108372,22.0,2.375,0.5094976826359678,기타,0,-1.0552387167965271,-0.8457998366947064,0.9099164185910027,-0.19584448933260457,1.1834992
2233,1047500.0,1657500.0,0.0,0.0,0.0,,0.030967573098602316,129.96902465820312,59.90684159131355,,,17.638225754434977,0.07704842090606691,0.044108372,22.0,2.375,0.5094976826359678,기타,0,-1.057426515097223,-0.25059043063163106,0.9099164185910027,-0.19584448933260457,1.1834992
2235,1047500.0,1667500.0,0.0,0.0,0.0,,0.21983752595330264,9.777560234069824,13.459935727470718,,,27.308935173046496,0.07704842090606691,0.044108372,22.0,2.375,0.5094976826359678,기타,0,-1.049620010263775,-0.8225557625172125,0.9099164185910027,-0.19584448933260457,1.1834992
2236,1047500.0,1672500.0,0.0,0.0,0.0,,1.0937836633852887,19.537113189697266,9.633025741557999,,,32.21976732607294,0.07704842090606691,0.044108372,22.0,2.375,0.5094976826359678,기타,0,-1.0134974579841922,-0.7761121488041616,0.9099164185910027,-0.19584448933260457,1.1834992
2237,1047500.0,1677500.0,0.0,0.0,0.0,,4.014874134427467,52.23828887939453,10.444835131724222,,,37.154392375692254,0.07704842090606691,0.044108372,22.0,2.375,0.5094976826359678,기타,0,-0.8927609059998041,-0.6204942861213034,0.9099164185910027,-0.19584448933260457,1.1834992
2238,1047500.0,1682500.0,0.0,0.0,0.0,,7.424352705088785,58.403255462646484,17.988038928907528,,,42.10444559743685,0.07704842090606691,0.044108372,22.0,2.375,0.5094976826359678,기타,0,-0.7518379559004731,-0.5911565359345671,0.9099164185910027,-0.19584448933260457,1.1834992
2239,1047500.0,1687500.0,0.0,0.0,0.0,,11.828242525468191,44.57587814331055,8.667615500177673,,,47.065059283168246,0.07704842090606691,0.044108372,22.0,2.375,0.5094976826359678,기타,0,-0.5698133053452119,-0.6569580510043272,0.9099164185910027,-0.19584448933260457,1.1834992
2240,1047500.0,1692500.0,0.0,0.0,0.0,,16.57388395618327,67.90229034423828,25.798154634007926,,,52.03321315841222,0.07704842090606691,0.044108372,22.0,2.375,0.5094976826359678,기타,0,-0.3736631384883894,-0.5459526717111486,0.9099164185910027,-0.19584448933260457,1.1834992
2241,1047500.0,1697500.0,0.0,0.0,0.0,,21.43548314232185,205.683349609375,66.28912365221323,,,57.0069358749388,0.07704842090606691,0.044108372,22.0,2.375,0.5094976826359678,기타,0,-0.1727201246778444,0.10971775936072213,0.9099164185910027,-0.19584448933260457,1.1834992
2242,1047500.0,1702500.0,0.0,0.0,0.0,,26.348932534288732,159.69036865234375,98.02716193318304,,,61.98488690084064,0.07704842090606691,0.044108372,22.0,2.375,0.5094976826359678,기타,0,0.030365998061865858,-0.10915294617178765,0.9099164185910027,-0.19584448933260457,1.1834992
2243,1047500.0,1707500.0,0.0,0.0,0.0,,31.28981549719068,127.24261474609375,61.77062864153158,,,66.96612330403056,0.07704842090606691,0.044108372,22.0,2.375,0.5094976826359678,기타,0,0.2345860243201951,-0.26356482908585827,0.9099164185910027,-0.19584448933260457,1.1834992
2244,1047500.0,1712500.0,0.0,0.0,0.0,,36.24691520667612,88.39227294921875,31.29228966827931,,,71.94996272849103,0.07704842090606691,0.044108372,22.0,2.375,0.5094976826359678,기타,0,0.4394763324771185,-0.4484452508877255,0.9099164185910027,-0.19584448933260457,1.1834992
2245,1047500.0,1717500.0,0.0,0.0,0.0,,41.214380623172104,220.3582763671875,82.66006213782231,,,76.93589931164689,0.07704842090606691,0.044108372,22.0,2.375,0.5094976826359678,기타,0,0.6447950832775478,0.17955257994173737,0.9099164185910027,-0.19584448933260457,1.1834992
2246,1047500.0,1722500.0,0.0,0.0,0.0,,46.188867471539496,421.8193359375,94.75846790176325,,,81.92355014983475,0.07704842090606691,0.044108372,22.0,2.375,0.5094976826359678,기타,0,0.8504040488051658,1.1382624380106423,0.9099164185910027,-0.19584448933260457,1.1834992
2247,1047500.0,1727500.0,0.0,0.0,0.0,,51.16832796227735,169.87701416015625,52.411322066651515,,,86.91262011591361,0.07704842090606691,0.044108372,22.0,2.375,0.5094976826359678,기타,0,1.056218588393761,-0.06067689084961907,0.9099164185910027,-0.19584448933260457,1.1834992
2288,1052500.0,1662500.0,0.0,0.0,0.0,,1.856647791907968,49.990787506103516,42.98587747951824,,,21.74118676596184,0.07704842090606691,0.044108372,22.0,2.375,0.5094976826359678,기타,0,-0.981966224897275,-0.631189661829111,0.9099164185910027,-0.19584448933260457,1.1834992
2289,1052500.0,1667500.0,0.0,0.0,0.0,,1.8727462659489789,119.94512939453125,37.323146493607176,,,26.739758193616026,0.07704842090606691,0.044108372,22.0,2.375,0.5094976826359678,기타,0,-0.9813008315220303,-0.29829199254155647,0.9099164185910027,-0.19584448933260457,1.1834992
2290,1052500.0,1672500.0,0.0,0.0,0.0,,1.7405641113517643,46.540611267089844,65.77412140982213,,,31.738779663271192,0.07704842090606691,0.044108372,22.0,2.375,0.5094976826359678,기타,0,-0.986764276676552,-0.6476083085863176,0.9099164185910027,-0.19584448933260457,1.1834992
2291,1052500.0,1677500.0,0.0,0.0,0.0,,1.14691156644889,7.001777648925781,7.386333972880475,,,36.73806746107228,0.07704842090606691,0.044108372,22.0,2.375,0.5094976826359678,기타,0,-1.011301538380315,-0.8357651149047631,0.9099164185910027,-0.19584448933260457,1.1834992
2292,1052500.0,1682500.0,0.0,0.0,0.0,,6.008470212374299,70.58854675292969,20.416804254449936,,,41.7375258854058,0.07704842090606691,0.044108372,22.0,2.375,0.5094976826359678,기타,0,-0.8103602002061817,-0.5331693551446316,0.9099164185910027,-0.19584448933260457,1.1834992
2293,1052500.0,1687500.0,0.0,0.0,0.0,,10.994908932989132,66.82716369628906,24.19552804722179,,,46.737100180643864,0.07704842090606691,0.044108372,22.0,2.375,0.5094976826359678,기타,0,-0.6042572315454121,-0.5510689682215506,0.9099164185910027,-0.19584448933260457,1.1834992
2296,1052500.0,1702500.0,0.0,0.0,0.0,,25.9855141742458,144.56280517578125,52.0762414749963,,,61.736236782601225,0.07704842090606691,0.044108372,22.0,2.375,0.5094976826359678,기타,0,0.015344936525298697,-0.18114176755730146,0.9099164185910027,-0.19584448933260457,1.1834992
2297,1052500.0,1707500.0,0.0,0.0,0.0,,30.984403416100562,102.51043701171875,3.795059294634535,,,66.73603523088578,0.07704842090606691,0.044108372,22.0,2.375,0.5094976826359678,기타,0,0.22196251882772697,-0.381259944241262,0.9099164185910027,-0.19584448933260457,1.1834992
2298,1052500.0,1712500.0,0.0,0.0,0.0,,35.983601309532645,153.67877197265625,50.61319327150026,,,71.73586177497728,0.07704842090606691,0.044108372,22.0,2.375,0.5094976826359678,기타,0,0.42859285853276896,-0.13776084196983002,0.9099164185910027,-0.19584448933260457,1.1834992
2299,1052500.0,1717500.0,0.0,0.0,0.0,,40.982994904656906,269.57122802734375,37.665565615110395,,,76.73571092300683,0.07704842090606691,0.044108372,22.0,2.375,0.5094976826359678,기타,0,0.6352312871168667,0.41374643359211755,0.9099164185910027,-0.19584448933260457,1.1834992
2300,1052500.0,1722500.0,0.0,0.0,0.0,,45.98252036923236,278.3147888183594,41.65142547195286,,,81.73557852685629,0.07704842090606691,0.044108372,22.0,2.375,0.5094976826359678,기타,0,0.8418751662212435,0.45535515908403235,0.9099164185910027,-0.19584448933260457,1.1834992
2343,1057500.0,1667500.0,0.0,0.0,0.0,,6.871350663595955,243.32208251953125,130.43079950924016,,,26.845969812870052,0.14105833470821386,0.07821534,23.0,1.0752906583803283,1.7619546257794787,기타,0,-0.7746950225993867,0.28883239502854124,3.105487583862631,-0.4555150988052863,1.2916126
2344,1057500.0,1672500.0,0.0,0.0,0.0,,6.271129466514777,112.23542022705078,111.83991832646319,,,31.821209957615878,0.14105833470821386,0.07821534,23.0,1.0752906583803283,1.7619546257794787,기타,0,-0.799503784423757,-0.3349808404880156,3.105487583862631,-0.4555150988052863,1.2916126
2345,1057500.0,1677500.0,0.0,0.0,0.0,,5.682966421217384,109.85594177246094,13.843762404703428,,,36.80316170031882,0.14105833470821386,0.07821534,23.0,1.0752906583803283,1.7619546257794787,기타,0,-0.8238141502949343,-0.34630426674390535,3.105487583862631,-0.4555150988052863,1.2916126
2351,1057500.0,1707500.0,0.0,0.0,0.0,,31.48037414414089,142.40872192382812,9.173398652257259,,,66.75157345695054,0.14105833470821386,0.07821534,23.0,1.0752906583803283,1.7619546257794787,기타,0,0.24246232743769833,-0.19139258651533353,3.105487583862631,-0.4555150988052863,1.2916126
2352,1057500.0,1712500.0,0.0,0.0,0.0,,36.41154026413644,179.40023803710938,35.1110743982691,,,71.74716626426306,0.14105833470821386,0.07821534,23.0,1.0752906583803283,1.7619546257794787,기타,0,0.4462807303569621,-0.015357916399146432,3.105487583862631,-0.4555150988052863,1.2916126
2353,1057500.0,1717500.0,0.0,0.0,0.0,,41.35923805582695,126.25896453857422,11.69406701733669,,,76.74333309757237,0.14105833470821386,0.07821534,23.0,1.0752906583803283,1.7619546257794787,기타,0,0.6507824318795296,-0.2682458088883663,3.105487583862631,-0.4555150988052863,1.2916126
