cell_id,ctr_x,ctr_y,n_dolmen,n_sites,n_extant,landform_mode,dist_coast_km,elev_m,bathy_grad,curr_p90,curr_mean
58,847500.0,1582500.0,0.0,0.0,0.0,,18.123093873612987,7.338006973266602,3.7711759093654718,0.350217878818512,0.21247634291648865
66,847500.0,1622500.0,0.0,0.0,0.0,,12.453514221423603,-2.0,16.457022227314802,0.2534621715545655,0.13032901287078857
67,847500.0,1627500.0,0.0,0.0,0.0,,9.29530503060391,0.75,33.298819250503634,0.28121893405914306,0.1348784863948822
132,852500.0,1682500.0,0.0,0.0,0.0,,17.066198311211352,-4.75,4.48783076775406,0.26023579835891725,0.12958891689777374
168,857500.0,1592500.0,0.0,0.0,0.0,,6.640406801078119,25.7470703125,10.327340812677614,0.28037003278732303,0.17163555324077606
175,857500.0,1627500.0,0.0,0.0,0.0,,3.053710422682249,0.75,53.818754787358316,0.05640013217926026,0.03010040894150734
176,857500.0,1632500.0,0.0,0.0,0.0,,1.0087581970260082,45.337310791015625,23.30067834095096,,
177,857500.0,1637500.0,0.0,0.0,0.0,,1.0145991574798918,-4.104997634887695,2.2087967440428606,,
178,857500.0,1642500.0,0.0,0.0,0.0,,1.1074021182391567,4.157277584075928,9.624878013743047,,
183,857500.0,1667500.0,0.0,0.0,0.0,,12.265486803780126,-3.25,3.48209706929603,0.2199240654706956,0.11068270355463028
185,857500.0,1677500.0,0.0,0.0,0.0,,11.113549554073545,-2.5,1.231107225224513,0.24042180180549627,0.12108366936445236
222,862500.0,1592500.0,0.0,0.0,0.0,,1.9803114290433017,-3.0,47.45018123822045,,
229,862500.0,1627500.0,0.0,0.0,0.0,,2.018360822285265,4.2853803634643555,26.13467045172204,,
230,862500.0,1632500.0,0.0,0.0,0.0,,0.001680280374291134,15.666488647460938,18.003508388489095,,
231,862500.0,1637500.0,0.0,0.0,0.0,,1.2415633264858406,-3.5,3.7416437036611954,,
232,862500.0,1642500.0,4.0,1.0,4.0,평지,0.5348789043647924,28.88022804260254,5.375973426504711,,
235,862500.0,1657500.0,0.0,0.0,0.0,,1.6906943246122186,-4.0,6.189709201569974,,
262,862500.0,1792500.0,0.0,0.0,0.0,,46.93182698992664,67.2667236328125,39.662521521050685,0.27921733260154724,0.13543258607387543
274,867500.0,1582500.0,0.0,0.0,0.0,,5.75987798473591,-4.0,35.60698209942672,,
280,867500.0,1612500.0,0.0,0.0,0.0,,3.7804277476516224,41.17041015625,32.073129667011536,0.06121934056282044,0.03625476360321045
281,867500.0,1617500.0,0.0,0.0,0.0,,0.6044748249388148,25.489898681640625,31.808742683248624,,
282,867500.0,1622500.0,0.0,0.0,0.0,,0.23801743504059145,8.214155197143555,15.024164597089577,,
283,867500.0,1627500.0,0.0,0.0,0.0,,1.4083749980624198,13.086031913757324,11.901993279072858,,
286,867500.0,1642500.0,0.0,0.0,0.0,,1.6077024349165625,4.54711389541626,5.238858237475176,,
287,867500.0,1647500.0,0.0,0.0,0.0,,2.6807287129809394,11.740689277648926,13.008256341651828,,
288,867500.0,1652500.0,0.0,0.0,0.0,,0.20324543033492123,21.04271125793457,27.89910858231388,,
289,867500.0,1657500.0,4.0,1.0,4.0,구릉정상,0.4300109879920738,28.320098876953125,26.795913289560282,,
293,867500.0,1677500.0,2.0,2.0,1.0,산록하사면,1.3418830999824118,30.893068313598633,47.7016628892278,,
295,867500.0,1687500.0,0.0,0.0,0.0,,7.552814825722266,-3.25,4.72526454285895,0.16695691049098974,0.07698974013328552
332,872500.0,1602500.0,0.0,0.0,0.0,,0.6445740166556715,38.988468170166016,53.97824848152261,,
336,872500.0,1622500.0,0.0,0.0,0.0,,0.5093081199102203,-1.0995423793792725,19.414202278251228,,
337,872500.0,1627500.0,0.0,0.0,0.0,,3.1739507002943568,-1.0,13.350111833393802,,
338,872500.0,1632500.0,0.0,0.0,0.0,,4.316324917026036,-2.0,5.875,,
339,872500.0,1637500.0,0.0,0.0,0.0,,0.32614525276765227,2.4381794929504395,8.5194207295173,,
340,872500.0,1642500.0,34.0,8.0,33.0,산록하사면,0.255081016186214,0.25,19.688508351568842,,
341,872500.0,1647500.0,1.0,1.0,1.0,지석묘는 장산중학교에서 서쪽으로 70여m 떨,1.203665389962814,49.322410583496094,13.45641384592015,,
342,872500.0,1652500.0,6.0,1.0,2.0,산록하사면,0.6610357231056772,-4.5,6.1625968332820085,,
343,872500.0,1657500.0,0.0,0.0,0.0,,1.2821059333193288,-1.25,8.109414686636017,,
345,872500.0,1667500.0,0.0,0.0,0.0,,5.75314400074801,5.932886123657227,14.06801656890713,0.0574630215764046,0.03281994163990021
347,872500.0,1677500.0,24.0,7.0,25.0,산록하사면,2.549264480375244,10.492547988891602,8.090527643290352,,
348,872500.0,1682500.0,0.0,0.0,0.0,,0.7210557250601997,2.9942917823791504,12.576290862794856,,
350,872500.0,1692500.0,0.0,0.0,0.0,,8.965115190991087,-1.0,1.0,0.200096932053566,0.09377656877040863
351,872500.0,1697500.0,0.0,0.0,0.0,,13.816771133398461,-1.0,1.125,0.24300711154937749,0.1217486634850502
385,877500.0,1597500.0,0.0,0.0,0.0,,1.1655670640138314,45.46696472167969,30.184341110147475,,
386,877500.0,1602500.0,0.0,0.0,0.0,,2.614391865460188,27.414321899414062,23.87946619859867,,
387,877500.0,1607500.0,0.0,0.0,0.0,,1.1561979927386217,77.9814224243164,69.12881586181027,,
391,877500.0,1627500.0,0.0,0.0,0.0,,6.701488022315229,31.505455017089844,9.660258574000412,,
393,877500.0,1637500.0,0.0,0.0,0.0,,1.3275232806501045,12.152277946472168,25.83963412293111,,
394,877500.0,1642500.0,0.0,0.0,0.0,,0.18470571809702513,10.943588256835938,7.618690121065931,,
395,877500.0,1647500.0,0.0,0.0,0.0,,1.0869667564106131,0.25,6.916376357061194,,
398,877500.0,1662500.0,1.0,1.0,1.0,왕겨동산 구릉정상,6.177451561858805,7.770280838012695,6.436825069702129,,
399,877500.0,1667500.0,39.0,7.0,4.0,산록하사면,3.440941002360387,3.038133382797241,3.0848010180339127,,
400,877500.0,1672500.0,1.0,1.0,0.0,산록하사면,0.5572498242014541,9.944245338439941,20.324029598108623,,
401,877500.0,1677500.0,1.0,1.0,0.0,산록하사면,0.6051623092125877,-4.25,8.603185341584243,,
403,877500.0,1687500.0,0.0,0.0,0.0,,3.185935154529343,-2.75,2.5310570914145734,0.11999353170394905,0.057713281363248825
405,877500.0,1697500.0,0.0,0.0,0.0,,13.158210497038954,-4.0,0.39528470752104744,0.2085163921117783,0.104342021048069
440,882500.0,1602500.0,0.0,0.0,0.0,,4.444468552027447,77.23784637451172,38.595722101463544,,
441,882500.0,1607500.0,0.0,0.0,0.0,,4.597446512783173,26.70778465270996,36.45059369927146,,
442,882500.0,1612500.0,0.0,0.0,0.0,,1.072640317091769,71.9695816040039,64.61414901277216,,
451,882500.0,1657500.0,0.0,0.0,0.0,,1.368942624952299,-4.0,0.3535533905932738,,
452,882500.0,1662500.0,0.0,0.0,0.0,,2.215910068345958,4.75,5.117686898098816,,
453,882500.0,1667500.0,0.0,0.0,0.0,,4.479687850083029,-3.5,3.75,,
454,882500.0,1672500.0,0.0,0.0,0.0,,1.6817962923353034,-1.2387162446975708,2.255977018422392,,
455,882500.0,1677500.0,7.0,3.0,3.0,구릉정상,0.803508803819015,47.14691925048828,16.715222599221338,,
456,882500.0,1682500.0,0.0,0.0,0.0,,3.0697103921273547,-3.0,3.14586162315022,,
457,882500.0,1687500.0,0.0,0.0,0.0,,5.412781257887849,-4.0,6.1000076340746725,0.0554732516407967,0.027805905789136887
459,882500.0,1697500.0,0.0,0.0,0.0,,9.86019619282592,-2.5,1.5662455107677085,0.1732738226652146,0.08859094232320786
494,887500.0,1602500.0,0.0,0.0,0.0,,2.1115730315195957,29.06624412536621,21.923652786752545,,
495,887500.0,1607500.0,0.0,0.0,0.0,,4.668404025314002,59.16870880126953,29.166438006293525,,
496,887500.0,1612500.0,0.0,0.0,0.0,,2.3287592331048597,54.190433502197266,91.37981324231572,,
497,887500.0,1617500.0,0.0,0.0,0.0,,0.3673164527694118,6.526700019836426,17.424059625637828,,
499,887500.0,1627500.0,0.0,0.0,0.0,,0.5377638130961616,9.336190223693848,1.5174358000029564,,
500,887500.0,1632500.0,0.0,0.0,0.0,,0.000809033428239401,80.99958801269531,43.05424083372157,,
503,887500.0,1647500.0,0.0,0.0,0.0,,3.4640849648777827,-2.5,2.0155644370746373,,
504,887500.0,1652500.0,0.0,0.0,0.0,,0.5097245652316398,4.952229976654053,10.260328467535157,,
506,887500.0,1662500.0,0.0,0.0,0.0,,2.372122171046725,2.5873353481292725,9.307234394248933,,
507,887500.0,1667500.0,0.0,0.0,0.0,,3.001744980107179,-0.746589183807373,13.727511753923737,,
508,887500.0,1672500.0,0.0,0.0,0.0,,0.28822307942002834,45.318233489990234,33.53516821811856,,
509,887500.0,1677500.0,0.0,0.0,0.0,,0.7836127979054903,23.339134216308594,12.219954606627782,,
510,887500.0,1682500.0,2.0,2.0,0.0,산록하사면,0.17762057009799442,16.369144439697266,10.683831891589216,,
511,887500.0,1687500.0,0.0,0.0,0.0,,4.375325182039948,0.0,2.375,0.0554732516407967,0.027805905789136887
512,887500.0,1692500.0,0.0,0.0,0.0,,4.305374730500352,0.5,1.6441183047457382,0.14242159426212314,0.07027946412563324
513,887500.0,1697500.0,0.0,0.0,0.0,,5.56463824436851,-4.0,0.5153882032022076,0.1732738226652146,0.08859094232320786
514,887500.0,1702500.0,0.0,0.0,0.0,,9.106573491463642,-1.75,0.9519716382329886,0.18029171526432042,0.09221494197845459
520,887500.0,1732500.0,0.0,0.0,0.0,,0.654717517506791,22.12777328491211,46.244407940647655,0.23836443424224857,0.12169211357831955
548,892500.0,1602500.0,0.0,0.0,0.0,,0.08504547317535296,43.5625,2.6395758400627334,0.02733957692980767,0.013970820233225822
549,892500.0,1607500.0,0.0,0.0,0.0,,3.7149209008980524,299.042724609375,84.83931367405685,,
550,892500.0,1612500.0,0.0,0.0,0.0,,3.7097181095441325,115.32809448242188,25.558730035625395,,
551,892500.0,1617500.0,0.0,0.0,0.0,,0.9452037723655086,11.71843147277832,18.232837616714747,,
552,892500.0,1622500.0,0.0,0.0,0.0,,1.8197738145752318,9.631933212280273,7.769006544317262,,
553,892500.0,1627500.0,2.0,2.0,0.0,구릉정상,2.0347081997537235,28.203344345092773,45.241648984208226,,
554,892500.0,1632500.0,0.0,0.0,0.0,,1.666675686785279,42.71346664428711,48.122355228890925,,
555,892500.0,1637500.0,0.0,0.0,0.0,,0.6146762480616099,22.48574447631836,40.23823265737451,,
556,892500.0,1642500.0,0.0,0.0,0.0,,2.485149129415102,-4.75,7.4626839372997535,,
557,892500.0,1647500.0,0.0,0.0,0.0,,1.2112187468390345,0.4166250228881836,8.319581107602879,,
558,892500.0,1652500.0,16.0,6.0,14.0,산록하사면,0.35608609107231054,3.3899261951446533,1.1206019202065785,,
559,892500.0,1657500.0,0.0,0.0,0.0,,0.3939295824733688,4.201882839202881,5.458728212268725,,
560,892500.0,1662500.0,11.0,6.0,5.0,구릉정상,0.296021263387416,4.167766571044922,3.453132479358295,,
561,892500.0,1667500.0,0.0,0.0,0.0,,2.1802291608390427,-4.0,1.118033988749895,,
563,892500.0,1677500.0,4.0,2.0,4.0,구릉정상 (양 매 3 리),0.3769714492365152,3.2497570514678955,9.736894190853782,,
564,892500.0,1682500.0,15.0,1.0,11.0,구릉정상,1.0896929953743875,2.5526909828186035,6.498379951014442,,
565,892500.0,1687500.0,0.0,0.0,0.0,,3.0954983283538735,-2.0,5.340002340823457,,
566,892500.0,1692500.0,1.0,1.0,1.0,산록하사면,1.2512166884661104,7.152389049530029,7.6434138908310025,,
568,892500.0,1702500.0,0.0,0.0,0.0,,5.440386724810696,-1.5,0.7071067811865476,0.09967492520809179,0.05328955501317978
592,892500.0,1822500.0,0.0,0.0,0.0,,5.927345262948211,-3.75,2.7950849718747373,0.08157381117343904,0.040712933987379074
605,897500.0,1617500.0,0.0,0.0,0.0,,0.5940948444851009,-3.0,11.940695513263188,,
606,897500.0,1622500.0,0.0,0.0,0.0,,1.225292539516837,17.9782772064209,11.951553321093098,,
607,897500.0,1627500.0,0.0,0.0,0.0,,0.370186482019664,-3.0750350952148438,2.1437603085213643,,
608,897500.0,1632500.0,0.0,0.0,0.0,,0.26049681573733957,4.381906032562256,2.1110442566458634,,
610,897500.0,1642500.0,0.0,0.0,0.0,,0.7651577643603462,6.440587997436523,7.882532605142272,,
611,897500.0,1647500.0,0.0,0.0,0.0,,0.3195692548247747,6.373892784118652,16.369684255689684,,
615,897500.0,1667500.0,17.0,6.0,6.0,구릉정상,1.7149464903335543,10.88913345336914,3.7306423891304865,,
616,897500.0,1672500.0,4.0,2.0,2.0,산록하사면,1.0001653702474549,6.08193302154541,14.255053030061504,,
619,897500.0,1687500.0,0.0,0.0,0.0,,0.44596901116672566,9.36376667022705,11.535512562116196,,
620,897500.0,1692500.0,10.0,7.0,7.0,산록하사면,0.8127025553034679,27.068655014038086,68.56693314607202,,
621,897500.0,1697500.0,8.0,2.0,7.0,지 3.5구릉정상,0.8712712066702596,4.2225446701049805,1.2876194092839368,,
622,897500.0,1702500.0,5.0,3.0,5.0,평지,0.4583528516612583,48.75,21.1881690528048,,
623,897500.0,1707500.0,21.0,4.0,23.0,산록하사면,2.2739143700690407,-1.5,3.3000946956110213,,
645,897500.0,1817500.0,0.0,0.0,0.0,,6.867492850358689,10.922704696655273,8.73239265910946,0.17502147257328038,0.08773481845855713
646,897500.0,1822500.0,0.0,0.0,0.0,,1.96381170515223,3.75,3.6168652774166143,0.08157381117343904,0.040712933987379074
647,897500.0,1827500.0,0.0,0.0,0.0,,0.39460525573746075,3.75,7.865217275163103,,
657,902500.0,1607500.0,0.0,0.0,0.0,,3.052773095107408,-3.0,1.8582585934148133,,
658,902500.0,1612500.0,0.0,0.0,0.0,,3.03042794086434,-2.5,0.7905694150420949,,
659,902500.0,1617500.0,0.0,0.0,0.0,,0.6967869209665616,1.8475210666656494,3.9676106859063647,,
660,902500.0,1622500.0,0.0,0.0,0.0,,0.09881412162530007,-2.448655605316162,5.6979858011824875,,
661,902500.0,1627500.0,0.0,0.0,0.0,,2.0481965633124433,12.31671142578125,5.207423070264325,,
662,902500.0,1632500.0,0.0,0.0,0.0,,1.3917523075850093,3.3727333545684814,7.860054764048904,,
663,902500.0,1637500.0,0.0,0.0,0.0,,0.11268956479272416,0.6923333406448364,1.4931746208353243,,
664,902500.0,1642500.0,0.0,0.0,0.0,,0.3060495513268436,4.370922088623047,2.011179376469379,,
665,902500.0,1647500.0,1.0,1.0,0.0,산록하사면,1.368213639824949,12.190555572509766,7.923912846461429,,
666,902500.0,1652500.0,0.0,0.0,0.0,,2.040633559703425,53.821876525878906,19.424899773106436,,
667,902500.0,1657500.0,28.0,3.0,11.0,구릉정상,1.9077190472099115,24.338821411132812,31.492320878988124,,
668,902500.0,1662500.0,6.0,7.0,3.0,구릉사면,1.9102150130530637,49.92113494873047,17.840506099882123,,
669,902500.0,1667500.0,7.0,5.0,9.0,구릉정상,1.664158680599483,6.825333595275879,4.854928353945116,,
670,902500.0,1672500.0,24.0,3.0,24.0,구릉정상,0.5413670294658137,17.671077728271484,6.058213015070815,,
671,902500.0,1677500.0,0.0,0.0,0.0,,2.036100543763042,-2.0,4.189257210212809,,
672,902500.0,1682500.0,1.0,1.0,1.0,구릉사면,1.8534936680546654,8.025510787963867,13.471765207669735,,
673,902500.0,1687500.0,13.0,4.0,10.0,산록하사면,4.343806239441234,209.74122619628906,29.45023934856324,,
674,902500.0,1692500.0,25.0,8.0,15.0,구릉사면,4.844888107354876,66.04759979248047,34.031311300673465,,
675,902500.0,1697500.0,57.0,16.0,46.0,산록하사면,4.681457381141705,4.535810947418213,7.88506665817258,,
676,902500.0,1702500.0,22.0,12.0,19.0,산록하사면,3.9440127013789485,130.12158203125,24.76658173356369,,
677,902500.0,1707500.0,20.0,1.0,14.0,구릉정상,0.24843456797812444,30.279441833496094,25.556328718315164,,
678,902500.0,1712500.0,138.0,19.0,119.0,산록하사면,0.44963353226259395,137.76779174804688,63.041028264205856,0.040772684663534176,0.02107778564095497
679,902500.0,1717500.0,1.0,1.0,1.0,구릉사면,1.4732048709338048,1.0,10.780095757102615,0.09289299696683884,0.046676989644765854
680,902500.0,1722500.0,0.0,0.0,0.0,,3.5153378792579555,-1.5,2.3048861143232218,0.1305331975221634,0.06566808372735977
687,902500.0,1757500.0,0.0,0.0,0.0,,17.125391305078704,0.546470582485199,9.413408507139852,,
688,902500.0,1762500.0,0.0,0.0,0.0,,13.493117623173518,15.424177169799805,0.09684038162231445,,
697,902500.0,1807500.0,0.0,0.0,0.0,,11.304583235581035,-4.5,2.050152433357091,0.1433409005403519,0.07846583425998688
699,902500.0,1817500.0,0.0,0.0,0.0,,6.646917865266259,-2.75,1.625,0.04963835552334786,0.030038977041840553
700,902500.0,1822500.0,0.0,0.0,0.0,,1.7756810049883098,-3.863168239593506,4.251786936348243,,
701,902500.0,1827500.0,0.0,0.0,0.0,,0.07499419015066151,18.879867553710938,15.935930161078796,,
705,907500.0,1577500.0,0.0,0.0,0.0,,2.643336229498788,20.607818603515625,14.21294750072014,,
708,907500.0,1592500.0,0.0,0.0,0.0,,2.763521346089122,-4.0,6.320848439885266,0.03916055783629418,0.023858269676566124
709,907500.0,1597500.0,6.0,2.0,1.0,산록하사면,0.6550889855733562,20.198144912719727,15.435792561259099,,
710,907500.0,1602500.0,1.0,1.0,0.0,산록하사면,1.9805709575467565,-2.75,17.8425418307023,,
711,907500.0,1607500.0,7.0,2.0,5.0,산록하사면/고갯마루,1.1699871822424055,36.28754425048828,19.847576359708263,,
712,907500.0,1612500.0,0.0,0.0,0.0,,0.679789174664622,46.383644104003906,25.730151477238728,,
713,907500.0,1617500.0,0.0,0.0,0.0,,1.012957357799044,0.18974065780639648,1.0977684765513642,,
714,907500.0,1622500.0,28.0,2.0,16.0,산록하사면,1.9702951876462194,10.895289421081543,14.9386571260552,,
715,907500.0,1627500.0,21.0,6.0,12.0,산록하평지(추정),1.173327755577362,7.83504056930542,7.432015125895175,,
716,907500.0,1632500.0,0.0,0.0,0.0,,3.119693896523496,-2.991511106491089,0.8087742535003846,,
717,907500.0,1637500.0,0.0,0.0,0.0,,0.22476529627709066,0.09347569942474365,1.7212969595061594,,
719,907500.0,1647500.0,0.0,0.0,0.0,,0.47386353479266174,5.510817527770996,23.028515576236135,,
720,907500.0,1652500.0,28.0,8.0,27.0,산록하평지,4.980354558800353,27.82936668395996,25.660711315269324,,
721,907500.0,1657500.0,0.0,0.0,0.0,,5.672934116842503,124.96639251708984,20.798224849128136,,
722,907500.0,1662500.0,16.0,7.0,13.0,산록하사면,5.552958787540423,88.78484344482422,85.78236480062174,,
723,907500.0,1667500.0,68.0,15.0,44.0,구릉정상,4.92964998027305,24.113245010375977,29.132285597744975,,
724,907500.0,1672500.0,47.0,10.0,33.0,산록하사면,4.008307982423112,17.795122146606445,5.406654848819456,,
725,907500.0,1677500.0,9.0,5.0,2.0,평지,2.9635391443803454,48.62248992919922,6.263015722267875,,
726,907500.0,1682500.0,5.0,5.0,1.0,산록하사면,4.505036479215401,52.44883346557617,12.385036598229199,,
727,907500.0,1687500.0,18.0,4.0,11.0,산록하사면,8.347309952563283,67.08131408691406,5.861638675019105,,
728,907500.0,1692500.0,23.0,4.0,26.0,37.3 평지,9.764354930128187,31.30801010131836,28.998873069634634,,
729,907500.0,1697500.0,65.0,14.0,25.0,산록하평지,8.799153246016804,31.439077377319336,9.949039026244971,,
730,907500.0,1702500.0,82.0,14.0,77.0,산록하사면,4.131824743989063,11.696000099182129,7.861657997476432,,
731,907500.0,1707500.0,91.0,26.0,58.0,구릉정상,2.440052618548328,25.448143005371094,21.657856138903476,,
732,907500.0,1712500.0,117.0,28.0,77.0,산록하사면,5.2236374298828,46.83494567871094,17.16708235811682,,
733,907500.0,1717500.0,32.0,10.0,12.0,산록하사면,3.0794879505294426,13.786922454833984,22.580116138683433,,
734,907500.0,1722500.0,86.0,9.0,68.0,"능선의 말단부로, 비교적 평탄한 지형에 해당",1.0525230474041354,12.216811180114746,6.110148049773133,,
735,907500.0,1727500.0,0.0,0.0,0.0,,1.9375709667958083,4.153695583343506,1.625,,
736,907500.0,1732500.0,0.0,0.0,0.0,,0.9408417220857087,-2.0,6.896236738394082,,
737,907500.0,1737500.0,0.0,0.0,0.0,,1.0555070618838613,7.000466346740723,6.255642982589387,,
741,907500.0,1757500.0,0.0,0.0,0.0,,14.356400603329336,5.5,32.1553944329792,,
758,912500.0,1572500.0,0.0,0.0,0.0,,0.7279177214461328,154.8398895263672,64.53750004366844,,
759,912500.0,1577500.0,0.0,0.0,0.0,,0.43111285969559,6.389479637145996,14.548356380051612,,
761,912500.0,1587500.0,0.0,0.0,0.0,,2.0458224414325916,39.520973205566406,32.38076942446283,,
762,912500.0,1592500.0,0.0,0.0,0.0,,1.97557369156106,150.2801513671875,49.805299004129516,,
763,912500.0,1597500.0,0.0,0.0,0.0,,3.4542340195015377,35.408634185791016,26.945834151561613,,
764,912500.0,1602500.0,28.0,7.0,30.0,산록하사면,2.7873607728758034,51.31037902832031,36.50782876770325,,
765,912500.0,1607500.0,245.0,8.0,89.0,산록하평지,4.8472374962690115,5.843733310699463,9.340886779953943,,
766,912500.0,1612500.0,90.0,6.0,79.0,평지,1.2630209662432195,109.26298522949219,38.694548391274544,,
767,912500.0,1617500.0,0.0,0.0,0.0,,0.9008784844871741,53.11711120605469,28.264797216420664,,
768,912500.0,1622500.0,8.0,1.0,0.0,,3.181908416101287,18.229211807250977,13.288267442774316,,
769,912500.0,1627500.0,0.0,0.0,0.0,,0.7755621394786035,11.529622077941895,5.882587401775567,,
770,912500.0,1632500.0,3.0,1.0,1.0,평지,0.11859882175956156,0.4779447615146637,4.01477568532698,,
771,912500.0,1637500.0,28.0,5.0,15.0,산록하사면,2.1585193761496346,10.624799728393555,7.639719699509241,,
772,912500.0,1642500.0,0.0,0.0,0.0,,1.1250298836575943,80.2679672241211,61.247066811418655,,
774,912500.0,1652500.0,11.0,2.0,6.0,구릉정상,0.20279275090356613,0.20197400450706482,4.777550494552493,,
775,912500.0,1657500.0,10.0,4.0,9.0,구릉사면,1.7164966313189076,30.367189407348633,2.1952643831842535,,
776,912500.0,1662500.0,169.0,23.0,129.0,구릉사면,6.251142092777663,40.067657470703125,25.71253590366254,,
777,912500.0,1667500.0,42.0,11.0,33.0,구릉사면,9.752907390923154,15.053661346435547,24.54284655835929,,
778,912500.0,1672500.0,0.0,0.0,0.0,,8.61910575956439,17.910179138183594,12.904106593780051,,
779,912500.0,1677500.0,10.0,6.0,2.0,산록하사면,7.963178832523732,172.84027099609375,33.132889383925274,,
780,912500.0,1682500.0,0.0,0.0,0.0,,8.774466240220168,165.16299438476562,69.15385433026483,,
781,912500.0,1687500.0,2.0,2.0,0.0,산록하평지,11.56820608954087,163.2188720703125,37.647185905919,,
782,912500.0,1692500.0,7.0,4.0,5.0,170.2 지석묘는 불갑저수지 남쪽 로터리 ,14.738124495004394,90.89471435546875,1.760796767260357,,
783,912500.0,1697500.0,22.0,9.0,6.0,구릉정상,11.12703652943451,88.04904174804688,69.59117689190396,,
784,912500.0,1702500.0,11.0,2.0,4.0,산록하사면,7.966041664184427,14.19432258605957,11.027580235294966,,
785,912500.0,1707500.0,7.0,1.0,4.0,,7.287297006687351,21.795711517333984,10.040930387730151,,
786,912500.0,1712500.0,9.0,7.0,5.0,산록하사면,9.27215856110164,61.314453125,11.052561463423388,,
787,912500.0,1717500.0,67.0,10.0,34.0,산록하사면,7.652466649180387,49.810211181640625,46.47711484289957,,
788,912500.0,1722500.0,35.0,11.0,16.0,산록하사면,4.517224895535532,83.21771240234375,17.71946574334208,,
790,912500.0,1732500.0,0.0,0.0,0.0,,0.54514782940462,10.906444549560547,43.653381796586906,,
791,912500.0,1737500.0,0.0,0.0,0.0,,4.240931333930202,387.5914306640625,84.84255654477684,,
792,912500.0,1742500.0,0.0,0.0,0.0,,0.798121198415087,5.463188648223877,13.499937057499269,,
795,912500.0,1757500.0,0.0,0.0,0.0,,9.64339122867853,-2.0,3.074593469062211,,
798,912500.0,1772500.0,0.0,0.0,0.0,,0.4308229567351793,8.81898021697998,1.9989295242180072,0.0695816144347191,0.03564302995800972
799,912500.0,1777500.0,0.0,0.0,0.0,,2.11219515093496,-3.0,3.3354160160315836,0.0841658413410187,0.043350700289011
800,912500.0,1782500.0,0.0,0.0,0.0,,7.08849893822924,4.292568206787109,1.75692287296165,0.07296976000070575,0.03774109482765198
802,912500.0,1792500.0,0.0,0.0,0.0,,2.2846876043925812,-2.0,2.38812164681785,,
803,912500.0,1797500.0,0.0,0.0,0.0,,0.1514941734636316,5.567535400390625,5.031283506508086,,
804,912500.0,1802500.0,0.0,0.0,0.0,,0.8715773250324893,0.25,3.810351180710835,,
805,912500.0,1807500.0,0.0,0.0,0.0,,2.321416156993633,-3.5,1.3975424859373686,,
806,912500.0,1812500.0,0.0,0.0,0.0,,1.182827023491902,1.0029889345169067,3.104034632609554,,
808,912500.0,1822500.0,0.0,0.0,0.0,,0.9602826792329014,94.33552551269531,41.94916542135094,,
809,912500.0,1827500.0,0.0,0.0,0.0,,0.020815097570489882,13.566160202026367,14.80498758523692,,
811,917500.0,1567500.0,0.0,0.0,0.0,,4.572500775010472,7.757758140563965,26.51164425524001,0.34365753531455995,0.18464894592761993
813,917500.0,1577500.0,0.0,0.0,0.0,,0.07210938294418372,23.698232650756836,15.06698555592641,,
816,917500.0,1592500.0,0.0,0.0,0.0,,0.21882699358939936,14.303878784179688,49.01926678078845,,
817,917500.0,1597500.0,0.0,0.0,0.0,,1.6917220553402275,78.26414489746094,24.531594177616935,,
818,917500.0,1602500.0,0.0,0.0,0.0,,3.46193854518267,83.0849609375,18.07236605676949,,
819,917500.0,1607500.0,0.0,0.0,0.0,,7.230401285026659,303.4785461425781,159.80947430312105,,
820,917500.0,1612500.0,0.0,0.0,0.0,,5.582705805232207,106.23043823242188,94.9248119839834,,
821,917500.0,1617500.0,0.0,0.0,0.0,,5.675736415692769,57.545677185058594,37.435260707796445,,
822,917500.0,1622500.0,0.0,0.0,0.0,,3.576861076474175,286.91754150390625,56.66041128307827,,
823,917500.0,1627500.0,5.0,3.0,5.0,산록하사면,0.38832435484620886,1.1442400217056274,3.24834688270572,,
824,917500.0,1632500.0,6.0,1.0,8.0,구릉정상부,3.631763883437358,198.32496643066406,97.88270099962648,,
825,917500.0,1637500.0,87.0,16.0,63.0,구릉정상부,6.167266966524652,33.45414352416992,6.565860099572927,,
826,917500.0,1642500.0,78.0,13.0,79.0,산록하평지,2.1052099405273332,0.10058090090751648,12.043000202567315,,
827,917500.0,1647500.0,0.0,0.0,0.0,,0.512506350430183,1.9118777513504028,3.2356206527212703,,
828,917500.0,1652500.0,22.0,2.0,22.0,구릉사면,1.1628285300217336,16.911632537841797,4.83589201414644,,
829,917500.0,1657500.0,3.0,2.0,3.0,구릉정상부,1.8643185550621388,3.556166648864746,4.15287201217447,,
830,917500.0,1662500.0,54.0,10.0,38.0,구릉사면,6.341189792529083,18.919198989868164,1.5510716330883048,,
831,917500.0,1667500.0,36.0,7.0,26.0,산록하사면,11.133871577990071,3.5418214797973633,17.51277179458052,,
832,917500.0,1672500.0,10.0,4.0,10.0,산록하사면,13.468883357706265,6.228111267089844,6.73301957958588,,
833,917500.0,1677500.0,21.0,4.0,12.0,산록하사면,12.96281852066712,17.83348846435547,11.93071519847366,,
834,917500.0,1682500.0,53.0,9.0,42.0,평지(추정),13.482991135632009,52.84638977050781,49.4449350802257,,
835,917500.0,1687500.0,9.0,2.0,1.0,구릉정상,15.586365771350426,51.27572250366211,21.254544877973892,,
836,917500.0,1692500.0,0.0,0.0,0.0,,18.18103154773402,107.0719985961914,57.33595591781124,,
837,917500.0,1697500.0,53.0,14.0,37.0,산록하사면,14.839029146404824,225.302490234375,154.81588286172445,,
838,917500.0,1702500.0,29.0,7.0,26.0,산록하사면,12.642929402476472,45.43769073486328,42.36448143760096,,
839,917500.0,1707500.0,16.0,8.0,10.0,평지,12.226632477675787,35.42646789550781,7.748009918708777,,
840,917500.0,1712500.0,27.0,9.0,18.0,구릉사면,13.582771176908695,39.47913360595703,6.759107982242515,,
841,917500.0,1717500.0,76.0,20.0,67.0,산록하사면,10.240092579109307,49.52045440673828,16.582607575708245,,
842,917500.0,1722500.0,17.0,2.0,16.0,구릉정상,5.245042673917225,144.072509765625,43.96543777646799,,
843,917500.0,1727500.0,34.0,6.0,10.0,산록하사면,0.24999276872514373,19.86888885498047,72.5527575268094,,
844,917500.0,1732500.0,0.0,0.0,0.0,,0.21257102128108005,-0.2937292158603668,10.45206176494925,,
845,917500.0,1737500.0,0.0,0.0,0.0,,4.729681718443542,297.99908447265625,22.726305539527523,,
846,917500.0,1742500.0,0.0,0.0,0.0,,3.3713652899881352,303.93878173828125,58.54962686478965,,
847,917500.0,1747500.0,0.0,0.0,0.0,,1.0333379331961572,-0.17687027156352997,1.0987009139587287,,
848,917500.0,1752500.0,0.0,0.0,0.0,,3.64724651010275,1.1314131021499634,0.43160106824587446,,
849,917500.0,1757500.0,0.0,0.0,0.0,,5.466603195352035,-2.75,1.1524430571616109,,
850,917500.0,1762500.0,0.0,0.0,0.0,,4.502688753868712,-2.304872989654541,1.9342448271656991,,
851,917500.0,1767500.0,0.0,0.0,0.0,,2.3663960814848637,-1.75,1.5811388300841898,0.03380710780620576,0.01753329113125801
852,917500.0,1772500.0,0.0,0.0,0.0,,0.4292326865184514,3.0949666500091553,6.035616254575032,0.0695816144347191,0.03564302995800972
853,917500.0,1777500.0,0.0,0.0,0.0,,1.6259846856417908,-3.0,2.763918892342633,0.0841658413410187,0.043350700289011
854,917500.0,1782500.0,0.0,0.0,0.0,,5.891624704821275,-2.5,1.25,0.07296976000070575,0.03774109482765198
855,917500.0,1787500.0,0.0,0.0,0.0,,3.263167780732011,-3.0,0.9762812094883317,0.034623841196298626,0.018574638292193413
857,917500.0,1797500.0,0.0,0.0,0.0,,0.5901165686952656,9.049022674560547,10.631956019284898,,
858,917500.0,1802500.0,0.0,0.0,0.0,,1.6133616158907,3.964388847351074,7.3882720182427555,,
859,917500.0,1807500.0,0.0,0.0,0.0,,2.32365680518631,104.36296844482422,38.212724917334405,,
860,917500.0,1812500.0,0.0,0.0,0.0,,0.7113573577570351,18.177276611328125,26.68708619378734,,
861,917500.0,1817500.0,0.0,0.0,0.0,,0.04429214887504882,3.7507221698760986,9.725890422556919,,
862,917500.0,1822500.0,0.0,0.0,0.0,,3.325103397712689,53.497886657714844,39.62041703359771,,
863,917500.0,1827500.0,0.0,0.0,0.0,,2.0743665034356638,29.873634338378906,12.726435403304832,,
866,922500.0,1572500.0,0.0,0.0,0.0,,1.126729152725735,49.816078186035156,58.84365244389373,,
867,922500.0,1577500.0,0.0,0.0,0.0,,0.6875988231186896,168.75,59.41709295854867,,
870,922500.0,1592500.0,0.0,0.0,0.0,,0.32223139604358153,-4.25,20.431427559017596,,
871,922500.0,1597500.0,0.0,0.0,0.0,,1.4382247589663395,66.94718933105469,44.39450454831359,,
872,922500.0,1602500.0,0.0,0.0,0.0,,0.7988529915976174,-4.0,4.066918814552265,,
873,922500.0,1607500.0,0.0,0.0,0.0,,3.9972101090217107,132.32510375976562,140.6272756308614,,
874,922500.0,1612500.0,1.0,1.0,0.0,산으로 이어지는 능선에서 남동쪽으로 뻗은 나,7.390756360625966,136.7843475341797,76.68964915774421,,
875,922500.0,1617500.0,57.0,8.0,38.0,평지,8.224784643769219,59.177391052246094,26.59369184952285,,
876,922500.0,1622500.0,24.0,5.0,4.0,산록하사면,4.933644895621228,18.93755531311035,6.834289055199549,,
877,922500.0,1627500.0,8.0,2.0,3.0,구릉정상,2.9879172422641016,33.21503448486328,35.015666283134664,,
878,922500.0,1632500.0,21.0,1.0,22.0,구릉사면(평지로 이어지는 나지막한 구릉사면),6.596548107696088,277.01666259765625,67.32155338468893,,
879,922500.0,1637500.0,0.0,0.0,0.0,,6.696620255017695,187.21237182617188,54.13037486260878,,
880,922500.0,1642500.0,42.0,8.0,52.0,평지,2.0596408295458617,47.90480041503906,81.52364678654071,,
881,922500.0,1647500.0,5.0,1.0,5.0,구릉정상부,0.07067562857202263,2.6094255447387695,3.7044906725233657,,
882,922500.0,1652500.0,19.0,5.0,19.0,구릉사면,4.616964376637237,6.356988906860352,3.18482879425471,,
883,922500.0,1657500.0,20.0,5.0,18.0,구릉정상부,6.36896440314599,30.527833938598633,6.978884882313893,,
884,922500.0,1662500.0,110.0,12.0,104.0,구릉사면,8.92959955880286,18.689254760742188,5.827063610338154,,
885,922500.0,1667500.0,110.0,19.0,100.0,산록하사면,12.911332829521081,20.840089797973633,30.411921484064365,,
886,922500.0,1672500.0,43.0,9.0,29.0,산록하사면,17.426051835937063,128.7676239013672,10.366238562683813,,
887,922500.0,1677500.0,0.0,0.0,0.0,,17.96245820881051,121.60227966308594,22.84089044819497,,
888,922500.0,1682500.0,4.0,1.0,4.0,,18.34641224126121,73.54411315917969,36.22494973506363,,
889,922500.0,1687500.0,2.0,2.0,1.0,평지,19.95182560600734,43.94280242919922,10.055534826366038,,
890,922500.0,1692500.0,6.0,2.0,6.0,구릉정상부,21.83885876643241,47.45338821411133,9.943547563174462,,
891,922500.0,1697500.0,29.0,8.0,25.0,구릉정상,19.146347695796546,114.65559387207031,34.90061575531768,,
892,922500.0,1702500.0,240.0,19.0,240.0,산록하사면,17.499414503247987,274.4558410644531,84.56102116414925,,
893,922500.0,1707500.0,83.0,24.0,39.0,구릉정상,17.20105769493952,58.09967803955078,11.371313076362386,,
894,922500.0,1712500.0,23.0,7.0,21.0,구릉정상,14.921070301640237,41.695621490478516,7.219026068326177,,
895,922500.0,1717500.0,72.0,18.0,36.0,산록하사면,10.180333562984686,101.42253112792969,12.74278689407957,,
896,922500.0,1722500.0,2.0,2.0,0.0,산록하사면,5.624237984416284,112.79672241210938,61.24922136165553,,
897,922500.0,1727500.0,2.0,2.0,0.0,,2.223843807034492,162.49099731445312,72.55822158839976,,
899,922500.0,1737500.0,0.0,0.0,0.0,,3.971962867757843,172.13926696777344,125.27111987902971,,
900,922500.0,1742500.0,0.0,0.0,0.0,,5.968607757154977,174.87283325195312,49.87465259967478,,
901,922500.0,1747500.0,0.0,0.0,0.0,,2.931836903058118,21.67865562438965,23.643897985172497,,
902,922500.0,1752500.0,0.0,0.0,0.0,,1.3139924352907923,0.04703435301780701,2.0072480669892547,,
903,922500.0,1757500.0,0.0,0.0,0.0,,2.6841650818207645,-1.780695915222168,2.7029561018410133,,
904,922500.0,1762500.0,0.0,0.0,0.0,,3.578162002635874,0.3461419939994812,0.6165326946835363,,
905,922500.0,1767500.0,0.0,0.0,0.0,,1.4027065340573344,3.150688886642456,0.5405825610995715,,
906,922500.0,1772500.0,0.0,0.0,0.0,,3.323727407708864,2.925466537475586,0.9531960143909834,,
907,922500.0,1777500.0,0.0,0.0,0.0,,1.0937391845769564,-1.2409242391586304,1.4506181937424416,,
909,922500.0,1787500.0,0.0,0.0,0.0,,0.03885948031034581,8.821331977844238,3.498538155091044,,
910,922500.0,1792500.0,0.0,0.0,0.0,,3.5869661843933134,56.77156448364258,39.42219908467234,,
911,922500.0,1797500.0,0.0,0.0,0.0,,3.1450255565578056,194.32260131835938,57.251089248657784,,
912,922500.0,1802500.0,0.0,0.0,0.0,,5.225889923557053,52.999046325683594,24.035728737058037,,
913,922500.0,1807500.0,0.0,0.0,0.0,,6.123964862649654,97.34295654296875,101.51432061869397,,
914,922500.0,1812500.0,0.0,0.0,0.0,,5.042965234917844,277.43798828125,139.2544728213919,,
915,922500.0,1817500.0,0.0,0.0,0.0,,4.816382014366882,323.8909606933594,143.70283901272344,,
916,922500.0,1822500.0,0.0,0.0,0.0,,6.330766411012331,65.79170227050781,12.034726505390022,,
917,922500.0,1827500.0,0.0,0.0,0.0,,3.8368865556893406,152.54412841796875,77.17164769399791,,
924,927500.0,1592500.0,0.0,0.0,0.0,,1.5264854062139608,103.87451934814453,70.818308216066,,
925,927500.0,1597500.0,0.0,0.0,0.0,,1.4023511951077663,132.47119140625,102.57732873871831,,
926,927500.0,1602500.0,0.0,0.0,0.0,,1.9733858416735162,10.96650218963623,9.145333982029165,,
927,927500.0,1607500.0,0.0,0.0,0.0,,0.6114374476915673,3.3682591915130615,4.754585067549998,,
928,927500.0,1612500.0,0.0,0.0,0.0,,2.5219227169422833,67.73316955566406,88.92592479619023,,
929,927500.0,1617500.0,6.0,2.0,6.0,산록하사면,4.275633165449964,134.26258850097656,96.58492319051481,,
930,927500.0,1622500.0,0.0,0.0,0.0,,5.405681763850691,157.28463745117188,43.01110158157949,,
931,927500.0,1627500.0,0.0,0.0,0.0,,7.888414836824811,179.11172485351562,110.00168336850815,,
932,927500.0,1632500.0,1.0,1.0,0.0,구릉사면,9.839404764942214,86.27098846435547,26.64776123414,,
933,927500.0,1637500.0,0.0,0.0,0.0,,9.126326049269938,126.39307403564453,16.241595362475305,,
934,927500.0,1642500.0,29.0,3.0,11.0,산록하사면,5.381825960027563,559.8438110351562,105.36481614131783,,
935,927500.0,1647500.0,23.0,6.0,8.0,구릉정상부,4.040392942307237,10.364500045776367,8.523972823658605,,
936,927500.0,1652500.0,16.0,4.0,14.0,산록하평지,6.981513214493736,88.31510162353516,26.254453846398995,,
937,927500.0,1657500.0,27.0,8.0,19.0,구릉정상부,10.971554026617763,26.53414535522461,7.248554905607073,,
938,927500.0,1662500.0,36.0,3.0,33.0,구릉정상부,13.001347842908396,21.39008903503418,8.799754629178116,,
939,927500.0,1667500.0,0.0,0.0,0.0,,15.99999415269879,7.865510940551758,4.643723004179658,,
940,927500.0,1672500.0,0.0,0.0,0.0,,19.823334231165354,169.1627197265625,79.26252315564739,,
941,927500.0,1677500.0,47.0,2.0,16.0,"산록하사면, 산록하평지",22.962097896953896,24.3886661529541,7.303274711266751,,
942,927500.0,1682500.0,0.0,0.0,0.0,,23.26780252385401,82.82022094726562,23.204165960934205,,
943,927500.0,1687500.0,0.0,0.0,0.0,,24.553515780337815,59.49533462524414,27.668492246493816,,
944,927500.0,1692500.0,0.0,0.0,0.0,,25.948441115039326,74.633544921875,6.103279000769348,,
945,927500.0,1697500.0,4.0,2.0,4.0,구릉정상부,23.726956698422487,113.68194580078125,35.10883523907447,,
946,927500.0,1702500.0,3.0,2.0,2.0,산록하평지,22.419084549485245,245.94061279296875,127.489047141636,,
947,927500.0,1707500.0,22.0,3.0,1.0,산록하사면,19.30295250443516,344.6828918457031,90.12992212321195,,
948,927500.0,1712500.0,84.0,14.0,67.0,구릉정상,14.307473652951858,153.37464904785156,74.27006590389995,,
949,927500.0,1717500.0,85.0,11.0,73.0,산록하사면,9.316846530417015,71.59091186523438,19.039868997243797,,
950,927500.0,1722500.0,2.0,2.0,0.0,구릉정상,4.347810507919537,30.133644104003906,1.6036119497867856,,
951,927500.0,1727500.0,0.0,0.0,0.0,,0.8699528682195935,25.950233459472656,6.948988848958382,,
952,927500.0,1732500.0,0.0,0.0,0.0,,2.3208921066279915,20.195533752441406,4.92168005476824,,
953,927500.0,1737500.0,0.0,0.0,0.0,,5.381457688344798,20.04261016845703,5.997026390286021,,
954,927500.0,1742500.0,0.0,0.0,0.0,,9.748845425826776,5.638710975646973,6.066494635566911,,
955,927500.0,1747500.0,0.0,0.0,0.0,,7.161822109554638,3.6141555309295654,0.553989348573112,,
956,927500.0,1752500.0,0.0,0.0,0.0,,3.2734117128631537,10.927633285522461,1.2306422867905824,,
957,927500.0,1757500.0,0.0,0.0,0.0,,1.703150099234576,1.1143224239349365,14.426825712029027,,
958,927500.0,1762500.0,0.0,0.0,0.0,,0.9787092687615239,4.659200191497803,17.446128982228966,,
959,927500.0,1767500.0,0.0,0.0,0.0,,1.795112427260431,3.8891665935516357,9.527807807063082,,
960,927500.0,1772500.0,0.0,0.0,0.0,,4.268588849151116,14.718644142150879,7.069132626850717,,
961,927500.0,1777500.0,0.0,0.0,0.0,,0.7250409617401461,19.74622344970703,27.4502761660134,,
962,927500.0,1782500.0,0.0,0.0,0.0,,2.6281712233491707,11.64727783203125,16.022645642537334,,
963,927500.0,1787500.0,0.0,0.0,0.0,,4.489785947240303,26.590667724609375,27.87452729140862,,
964,927500.0,1792500.0,0.0,0.0,0.0,,6.401797875129639,36.15618896484375,23.82938445744117,,
965,927500.0,1797500.0,0.0,0.0,0.0,,8.144631000075929,69.91636657714844,22.718542967467737,,
966,927500.0,1802500.0,0.0,0.0,0.0,,9.523267213352986,218.69229125976562,83.99211974427386,,
967,927500.0,1807500.0,0.0,0.0,0.0,,10.547378834608773,339.8763427734375,89.67064228729524,,
968,927500.0,1812500.0,0.0,0.0,0.0,,9.958702375429015,228.1353302001953,127.73570265104739,,
969,927500.0,1817500.0,0.0,0.0,0.0,,9.814676232125903,401.5147705078125,49.71426940079549,,
970,927500.0,1822500.0,0.0,0.0,0.0,,10.748921940568662,93.51407623291016,22.295932324296228,,
971,927500.0,1827500.0,0.0,0.0,0.0,,7.445273499538308,202.04360961914062,31.995464359965997,,
975,932500.0,1577500.0,0.0,0.0,0.0,,7.691492598877727,-4.018787860870361,39.398564915354974,0.10578733384609225,0.05687214806675911
979,932500.0,1597500.0,0.0,0.0,0.0,,0.3178322107277729,1.0,20.685225009895674,,
980,932500.0,1602500.0,0.0,0.0,0.0,,0.39555508320319843,17.75,18.16837351110841,,
981,932500.0,1607500.0,0.0,0.0,0.0,,2.088271524236914,-4.75,3.0026030373660784,,
982,932500.0,1612500.0,0.0,0.0,0.0,,1.9537211356716968,6.490254878997803,9.055319016725335,,
983,932500.0,1617500.0,0.0,0.0,0.0,,0.5914513400636854,21.911893844604492,22.829474403162443,,
984,932500.0,1622500.0,0.0,0.0,0.0,,1.5166045813289895,13.967363357543945,51.73111641227861,,
985,932500.0,1627500.0,0.0,0.0,0.0,,6.014930840101846,24.614810943603516,39.51715071312675,,
986,932500.0,1632500.0,0.0,0.0,0.0,,10.851831776338818,70.72876739501953,53.6875053748681,,
987,932500.0,1637500.0,0.0,0.0,0.0,,12.452713163205397,102.08113098144531,56.32657949512129,,
988,932500.0,1642500.0,0.0,0.0,0.0,,9.614093279622812,201.43072509765625,14.421597439235654,,
989,932500.0,1647500.0,105.0,12.0,83.0,산록하사면,8.932609588105148,348.222900390625,62.303867611656834,,
990,932500.0,1652500.0,20.0,6.0,15.0,산록하평지,10.823688766669502,118.84332275390625,86.94951906362682,,
991,932500.0,1657500.0,73.0,5.0,48.0,산록하사면,14.047471004661192,144.91192626953125,57.92174153845033,,
992,932500.0,1662500.0,10.0,1.0,9.0,산록하사면,17.535110398834192,28.367334365844727,9.658284630618143,,
993,932500.0,1667500.0,2.0,1.0,0.0,구릉사면,19.882080131065816,16.85895538330078,6.139922910504351,,
994,932500.0,1672500.0,22.0,5.0,16.0,지63.1 평지,23.07080140550429,14.40446662902832,8.810695087582593,,
995,932500.0,1677500.0,0.0,0.0,0.0,,26.818401232107693,40.19933319091797,1.4171732214253783,,
996,932500.0,1682500.0,0.0,0.0,0.0,,28.216846500837665,17.93097686767578,7.4238628513291,,
997,932500.0,1687500.0,0.0,0.0,0.0,,29.286087641371047,90.64026641845703,120.2718583377906,,
998,932500.0,1692500.0,9.0,2.0,9.0,구릉정상부,30.32667869024146,202.40411376953125,78.60059625577865,,
999,932500.0,1697500.0,1.0,1.0,0.0,구릉사면54.1,28.449153207947994,40.44010925292969,29.982000483090484,,
1000,932500.0,1702500.0,127.0,28.0,106.0,구릉사면,24.951344890215214,82.58685302734375,17.261981784983572,,
1001,932500.0,1707500.0,0.0,0.0,0.0,,20.116397261236937,122.6944580078125,68.22622569126624,,
1002,932500.0,1712500.0,9.0,3.0,9.0,산록하사면,15.387308592256572,185.46376037597656,61.178610766154726,,
1003,932500.0,1717500.0,2.0,1.0,2.0,은 신평리에서 계로리로 가는 깊은 계곡부 산,10.902710335268239,602.2916259765625,53.021858037831784,,
1004,932500.0,1722500.0,48.0,4.0,39.0,산록하사면,7.139252033385349,146.30223083496094,58.69281661979335,,
1005,932500.0,1727500.0,2.0,2.0,1.0,구릉정상,5.750543151531759,28.22373390197754,4.868015270428519,,
1006,932500.0,1732500.0,0.0,0.0,0.0,,7.019859189505712,13.527633666992188,2.484169674580519,,
1007,932500.0,1737500.0,0.0,0.0,0.0,,8.985254728756944,8.0450439453125,6.534845669371438,,
1008,932500.0,1742500.0,0.0,0.0,0.0,,9.633958964591994,4.53773307800293,0.06681280220453654,,
1009,932500.0,1747500.0,0.0,0.0,0.0,,5.002560566728112,5.652100086212158,2.2129307171935233,,
1010,932500.0,1752500.0,0.0,0.0,0.0,,1.327040083886578,4.285188674926758,0.6377629249671337,,
1011,932500.0,1757500.0,0.0,0.0,0.0,,0.020255238545807918,2.605800151824951,5.611558785344671,,
1012,932500.0,1762500.0,0.0,0.0,0.0,,0.7784896519758472,3.8437888622283936,0.03858275754461676,,
1013,932500.0,1767500.0,0.0,0.0,0.0,,1.0344800739139595,6.899644374847412,3.671080322179918,,
1014,932500.0,1772500.0,10.0,1.0,5.0,산록하평지,4.77860692515833,4.970510959625244,7.3835960877679225,,
1015,932500.0,1777500.0,0.0,0.0,0.0,,0.03790744805072152,6.243579387664795,7.707107686024462,,
1016,932500.0,1782500.0,0.0,0.0,0.0,,1.7750898419784071,3.539977788925171,0.14255043756489955,,
1017,932500.0,1787500.0,0.0,0.0,0.0,,5.752396104268252,26.229433059692383,17.33743784104645,,
1018,932500.0,1792500.0,0.0,0.0,0.0,,10.146445787272508,55.28673553466797,50.87985222779443,,
1019,932500.0,1797500.0,0.0,0.0,0.0,,13.14453660283975,111.15424346923828,24.801418975571863,,
1020,932500.0,1802500.0,0.0,0.0,0.0,,14.040763865484985,110.21192169189453,59.62927098777057,,
1021,932500.0,1807500.0,0.0,0.0,0.0,,15.32943100452651,189.7042236328125,20.98464193494107,,
1022,932500.0,1812500.0,0.0,0.0,0.0,,14.930505940662595,126.12205505371094,87.00798680948344,,
1023,932500.0,1817500.0,0.0,0.0,0.0,,14.814121755088872,217.7812957763672,90.1809809648907,,
1024,932500.0,1822500.0,0.0,0.0,0.0,,14.359498140560149,137.7705078125,7.6815156114240315,,
1025,932500.0,1827500.0,0.0,0.0,0.0,,12.086685296111561,235.09144592285156,97.02997531450463,,
1032,937500.0,1592500.0,0.0,0.0,0.0,,0.14146908685284318,-3.0,6.402109531211579,0.04959968328475954,0.030256809666752815
1034,937500.0,1602500.0,0.0,0.0,0.0,,1.6055790781809576,12.266993522644043,27.249421524520148,,
1035,937500.0,1607500.0,0.0,0.0,0.0,,1.137273365203728,20.112356185913086,16.51795395242042,,
1036,937500.0,1612500.0,0.0,0.0,0.0,,1.3146261363415535,68.31312561035156,35.80385450826842,,
1037,937500.0,1617500.0,0.0,0.0,0.0,,1.0749708956508925,56.21879959106445,49.549534551350774,,
1038,937500.0,1622500.0,0.0,0.0,0.0,,2.198256886926615,209.26968383789062,35.386409062775286,,
1039,937500.0,1627500.0,0.0,0.0,0.0,,6.242980784623528,5.234899997711182,24.03901932406356,,
1040,937500.0,1632500.0,0.0,0.0,0.0,,10.959039545310892,57.65593338012695,27.23749772054287,,
1041,937500.0,1637500.0,0.0,0.0,0.0,,15.850119445423664,97.9100570678711,64.47364667348876,,
1042,937500.0,1642500.0,0.0,0.0,0.0,,14.349129887019295,271.03533935546875,48.100852428755246,,
1043,937500.0,1647500.0,0.0,0.0,0.0,,13.901735610303122,295.4012451171875,118.32773351419786,,
1044,937500.0,1652500.0,0.0,0.0,0.0,,15.186144258599331,274.8036193847656,16.07137944791424,,
1045,937500.0,1657500.0,2.0,1.0,1.0,산록하사면,17.831985360783833,323.3558044433594,96.54024477757025,,
1046,937500.0,1662500.0,28.0,3.0,17.0,구릉사면,21.116850060779498,71.77945709228516,40.24560305635678,,
1047,937500.0,1667500.0,13.0,4.0,11.0,구릉정상부,24.1783872040682,38.44362258911133,11.476487803185538,,
1048,937500.0,1672500.0,3.0,1.0,2.0,,26.861853527706263,12.52917766571045,0.8851909389018747,,
1049,937500.0,1677500.0,0.0,0.0,0.0,,30.141730907465185,21.885154724121094,17.026162783618613,,
1050,937500.0,1682500.0,0.0,0.0,0.0,,33.181172652795176,13.694477081298828,5.995415822575168,,
1051,937500.0,1687500.0,0.0,0.0,0.0,,34.09508353855192,19.677932739257812,1.1450020799866663,,
1052,937500.0,1692500.0,0.0,0.0,0.0,,34.87252908037539,30.08566665649414,5.593852007119125,,
1053,937500.0,1697500.0,0.0,0.0,0.0,,31.185497402999015,68.62217712402344,52.1786529608546,,
1054,937500.0,1702500.0,11.0,3.0,10.0,산록하사면,26.54496327392242,151.30116271972656,70.10481929135169,,
1055,937500.0,1707500.0,28.0,6.0,30.0,구릉정상부,22.062069308098057,137.65281677246094,19.283133823220055,,
1056,937500.0,1712500.0,13.0,4.0,5.0,산록하사면,17.855943803024086,111.1349868774414,15.423120948776507,,
1057,937500.0,1717500.0,8.0,5.0,4.0,산록하사면,14.175138660280759,163.6559295654297,111.16627529081374,,
1058,937500.0,1722500.0,0.0,0.0,0.0,,11.53405318956082,111.94955444335938,143.13100253344157,,
1059,937500.0,1727500.0,0.0,0.0,0.0,,10.73006103994987,50.8917236328125,35.781519293390716,,
1060,937500.0,1732500.0,0.0,0.0,0.0,,11.839708639287831,44.169654846191406,12.09462901412315,,
1061,937500.0,1737500.0,0.0,0.0,0.0,,13.486148352728327,19.630910873413086,7.499552560713629,,
1062,937500.0,1742500.0,0.0,0.0,0.0,,9.586152534882919,10.55270004272461,5.977643731171693,,
1063,937500.0,1747500.0,0.0,0.0,0.0,,4.9098642867581255,3.594644546508789,1.534164954960266,,
1064,937500.0,1752500.0,0.0,0.0,0.0,,2.007963504430778,4.911755561828613,0.7687063155712136,,
1065,937500.0,1757500.0,3.0,1.0,4.0,평지,2.747000772296676,5.163633346557617,1.7698485565629238,,
1066,937500.0,1762500.0,0.0,0.0,0.0,,1.015570809004403,5.877788543701172,2.9986784447313686,,
1067,937500.0,1767500.0,13.0,1.0,8.0,,0.799246310120818,2.884079933166504,2.1565629405933597,,
1068,937500.0,1772500.0,0.0,0.0,0.0,,3.948025895836516,21.043800354003906,10.44659255247126,,
1069,937500.0,1777500.0,0.0,0.0,0.0,,2.7674488430012354,43.54612350463867,25.67176099787411,,
1070,937500.0,1782500.0,0.0,0.0,0.0,,0.8994801219046673,4.319544315338135,2.5208006558422733,,
1071,937500.0,1787500.0,0.0,0.0,0.0,,3.8903036048001938,52.27093505859375,14.090370086912053,,
1072,937500.0,1792500.0,0.0,0.0,0.0,,8.678797078071423,54.59556579589844,29.72667662699911,,
1073,937500.0,1797500.0,0.0,0.0,0.0,,13.467290551342648,126.726318359375,2.05455400954606,,
1074,937500.0,1802500.0,0.0,0.0,0.0,,18.25578402461388,7.229711055755615,2.6372913204798727,,
1075,937500.0,1807500.0,0.0,0.0,0.0,,20.21721319975441,50.52774429321289,8.966986605684953,,
1076,937500.0,1812500.0,0.0,0.0,0.0,,19.91643196674411,129.71719360351562,52.751109222718355,,
1077,937500.0,1817500.0,0.0,0.0,0.0,,19.813847107710753,120.28932189941406,62.41072672498641,,
1078,937500.0,1822500.0,0.0,0.0,0.0,,18.62393757541789,152.63088989257812,24.428326715730662,,
1079,937500.0,1827500.0,0.0,0.0,0.0,,16.933511904255166,101.83901977539062,41.37153217778382,,
1083,942500.0,1577500.0,0.0,0.0,0.0,,1.8144346344998614,191.04983520507812,18.651543070900516,,
1086,942500.0,1592500.0,0.0,0.0,0.0,,0.8240820479908166,30.273704528808594,17.346786896152764,0.09567085057497025,0.06132419779896736
1087,942500.0,1597500.0,0.0,0.0,0.0,,2.3862466012169263,1.257574200630188,15.632238393422927,,
1089,942500.0,1607500.0,0.0,0.0,0.0,,2.30003323202957,36.52867889404297,81.73462602356156,,
1090,942500.0,1612500.0,0.0,0.0,0.0,,5.866599250587306,57.625423431396484,31.81523817738936,,
1091,942500.0,1617500.0,0.0,0.0,0.0,,6.01280867729798,147.99234008789062,116.14506792494049,,
1092,942500.0,1622500.0,0.0,0.0,0.0,,6.73894827223319,447.1498718261719,69.85910145564888,,
1093,942500.0,1627500.0,0.0,0.0,0.0,,9.261810893963954,58.6423454284668,61.7301030814435,,
1094,942500.0,1632500.0,0.0,0.0,0.0,,13.131597108098429,73.61972045898438,61.9658989142477,,
1095,942500.0,1637500.0,0.0,0.0,0.0,,17.423104811942345,136.98855590820312,75.22248992779762,,
1096,942500.0,1642500.0,0.0,0.0,0.0,,19.218851876212906,95.09317779541016,54.74167152824309,,
1097,942500.0,1647500.0,0.0,0.0,0.0,,18.887164739685833,272.15692138671875,77.81905007963152,,
1098,942500.0,1652500.0,0.0,0.0,0.0,,19.85159228798162,367.2545166015625,48.6553292614893,,
1099,942500.0,1657500.0,3.0,2.0,0.0,평지추정,21.94188781377917,77.74116516113281,17.126339088919774,,
1100,942500.0,1662500.0,14.0,3.0,1.0,산록하평지,24.87577699545306,86.58354187011719,43.00113999252761,,
1101,942500.0,1667500.0,10.0,3.0,8.0,평지,28.187076317917214,35.012943267822266,19.899384740233533,,
1102,942500.0,1672500.0,6.0,1.0,0.0,평지,30.99768495219719,78.11105346679688,38.99993462776758,,
1103,942500.0,1677500.0,0.0,0.0,0.0,,33.8795106155589,54.11579895019531,15.815310205906092,,
1104,942500.0,1682500.0,0.0,0.0,0.0,,37.212712971562084,55.56135559082031,4.74087008775803,,
1105,942500.0,1687500.0,0.0,0.0,0.0,,38.95220807173326,48.52753448486328,17.294278896600918,,
1106,942500.0,1692500.0,0.0,0.0,0.0,,37.716056059912304,20.85552215576172,2.287529135031576,,
1107,942500.0,1697500.0,10.0,5.0,8.0,평지,33.23553387048085,53.870933532714844,22.473999989484632,,
1108,942500.0,1702500.0,2.0,2.0,1.0,산록하평지,28.9257763698282,324.722412109375,86.65986850244141,,
1109,942500.0,1707500.0,27.0,6.0,9.0,산록하사면,24.875698292485048,272.21038818359375,90.89374140620873,,
1110,942500.0,1712500.0,26.0,9.0,24.0,산록하사면,21.23441057529442,98.74967956542969,8.557160853344655,,
1111,942500.0,1717500.0,12.0,1.0,3.0,,18.248288123043416,572.0305786132812,71.21462990230464,,
1112,942500.0,1722500.0,0.0,0.0,0.0,,16.28188706394438,191.62767028808594,76.15703432312526,,
1113,942500.0,1727500.0,0.0,0.0,0.0,,15.722584816259424,116.38404846191406,40.666150797871545,,
1114,942500.0,1732500.0,0.0,0.0,0.0,,16.65955808906995,45.88728713989258,30.44528064330608,,
1115,942500.0,1737500.0,0.0,0.0,0.0,,16.086112912083557,9.653666496276855,3.2676126595542745,,
1116,942500.0,1742500.0,2.0,2.0,1.0,구릉정상,11.87330937492332,4.897799968719482,0.2745854263811463,,
1117,942500.0,1747500.0,0.0,0.0,0.0,,8.554994003795834,12.285322189331055,4.142001196837303,,
1118,942500.0,1752500.0,0.0,0.0,0.0,,6.8592198933798105,6.233855247497559,3.717882489262957,,
1119,942500.0,1757500.0,0.0,0.0,0.0,,6.946334628160859,6.6262664794921875,2.123715408177788,,
1120,942500.0,1762500.0,0.0,0.0,0.0,,4.528369267355621,16.101543426513672,5.55198749186908,,
1121,942500.0,1767500.0,0.0,0.0,0.0,,2.499068058625479,3.84497332572937,1.599965657815918,,
1122,942500.0,1772500.0,0.0,0.0,0.0,,5.711880649970592,4.307255268096924,9.077678394400372,,
1123,942500.0,1777500.0,0.0,0.0,0.0,,4.909458450704104,24.059688568115234,21.275250877336735,,
1124,942500.0,1782500.0,0.0,0.0,0.0,,0.5117972252661703,23.340534210205078,39.73800741101863,,
1125,942500.0,1787500.0,0.0,0.0,0.0,,2.451439380337425,10.976310729980469,15.07394627985454,,
1126,942500.0,1792500.0,0.0,0.0,0.0,,7.357935234308716,12.181255340576172,2.5262641533332273,,
1127,942500.0,1797500.0,0.0,0.0,0.0,,12.339079861835222,38.637657165527344,13.038849454542442,,
1128,942500.0,1802500.0,0.0,0.0,0.0,,17.33108688920615,60.38261032104492,28.11624461416294,,
1129,942500.0,1807500.0,0.0,0.0,0.0,,22.326671352570212,6.320088863372803,3.634502623518766,,
1130,942500.0,1812500.0,0.0,0.0,0.0,,24.908001062464486,23.70039939880371,1.5032079075123599,,
1131,942500.0,1817500.0,0.0,0.0,0.0,,24.81368314138145,61.50453186035156,27.409027037944973,,
1132,942500.0,1822500.0,0.0,0.0,0.0,,23.184195366183715,65.82408905029297,73.53794342497197,,
1133,942500.0,1827500.0,0.0,0.0,0.0,,21.849478011519256,213.85142517089844,52.45186306045385,,
1137,947500.0,1577500.0,0.0,0.0,0.0,,0.7025840994823906,9.429666519165039,20.331613887530025,0.12526408433914185,0.07712751626968384
1141,947500.0,1597500.0,0.0,0.0,0.0,,4.565270834390393,59.572410583496094,48.376467304969054,,
1143,947500.0,1607500.0,0.0,0.0,0.0,,1.102060397197647,44.189579010009766,19.948758641709396,,
1144,947500.0,1612500.0,0.0,0.0,0.0,,1.4292790523200867,4.800727844238281,74.14399078398287,,
1145,947500.0,1617500.0,4.0,1.0,4.0,구릉정상부,5.018652790774316,97.15043640136719,88.10837761043548,,
1146,947500.0,1622500.0,0.0,0.0,0.0,,6.786198280692431,88.28983306884766,36.54905348014854,,
1147,947500.0,1627500.0,0.0,0.0,0.0,,8.221919638809302,80.52167510986328,67.4000588770832,,
1148,947500.0,1632500.0,0.0,0.0,0.0,,11.133059309115081,53.794532775878906,13.678886185553445,,
1149,947500.0,1637500.0,0.0,0.0,0.0,,15.175310758383496,73.96308898925781,8.508541358190001,,
1150,947500.0,1642500.0,0.0,0.0,0.0,,19.621686431157872,290.341552734375,77.69787088271376,,
1151,947500.0,1647500.0,0.0,0.0,0.0,,23.87868779538134,239.46658325195312,66.77485473227631,,
1152,947500.0,1652500.0,21.0,3.0,15.0,산록하평지,24.648579173930354,339.108642578125,128.35305546488397,,
1153,947500.0,1657500.0,20.0,2.0,19.0,산록하사면,26.361205961748652,127.40889739990234,63.083265404001416,,
1154,947500.0,1662500.0,0.0,0.0,0.0,,28.849157773182082,136.79710388183594,29.340369761318023,,
1155,947500.0,1667500.0,25.0,9.0,20.0,평지,31.92619934271742,31.9063777923584,7.528726345565259,,
1156,947500.0,1672500.0,5.0,3.0,5.0,산록하사면,35.2576401112544,203.3455810546875,36.482876744091904,,
1157,947500.0,1677500.0,0.0,0.0,0.0,,37.909346301426716,236.47364807128906,50.76195307766721,,
1158,947500.0,1682500.0,0.0,0.0,0.0,,40.91556310446664,52.464385986328125,17.18423676084901,,
1159,947500.0,1687500.0,0.0,0.0,0.0,,43.84146787946737,46.9910888671875,9.423884538932707,,
1160,947500.0,1692500.0,0.0,0.0,0.0,,40.05703868358056,115.37567138671875,41.728392715383144,,
1161,947500.0,1697500.0,1.0,1.0,1.0,구릉정상부,35.870129286626515,29.638233184814453,3.5715159565870853,,
1162,947500.0,1702500.0,23.0,7.0,15.0,산록하사면,31.9181140103975,180.00814819335938,149.34901521092345,,
1163,947500.0,1707500.0,9.0,2.0,3.0,산록하사면,28.29957294593268,200.0566864013672,43.79497866426471,,
1164,947500.0,1712500.0,38.0,7.0,37.0,산록하사면,25.15880871312465,383.8523254394531,78.42623659218567,,
1165,947500.0,1717500.0,6.0,4.0,3.0,산록하평지,22.695054148537054,297.7986755371094,19.368222349479762,,
1166,947500.0,1722500.0,0.0,0.0,0.0,,21.14628359183856,203.90631103515625,58.20076939699795,,
1167,947500.0,1727500.0,0.0,0.0,0.0,,20.718714648546435,284.13604736328125,53.187412796606814,,
1168,947500.0,1732500.0,0.0,0.0,0.0,,21.479407897549798,61.840877532958984,9.50861220691436,,
1169,947500.0,1737500.0,0.0,0.0,0.0,,18.916769906908026,28.410511016845703,10.80768741696982,,
1170,947500.0,1742500.0,0.0,0.0,0.0,,15.493761021883673,10.367988586425781,4.402188831544902,,
1171,947500.0,1747500.0,0.0,0.0,0.0,,13.093742028662035,12.270466804504395,5.1635103157432685,,
1172,947500.0,1752500.0,0.0,0.0,0.0,,11.79541224566836,12.642822265625,7.632131509176727,,
1173,947500.0,1757500.0,0.0,0.0,0.0,,11.568659472996686,12.62540054321289,6.915445119775888,,
1174,947500.0,1762500.0,0.0,0.0,0.0,,8.31660357222425,19.950611114501953,5.041919842528143,,
1175,947500.0,1767500.0,0.0,0.0,0.0,,7.358904227923462,3.538100004196167,0.6453336016995278,,
1176,947500.0,1772500.0,0.0,0.0,0.0,,9.327938677922976,8.960577964782715,1.6150200726655382,,
1177,947500.0,1777500.0,0.0,0.0,0.0,,7.479130118986276,5.203400135040283,0.8708854105518548,,
1178,947500.0,1782500.0,0.0,0.0,0.0,,4.479138098037232,8.785255432128906,3.3369748022387333,,
1179,947500.0,1787500.0,0.0,0.0,0.0,,4.7707963750078415,64.20145416259766,34.5649778610456,,
1180,947500.0,1792500.0,0.0,0.0,0.0,,8.418680358361033,35.683311462402344,17.52465315703571,,
1181,947500.0,1797500.0,0.0,0.0,0.0,,12.99953306471889,58.873634338378906,22.301660635662014,,
1182,947500.0,1802500.0,0.0,0.0,0.0,,17.807345136914307,66.63409423828125,23.76930124277667,,
1183,947500.0,1807500.0,0.0,0.0,0.0,,22.698352842214156,7.711955547332764,2.406607111328482,,
1184,947500.0,1812500.0,0.0,0.0,0.0,,27.628407530549374,59.728057861328125,17.761532112421285,,
1185,947500.0,1817500.0,0.0,0.0,0.0,,29.80385888007117,34.53244400024414,20.610662325473143,,
1186,947500.0,1822500.0,0.0,0.0,0.0,,27.895569159665598,139.38323974609375,54.688167497019,,
1187,947500.0,1827500.0,0.0,0.0,0.0,,26.796558610018852,228.123046875,66.90404095106081,,
1194,952500.0,1592500.0,0.0,0.0,0.0,,3.429527471648973,206.46717834472656,126.90945473063069,0.09519383609294893,0.05964583158493042
1198,952500.0,1612500.0,0.0,0.0,0.0,,2.0515823591260967,-1.0,4.880852434192667,,
1199,952500.0,1617500.0,17.0,5.0,12.0,산록하사면,0.5172142515903159,14.541177749633789,33.36856530559757,,
1200,952500.0,1622500.0,0.0,0.0,0.0,,2.4687536251374196,80.42713165283203,74.94058501848802,,
1201,952500.0,1627500.0,0.0,0.0,0.0,,4.073106697163661,10.795766830444336,20.501551574592305,,
1202,952500.0,1632500.0,0.0,0.0,0.0,,8.450874022151625,529.9102172851562,69.526386226928,,
1203,952500.0,1637500.0,0.0,0.0,0.0,,12.809382709822762,294.75177001953125,118.92811103474881,,
1204,952500.0,1642500.0,0.0,0.0,0.0,,16.982923570032707,154.53646850585938,4.029563231704531,,
1205,952500.0,1647500.0,0.0,0.0,0.0,,20.493023970415283,179.0224609375,13.133752665298033,,
1206,952500.0,1652500.0,9.0,1.0,0.0,평지,24.357887772499197,163.6206512451172,80.25352008668476,,
1207,952500.0,1657500.0,34.0,5.0,28.0,산록하평지,28.571834946279875,90.16346740722656,39.23542279681111,,
1208,952500.0,1662500.0,2.0,1.0,0.0,산록하사면,32.312352971266435,65.05133056640625,37.041472893593685,,
1209,952500.0,1667500.0,41.0,10.0,20.0,평지,35.7827366336893,198.86317443847656,21.17671028115216,,
1210,952500.0,1672500.0,124.0,20.0,120.0,평지,38.97662168998179,51.48813247680664,13.37113258830001,,
1211,952500.0,1677500.0,8.0,2.0,8.0,산록하평지,42.14754838010417,315.24945068359375,92.16798980248507,,
1212,952500.0,1682500.0,0.0,0.0,0.0,,44.87070984068915,489.096923828125,94.45295377737298,,
1213,952500.0,1687500.0,0.0,0.0,0.0,,46.952443861207676,203.16384887695312,114.44472651269909,,
1214,952500.0,1692500.0,6.0,2.0,1.0,구릉정상부,42.855942545711095,42.98023223876953,5.561016137036846,,
1215,952500.0,1697500.0,1.0,1.0,0.0,평지,38.97090759044139,82.44056701660156,31.80232369105553,,
1216,952500.0,1702500.0,3.0,1.0,3.0,평지,35.36709580053407,49.882965087890625,12.538123620229596,,
1217,952500.0,1707500.0,17.0,7.0,12.0,구릉정상,32.13924847138753,147.42025756835938,45.70635043431726,,
1218,952500.0,1712500.0,1.0,1.0,1.0,평지,29.411411378018194,548.5120849609375,130.28678105839342,,
1219,952500.0,1717500.0,0.0,0.0,0.0,,27.333696167705714,278.7513427734375,55.278809978262935,,
1220,952500.0,1722500.0,0.0,0.0,0.0,,26.06205619535577,260.4145202636719,25.733154081138338,,
1221,952500.0,1727500.0,5.0,3.0,7.0,산록하사면,25.71634888687183,383.0464782714844,32.81726603176468,,
1222,952500.0,1732500.0,0.0,0.0,0.0,,25.975236128073217,114.8846664428711,23.934062538190023,,
1223,952500.0,1737500.0,6.0,1.0,6.0,산록하사면,22.515002527237275,83.29825592041016,24.48496344282658,,
1224,952500.0,1742500.0,0.0,0.0,0.0,,19.726575620057364,60.61006546020508,34.709186119177595,,
1225,952500.0,1747500.0,0.0,0.0,0.0,,17.79647208969771,26.28416633605957,4.970487969398039,,
1226,952500.0,1752500.0,65.0,16.0,68.0,평지,16.765035643964612,20.01174545288086,7.951063034280228,,
1227,952500.0,1757500.0,0.0,0.0,0.0,,15.234383768089348,16.94001007080078,4.15979673241553,,
1228,952500.0,1762500.0,25.0,3.0,9.0,평지(추정),12.925711788974752,19.373245239257812,5.350751653129257,,
1229,952500.0,1767500.0,0.0,0.0,0.0,,12.331326032096365,5.090177536010742,0.2367906087556071,,
1230,952500.0,1772500.0,0.0,0.0,0.0,,13.676592344881605,22.21748924255371,0.49205397886950775,,
1231,952500.0,1777500.0,0.0,0.0,0.0,,11.152964055264981,9.69445514678955,1.2257105737625074,,
1232,952500.0,1782500.0,0.0,0.0,0.0,,9.408182501556484,21.57743263244629,2.7203841141187,,
1233,952500.0,1787500.0,0.0,0.0,0.0,,9.460204337949586,11.67774486541748,1.388238260882947,,
1234,952500.0,1792500.0,0.0,0.0,0.0,,11.730692521766395,3.1859333515167236,1.8400144607936046,,
1235,952500.0,1797500.0,0.0,0.0,0.0,,15.353267664073726,9.10854434967041,10.494680415862108,,
1236,952500.0,1802500.0,0.0,0.0,0.0,,19.59174593774526,9.412322044372559,30.569536393801304,,
1237,952500.0,1807500.0,0.0,0.0,0.0,,24.12364379221397,112.4203109741211,32.737115641392904,,
1238,952500.0,1812500.0,0.0,0.0,0.0,,28.810829053293308,46.85806655883789,35.348622055505935,,
1239,952500.0,1817500.0,0.0,0.0,0.0,,33.58835440539705,63.69287872314453,46.99785757305472,,
1240,952500.0,1822500.0,0.0,0.0,0.0,,32.69279190748319,11.501855850219727,26.35682686675214,,
1241,952500.0,1827500.0,0.0,0.0,0.0,,31.760217526088944,192.41082763671875,73.38451286181484,,
1249,957500.0,1597500.0,0.0,0.0,0.0,,0.11105909524725276,22.037981033325195,48.79195080781987,,
1254,957500.0,1622500.0,0.0,0.0,0.0,,2.5287293826152992,-4.0,0.673145600891813,,
1255,957500.0,1627500.0,0.0,0.0,0.0,,1.8069802536766815,29.044334411621094,24.711415039907234,,
1256,957500.0,1632500.0,0.0,0.0,0.0,,5.924780526346558,433.3512268066406,117.0529617650479,,
1257,957500.0,1637500.0,0.0,0.0,0.0,,9.965842289004033,229.33392333984375,52.92173968061414,,
1258,957500.0,1642500.0,0.0,0.0,0.0,,13.43017190431384,205.29434204101562,50.28988744390337,,
1259,957500.0,1647500.0,0.0,0.0,0.0,,17.419967192201646,276.4919128417969,74.45955413561451,,
1260,957500.0,1652500.0,8.0,1.0,8.0,,21.828841298547566,157.54434204101562,27.47842652611121,,
1261,957500.0,1657500.0,2.0,1.0,0.0,산록하사면,25.26509619972659,156.18936157226562,29.675962692959917,,
1262,957500.0,1662500.0,5.0,2.0,6.0,평지,28.71656616724391,414.23150634765625,28.059156224843832,,
1263,957500.0,1667500.0,0.0,0.0,0.0,,32.57233886127854,300.8892822265625,180.28088932901042,,
1264,957500.0,1672500.0,4.0,3.0,2.0,산록하평지,36.705222317133774,183.706787109375,32.68481058178936,,
1265,957500.0,1677500.0,7.0,3.0,5.0,산록하사면,41.031566285074646,383.0372009277344,81.33995815192118,,
1266,957500.0,1682500.0,10.0,2.0,7.0,산록하평지,45.496214328916786,398.8341064453125,144.2987100837328,,
1267,957500.0,1687500.0,0.0,0.0,0.0,,49.865794367715424,159.45567321777344,84.22914216094676,,
1268,957500.0,1692500.0,0.0,0.0,0.0,,46.02930886798879,89.18807983398438,52.38382751917718,,
1269,957500.0,1697500.0,17.0,4.0,16.0,산록하사면,42.4357997663075,222.6565704345703,12.171177007540276,,
1270,957500.0,1702500.0,178.0,18.0,118.0,구릉정상부,39.15222763454942,94.3513412475586,38.1900034549002,,
1271,957500.0,1707500.0,9.0,3.0,0.0,산록하사면,36.262883995747046,106.24089813232422,44.74876195865895,,
1272,957500.0,1712500.0,0.0,0.0,0.0,,33.86881430800965,346.40582275390625,92.06015651204517,,
1273,957500.0,1717500.0,1.0,1.0,0.0,산록하사면,32.08109115307444,371.34814453125,66.64049267228154,,
1274,957500.0,1722500.0,2.0,2.0,1.0,지석묘는 고암마을에서 원항마을로 넘어가는 고,31.004777640120295,273.08050537109375,21.1387259435416,,
1275,957500.0,1727500.0,0.0,0.0,0.0,,30.714753188894996,278.372802734375,87.46571981037077,,
1276,957500.0,1732500.0,0.0,0.0,0.0,,29.56000756088807,353.53350830078125,48.278608144177625,,
1277,957500.0,1737500.0,0.0,0.0,0.0,,26.570782711318472,94.43586730957031,31.790994881241403,,
1278,957500.0,1742500.0,4.0,1.0,4.0,,24.252316990398473,280.664306640625,137.66123279872633,,
1279,957500.0,1747500.0,3.0,2.0,3.0,구릉사면,22.623348850632347,102.98359680175781,17.13189439647463,,
1280,957500.0,1752500.0,0.0,0.0,0.0,,21.735690319809837,147.65744018554688,37.17470666235908,,
1281,957500.0,1757500.0,0.0,0.0,0.0,,19.493449645138025,29.647533416748047,10.876775989475753,,
1282,957500.0,1762500.0,0.0,0.0,0.0,,17.747736631067873,19.438310623168945,8.513092127565788,,
1283,957500.0,1767500.0,9.0,2.0,7.0,구릉정상부,17.319634291288175,7.013088703155518,0.6578504189822841,,
1284,957500.0,1772500.0,0.0,0.0,0.0,,18.13048637888065,21.711599349975586,4.629700689439329,,
1285,957500.0,1777500.0,0.0,0.0,0.0,,15.58331887305582,27.123977661132812,17.976155190585576,,
1286,957500.0,1782500.0,0.0,0.0,0.0,,14.379317836564335,147.92193603515625,74.06519583203453,,
1287,957500.0,1787500.0,0.0,0.0,0.0,,14.36072540576319,19.728012084960938,8.98158765216462,,
1288,957500.0,1792500.0,0.0,0.0,0.0,,15.948169647461059,7.163044452667236,0.8142342864413427,,
1289,957500.0,1797500.0,27.0,2.0,16.0,구릉정상부,18.773859380230377,3.8434557914733887,0.48825984611077317,,
1290,957500.0,1802500.0,0.0,0.0,0.0,,22.373454738889343,5.622955322265625,2.4094107009947954,,
1291,957500.0,1807500.0,0.0,0.0,0.0,,26.432653250810745,19.56363296508789,7.59892392874811,,
1292,957500.0,1812500.0,0.0,0.0,0.0,,30.770096502969594,140.4815216064453,39.080224947349116,,
1293,957500.0,1817500.0,0.0,0.0,0.0,,35.28331786732262,96.23121643066406,30.562266493650643,,
1294,957500.0,1822500.0,0.0,0.0,0.0,,37.542968804695114,36.455223083496094,39.69532764503058,,
1295,957500.0,1827500.0,0.0,0.0,0.0,,36.73373492130632,62.64695739746094,20.352794227793893,,
1305,962500.0,1607500.0,0.0,0.0,0.0,,1.7900053621459524,-1.25,1.6161367124412662,,
1309,962500.0,1627500.0,0.0,0.0,0.0,,0.9043102418854626,-4.0,0.9762812094883317,,
1310,962500.0,1632500.0,0.0,0.0,0.0,,2.9563315842201616,111.35342407226562,45.62567865499315,,
1311,962500.0,1637500.0,0.0,0.0,0.0,,6.368733135977927,238.55308532714844,33.54042660916672,,
1312,962500.0,1642500.0,0.0,0.0,0.0,,10.658509146081236,158.66336059570312,16.805129035882533,,
1313,962500.0,1647500.0,0.0,0.0,0.0,,15.357031499168116,209.8242645263672,19.95452208014298,,
1314,962500.0,1652500.0,0.0,0.0,0.0,,18.236282993613763,387.7510681152344,91.83934272601019,,
1315,962500.0,1657500.0,0.0,0.0,0.0,,21.65359332488318,341.45062255859375,91.01417695460295,,
1316,962500.0,1662500.0,0.0,0.0,0.0,,25.59676132513026,263.6974792480469,75.57698365637779,,
1317,962500.0,1667500.0,0.0,0.0,0.0,,29.858169347633204,140.42373657226562,33.142219488137115,,
1318,962500.0,1672500.0,1.0,1.0,1.0,평지,34.31947498503148,211.5367889404297,78.75044498164881,,
1319,962500.0,1677500.0,0.0,0.0,0.0,,38.9119833689374,212.47775268554688,59.63799855123875,,
1320,962500.0,1682500.0,20.0,5.0,15.0,산록하사면,42.93791953234994,286.3961486816406,29.741755350598925,,
1321,962500.0,1687500.0,5.0,2.0,5.0,산록하평지,47.0789726969105,254.70816040039062,41.7902893635071,,
1322,962500.0,1692500.0,1.0,1.0,0.0,산록하평지,49.50517890330398,296.62127685546875,77.09341408607288,,
1323,962500.0,1697500.0,18.0,5.0,12.0,산록하사면,46.1829250393429,105.87108612060547,27.00052393520577,,
1324,962500.0,1702500.0,1.0,1.0,0.0,산록하사면,43.185210340242605,134.46475219726562,13.939091892917885,,
1325,962500.0,1707500.0,0.0,0.0,0.0,,40.58401432919652,154.65191650390625,10.932295512145634,,
1326,962500.0,1712500.0,0.0,0.0,0.0,,38.459875793011356,164.10208129882812,87.81473181794934,,
1327,962500.0,1717500.0,0.0,0.0,0.0,,36.895282529820705,279.709716796875,36.45987555338557,,
1328,962500.0,1722500.0,0.0,0.0,0.0,,35.963338275203604,405.5120544433594,179.25177074410084,,
1329,962500.0,1727500.0,0.0,1.0,0.0,산록하사면,35.71360422637509,212.0522003173828,73.84621983915929,,
1330,962500.0,1732500.0,0.0,0.0,0.0,,33.50933007522472,247.54490661621094,46.86127699305132,,
1331,962500.0,1737500.0,0.0,0.0,0.0,,30.904492375424976,236.98500061035156,48.79497616566235,,
1332,962500.0,1742500.0,0.0,0.0,0.0,,28.879534005071317,221.91265869140625,14.224015789324188,,
1333,962500.0,1747500.0,0.0,0.0,0.0,,27.471630215567984,540.369384765625,148.24675480733254,,
1334,962500.0,1752500.0,0.0,0.0,0.0,,26.323281195235197,61.919857025146484,23.497044621386028,,
1335,962500.0,1757500.0,0.0,0.0,0.0,,24.039607096240974,63.69860076904297,16.577922734010404,,
1336,962500.0,1762500.0,0.0,0.0,0.0,,22.647081176166083,29.135845184326172,14.097493339906464,,
1337,962500.0,1767500.0,0.0,0.0,0.0,,22.313176875068077,10.178299903869629,1.4195664277440274,,
1338,962500.0,1772500.0,0.0,0.0,0.0,,22.297214090914625,26.14598846435547,8.600681955498004,,
1339,962500.0,1777500.0,0.0,0.0,0.0,,20.280311806790415,106.6627197265625,43.03242684308734,,
1340,962500.0,1782500.0,0.0,0.0,0.0,,19.350839848524867,45.94446563720703,27.277992142801217,,
1341,962500.0,1787500.0,0.0,0.0,0.0,,19.31231219309859,33.626644134521484,7.8234726056257164,,
1342,962500.0,1792500.0,0.0,0.0,0.0,,20.520211577081035,16.990345001220703,5.581179246215123,,
1343,962500.0,1797500.0,0.0,0.0,0.0,,22.785801809298622,13.873922348022461,3.9761367251228465,,
1344,962500.0,1802500.0,0.0,0.0,0.0,,25.83227525823272,5.436988830566406,0.5628337375744294,,
1345,962500.0,1807500.0,0.0,0.0,0.0,,29.418023827945483,16.635822296142578,5.128533797338686,,
1346,962500.0,1812500.0,0.0,0.0,0.0,,33.36965398181458,25.764556884765625,9.901600081584682,,
1347,962500.0,1817500.0,0.0,0.0,0.0,,37.57189758037914,84.98677825927734,29.34145976169962,,
1348,962500.0,1822500.0,0.0,0.0,0.0,,41.94950737154092,55.59980010986328,25.693340803739243,,
1349,962500.0,1827500.0,0.0,0.0,0.0,,40.070436638168545,36.319541931152344,19.968927195674024,,
1359,967500.0,1607500.0,0.0,0.0,0.0,,2.0340354655710757,107.2662582397461,77.7656187483675,,
1360,967500.0,1612500.0,0.0,0.0,0.0,,1.6043480343616736,-2.5139286518096924,8.110564098754168,,
1361,967500.0,1617500.0,0.0,0.0,0.0,,1.9800975375182377,27.031856536865234,42.845054590284235,,
1362,967500.0,1622500.0,0.0,0.0,0.0,,2.06264297991969,7.88032341003418,30.47680546346613,,
1364,967500.0,1632500.0,0.0,0.0,0.0,,0.4532238664229356,-0.25,21.65778041102432,,
1365,967500.0,1637500.0,0.0,0.0,0.0,,4.436927533297888,96.75343322753906,68.48427726707484,,
1366,967500.0,1642500.0,0.0,0.0,0.0,,8.734579593060925,74.68438720703125,51.04110149868199,,
1367,967500.0,1647500.0,0.0,0.0,0.0,,11.260503934766618,130.4754638671875,5.986733111445076,,
1368,967500.0,1652500.0,0.0,0.0,0.0,,14.598460032522379,171.27157592773438,52.91474153544805,,
1369,967500.0,1657500.0,0.0,0.0,0.0,,18.693076840836344,158.44967651367188,60.8263298369544,,
1370,967500.0,1662500.0,0.0,0.0,0.0,,23.146213691091486,280.4692077636719,5.644992918551172,,
1371,967500.0,1667500.0,43.0,5.0,40.0,산록하평지,27.78602696842299,304.4285583496094,75.62818634055031,,
1372,967500.0,1672500.0,65.0,10.0,59.0,평지,31.95762679044703,292.9188232421875,71.50509476735645,,
1373,967500.0,1677500.0,42.0,2.0,3.0,산록하사면,35.97297105477088,206.5946502685547,29.43320217203144,,
1374,967500.0,1682500.0,5.0,1.0,0.0,산록하평지,40.20969264912714,223.08860778808594,29.296383177415898,,
1375,967500.0,1687500.0,0.0,0.0,0.0,,44.60475444800874,462.57354736328125,136.70857071950277,,
1376,967500.0,1692500.0,0.0,0.0,0.0,,49.115668129396774,254.72610473632812,37.36691088774581,,
1377,967500.0,1697500.0,0.0,0.0,0.0,,50.149058102550505,92.52427673339844,19.01277956147841,,
1378,967500.0,1702500.0,13.0,9.0,16.0,구릉정상부,47.40282539590249,121.05998992919922,42.83741655675327,,
1379,967500.0,1707500.0,13.0,2.0,13.0,구릉정상,45.04583979077147,92.10264587402344,35.24153803542853,,
1380,967500.0,1712500.0,18.0,7.0,20.0,산록하평지,43.14194605482328,114.00456237792969,23.11934401971621,,
1381,967500.0,1717500.0,0.0,0.0,0.0,,41.7531715722137,216.74310302734375,73.90909559197489,,
1382,967500.0,1722500.0,48.0,4.0,51.0,산록하평지,40.931982156745676,414.22454833984375,182.21370156554278,,
1383,967500.0,1727500.0,14.0,5.0,12.0,산 정상부,40.49375149684972,299.7326965332031,126.20258686321573,,
1384,967500.0,1732500.0,20.0,1.0,17.0,산록하사면,37.708836592779676,409.36273193359375,120.12983002114201,,
1385,967500.0,1737500.0,0.0,0.0,0.0,,35.414245778687715,222.56344604492188,21.340453909913627,,
1386,967500.0,1742500.0,11.0,3.0,11.0,산록하사면,33.604923425273476,239.0973663330078,39.8695814987548,,
1387,967500.0,1747500.0,0.0,0.0,0.0,,32.35387641690611,225.74655151367188,152.44949676170572,,
1388,967500.0,1752500.0,0.0,0.0,0.0,,30.672842436877783,121.53018188476562,90.54245978971288,,
1389,967500.0,1757500.0,0.0,0.0,0.0,,28.73692467220087,55.835243225097656,24.081227705237982,,
1390,967500.0,1762500.0,0.0,0.0,0.0,,27.582574500469747,46.6163215637207,13.206511950520039,,
1391,967500.0,1767500.0,0.0,0.0,0.0,,27.309082601438305,17.18079948425293,2.349530731088744,,
1392,967500.0,1772500.0,0.0,0.0,0.0,,26.751018225431846,39.3028564453125,8.361933590017829,,
1393,967500.0,1777500.0,0.0,0.0,0.0,,25.094666103814724,98.91789245605469,2.790961675343258,,
1394,967500.0,1782500.0,0.0,0.0,0.0,,24.322361860485398,254.8460693359375,45.550761452801844,,
1395,967500.0,1787500.0,0.0,0.0,0.0,,24.283747040102288,251.43267822265625,62.02723209939407,,
1396,967500.0,1792500.0,0.0,0.0,0.0,,25.25498072127838,50.8121452331543,8.048010708697072,,
1397,967500.0,1797500.0,0.0,0.0,0.0,,27.127987985779715,18.953500747680664,16.83849137209688,,
1398,967500.0,1802500.0,0.0,0.0,0.0,,29.732833922804506,17.566810607910156,11.646319412117773,,
1399,967500.0,1807500.0,0.0,0.0,0.0,,32.89612582061207,15.429200172424316,10.65105320317944,,
1400,967500.0,1812500.0,0.0,0.0,0.0,,36.47284983285521,23.248554229736328,6.337288210963211,,
1401,967500.0,1817500.0,0.0,0.0,0.0,,40.35322113356593,73.79792785644531,65.40385014133287,,
1402,967500.0,1822500.0,0.0,0.0,0.0,,44.457801753786,131.03231811523438,77.59471469320154,,
1403,967500.0,1827500.0,0.0,0.0,0.0,,42.83801434320291,104.2402114868164,56.16871538076397,,
1413,972500.0,1607500.0,0.0,0.0,0.0,,2.7957338275910084,240.4939727783203,82.58592968867096,,
1415,972500.0,1617500.0,0.0,0.0,0.0,,1.140137748118243,8.217209815979004,17.99172626162428,,
1416,972500.0,1622500.0,0.0,0.0,0.0,,0.3019320828244986,-0.49024856090545654,0.43436105711962436,,
1417,972500.0,1627500.0,0.0,0.0,0.0,,0.9888426535440383,42.73093032836914,17.133647378260683,,
1419,972500.0,1637500.0,0.0,0.0,0.0,,2.250875490927427,214.49913024902344,64.04935456527929,,
1420,972500.0,1642500.0,0.0,0.0,0.0,,4.351720167337316,21.868267059326172,49.44100509426765,,
1421,972500.0,1647500.0,0.0,0.0,0.0,,7.573108130938118,261.74822998046875,80.01129762388335,,
1422,972500.0,1652500.0,0.0,0.0,0.0,,11.986160904106862,172.81759643554688,79.76171469249559,,
1423,972500.0,1657500.0,0.0,0.0,0.0,,16.732726606127247,139.2577362060547,10.278951017508428,,
1424,972500.0,1662500.0,0.0,0.0,0.0,,21.187611625391785,159.37106323242188,71.45035972868965,,
1425,972500.0,1667500.0,0.0,0.0,0.0,,24.933504022064835,293.563720703125,72.12245779776944,,
1426,972500.0,1672500.0,0.0,0.0,0.0,,29.059324824369355,358.7000732421875,143.9036125181252,,
1427,972500.0,1677500.0,0.0,0.0,0.0,,33.424677944268886,220.7754364013672,102.25216813458744,,
1428,972500.0,1682500.0,0.0,0.0,0.0,,37.94698712820269,476.5825500488281,23.639703136914946,,
1429,972500.0,1687500.0,2.0,1.0,0.0,산록하사면,42.57626766800804,514.10888671875,23.60340977981598,,
1430,972500.0,1692500.0,0.0,0.0,0.0,,47.28110938808176,182.0987091064453,78.3327196396016,,
1431,972500.0,1697500.0,0.0,0.0,0.0,,50.96084759169689,201.0467071533203,30.998531614683294,,
1432,972500.0,1702500.0,0.0,0.0,0.0,,51.75995864466894,75.31230163574219,12.571590170484455,,
1433,972500.0,1707500.0,0.0,0.0,0.0,,49.61041368341199,91.99312591552734,50.06336660180575,,
1434,972500.0,1712500.0,3.0,1.0,7.0,구릉정상부,47.88833858864497,115.81566619873047,18.414572299347103,,
1435,972500.0,1717500.0,0.0,0.0,0.0,,46.64110633038345,289.36090087890625,43.93237166093971,,
1436,972500.0,1722500.0,0.0,0.0,0.0,,45.90743541806237,172.19387817382812,73.09978764803616,,
1437,972500.0,1727500.0,6.0,2.0,4.0,산록하평지(추정),44.59624496949512,210.36500549316406,24.154338468730742,,
1438,972500.0,1732500.0,16.0,3.0,1.0,산록하사면,42.083696513870535,248.55670166015625,40.9505946565642,,
1439,972500.0,1737500.0,1.0,1.0,0.0,,40.01675336481899,283.97674560546875,31.88181777915624,,
1440,972500.0,1742500.0,2.0,2.0,0.0,산록하사면,38.399925422934324,337.8235778808594,14.518098111107285,,
1441,972500.0,1747500.0,17.0,8.0,13.0,구릉정상,37.26736067526059,323.3116455078125,38.54352998554455,,
1442,972500.0,1752500.0,10.0,1.0,1.0,산록하평지,35.19561611098232,175.45889282226562,109.22927368134263,,
1443,972500.0,1757500.0,0.0,0.0,0.0,,33.52191775376008,189.89215087890625,75.02234031880906,,
1444,972500.0,1762500.0,0.0,0.0,0.0,,32.53777107221808,57.47570037841797,25.994549808888248,,
1445,972500.0,1767500.0,0.0,0.0,0.0,,32.30625516531262,125.970703125,49.336423436446836,,
1446,972500.0,1772500.0,0.0,0.0,0.0,,31.36986126808169,84.49534606933594,24.667118482369613,,
1447,972500.0,1777500.0,0.0,0.0,0.0,,29.969876321787726,140.7704620361328,13.464127731915468,,
1448,972500.0,1782500.0,0.0,0.0,0.0,,29.297127119347095,149.69874572753906,33.97286026312658,,
1449,972500.0,1787500.0,0.0,0.0,0.0,,29.264916510587366,276.3733215332031,35.53100906008059,,
1450,972500.0,1792500.0,0.0,0.0,0.0,,30.07572142602925,133.0330352783203,35.22838988535081,,
1451,972500.0,1797500.0,0.0,0.0,0.0,,31.664849600473087,58.779747009277344,27.9903030085728,,
1452,972500.0,1802500.0,0.0,0.0,0.0,,33.923095099725884,58.15562057495117,48.14262608863959,,
1453,972500.0,1807500.0,4.0,2.0,1.0,산록하사면,36.727238693774844,229.66448974609375,45.75602966493077,,
1454,972500.0,1812500.0,0.0,0.0,0.0,,39.96252923669845,147.13690185546875,150.4315725236751,,
1455,972500.0,1817500.0,0.0,0.0,0.0,,43.532946418987585,535.8536376953125,128.72274746410253,,
1456,972500.0,1822500.0,0.0,0.0,0.0,,47.362760739244386,149.07528686523438,89.95703968614717,,
1457,972500.0,1827500.0,0.0,0.0,0.0,,45.984247882980924,62.6440315246582,29.252704843523603,,
1462,977500.0,1582500.0,0.0,0.0,0.0,,18.484594524175648,70.8851089477539,23.06310330172107,0.334389853477478,0.17966710031032562
1469,977500.0,1617500.0,0.0,0.0,0.0,,2.443547300550808,160.91769409179688,45.97178007353491,,
1470,977500.0,1622500.0,0.0,0.0,0.0,,0.235942022489974,199.913818359375,63.411782982555536,,
1471,977500.0,1627500.0,0.0,0.0,0.0,,0.04297915154967064,42.25461196899414,39.08918425452461,,
1472,977500.0,1632500.0,0.0,0.0,0.0,,0.0008928335399601112,73.7395248413086,8.58505413267181,,
1473,977500.0,1637500.0,0.0,0.0,0.0,,1.5613954965410486,-1.0,7.036940141715692,,
1474,977500.0,1642500.0,14.0,3.0,9.0,산록하평지,1.260515055288443,6.466744422912598,31.120963135633254,,
1475,977500.0,1647500.0,0.0,0.0,0.0,,6.156702417761281,67.47198486328125,96.35818039901199,,
1476,977500.0,1652500.0,0.0,0.0,0.0,,11.14545069152102,439.3132019042969,102.37040871911634,,
1477,977500.0,1657500.0,0.0,0.0,0.0,,14.11752808140514,272.5177001953125,40.81521120270277,,
1478,977500.0,1662500.0,0.0,0.0,0.0,,17.946290300759895,264.01165771484375,106.84504779896773,,
1479,977500.0,1667500.0,0.0,0.0,0.0,,22.244866194001588,264.37530517578125,119.01121386315793,,
1480,977500.0,1672500.0,0.0,0.0,0.0,,26.788034799494355,262.6964416503906,32.453685720765066,,
1481,977500.0,1677500.0,0.0,0.0,0.0,,31.470042021719742,80.25741577148438,4.3854822150092865,,
1482,977500.0,1682500.0,0.0,0.0,0.0,,36.23698485477245,88.38361358642578,38.64778292205532,,
1483,977500.0,1687500.0,0.0,0.0,0.0,,40.28991819127871,158.74862670898438,101.78371179527329,,
1484,977500.0,1692500.0,0.0,0.0,0.0,,43.88987504957875,410.0753173828125,71.32295277673558,,
1485,977500.0,1697500.0,0.0,0.0,0.0,,47.5752088460039,302.71978759765625,131.4503833944689,,
1486,977500.0,1702500.0,0.0,0.0,0.0,,51.48281132197561,170.29803466796875,142.49708870827249,,
1487,977500.0,1707500.0,0.0,0.0,0.0,,54.25180742816494,284.04150390625,77.14231240740607,,
1488,977500.0,1712500.0,20.0,2.0,30.0,구릉정상,52.68167077992235,149.94451904296875,29.334388256123223,,
1489,977500.0,1717500.0,0.0,0.0,0.0,,51.55054086142604,168.42518615722656,4.609607313477451,,
1490,977500.0,1722500.0,0.0,0.0,0.0,,50.88770077383128,157.0292510986328,57.30914335569635,,
1491,977500.0,1727500.0,4.0,1.0,3.0,평지,48.866207346895855,387.36676025390625,48.04250744914705,,
1492,977500.0,1732500.0,20.0,1.0,11.0,산록하사면,46.58453249053981,286.185302734375,21.27111098401613,,
1493,977500.0,1737500.0,0.0,0.0,0.0,,44.683374357015325,322.32122802734375,56.425343972788575,,
1494,977500.0,1742500.0,0.0,0.0,0.0,,43.238734196833924,306.2223205566406,51.81929746261001,,
1495,977500.0,1747500.0,24.0,8.0,20.0,산록하사면,41.85274121545122,396.0093078613281,5.356003091134854,,
1496,977500.0,1752500.0,17.0,2.0,1.0,산록하사면,39.83264394571048,350.14739990234375,102.62966995130839,,
1497,977500.0,1757500.0,0.0,0.0,0.0,,38.3617921917624,219.1320037841797,25.33935518480815,,
1498,977500.0,1762500.0,0.0,0.0,0.0,,37.504862039769975,111.57506561279297,44.24452806520516,,
1499,977500.0,1767500.0,0.0,0.0,0.0,,37.30418546330151,385.3133544921875,41.99964159071091,,
1500,977500.0,1772500.0,0.0,0.0,0.0,,36.090433855247525,273.6739196777344,76.81204584832314,,
1501,977500.0,1777500.0,0.0,0.0,0.0,,34.88043443858688,161.0789337158203,62.56682522383813,,
1502,977500.0,1782500.0,0.0,0.0,0.0,,34.27909896002454,131.0655517578125,30.73548753901815,,
1503,977500.0,1787500.0,0.0,0.0,0.0,,34.25157378042097,314.2905578613281,30.74633276854017,,
1504,977500.0,1792500.0,0.0,0.0,0.0,,34.946873785219864,72.03038024902344,49.086255100624086,,
1505,977500.0,1797500.0,0.0,0.0,0.0,,36.323513985909365,131.9899139404297,68.2436677170256,,
1506,977500.0,1802500.0,0.0,0.0,0.0,,38.308110749670476,225.23191833496094,50.15684278769787,,
1507,977500.0,1807500.0,0.0,0.0,0.0,,40.81206966245996,188.03054809570312,0.2760283090925368,,
1508,977500.0,1812500.0,0.0,0.0,0.0,,43.74629939843999,149.99563598632812,35.05630629727798,,
1509,977500.0,1817500.0,0.0,0.0,0.0,,47.03033480619095,308.25042724609375,112.82611078314362,,
1510,977500.0,1822500.0,0.0,0.0,0.0,,50.596107290056246,144.34841918945312,54.91101982831023,,
1511,977500.0,1827500.0,0.0,0.0,0.0,,49.43689547148378,62.456356048583984,50.48125438644954,,
1512,982500.0,1562500.0,0.0,0.0,0.0,,1.149693454541481,59.04326248168945,48.57510716136865,,
1521,982500.0,1607500.0,0.0,0.0,0.0,,0.6221154227107447,26.42473793029785,5.635656210000911,,
1522,982500.0,1612500.0,0.0,0.0,0.0,,3.6376762477031077,39.70753479003906,35.57975548759811,,
1523,982500.0,1617500.0,0.0,0.0,0.0,,4.165657747883499,64.6147232055664,30.03173493290402,,
1524,982500.0,1622500.0,0.0,0.0,0.0,,3.7547781837892344,74.67923736572266,24.633266603932917,,
1525,982500.0,1627500.0,0.0,0.0,0.0,,1.2426498733085445,41.312801361083984,16.137698532770912,,
1526,982500.0,1632500.0,0.0,0.0,0.0,,1.3956325289645979,1.5,13.33681572997967,,
1527,982500.0,1637500.0,0.0,0.0,0.0,,0.417819436337225,18.025075912475586,8.380638705810098,,
1528,982500.0,1642500.0,0.0,0.0,0.0,,4.476209088847067,37.07809829711914,54.89865124124794,,
1529,982500.0,1647500.0,0.0,0.0,0.0,,5.189371391623673,102.86748504638672,163.08589959872194,,
1530,982500.0,1652500.0,0.0,0.0,0.0,,7.049419257647269,37.490623474121094,23.186182548399728,,
1531,982500.0,1657500.0,0.0,0.0,0.0,,11.066121646718608,311.9412841796875,82.19673489908415,,
1532,982500.0,1662500.0,0.0,0.0,0.0,,15.65962275183729,404.1925048828125,81.39032511449248,,
1533,982500.0,1667500.0,0.0,0.0,0.0,,20.43484834879392,757.280029296875,76.42256394984304,,
1534,982500.0,1672500.0,0.0,0.0,0.0,,25.23456654140533,205.39578247070312,77.39684633502476,,
1535,982500.0,1677500.0,0.0,0.0,0.0,,29.34503001805799,136.4873504638672,83.12650523227269,,
1536,982500.0,1682500.0,0.0,0.0,0.0,,33.31087925773673,164.54061889648438,165.5263303300653,,
1537,982500.0,1687500.0,0.0,0.0,0.0,,36.81893910029337,113.16393280029297,57.6722389250554,,
1538,982500.0,1692500.0,0.0,0.0,0.0,,40.530403912919056,335.5249328613281,129.81323622745654,,
1539,982500.0,1697500.0,0.0,0.0,0.0,,44.49486494212131,66.59093475341797,18.928882186893233,,
1540,982500.0,1702500.0,0.0,0.0,0.0,,48.65051254705205,54.76713180541992,2.079933621840394,,
1541,982500.0,1707500.0,0.0,0.0,0.0,,52.95235345066469,76.47258758544922,13.984511555272693,,
1542,982500.0,1712500.0,0.0,0.0,0.0,,57.36750910434733,114.61329650878906,25.25926287962356,,
1543,982500.0,1717500.0,0.0,0.0,0.0,,56.47586853240044,392.1185607910156,27.60953407939686,,
1544,982500.0,1722500.0,0.0,0.0,0.0,,55.72050725422443,140.076416015625,51.670695042085256,,
1545,982500.0,1727500.0,0.0,0.0,0.0,,53.26337743290805,147.3873291015625,18.009493029456934,,
1546,982500.0,1732500.0,0.0,0.0,0.0,,51.17235367657383,321.1809997558594,85.71496523165126,,
1547,982500.0,1737500.0,0.0,0.0,0.0,,49.41525410232754,251.2199249267578,24.142113482798536,,
1548,982500.0,1742500.0,0.0,0.0,0.0,,48.08671371445629,293.78094482421875,19.95294271675294,,
1549,982500.0,1747500.0,0.0,0.0,0.0,,46.36334842870645,277.08746337890625,41.605604825343164,,
1550,982500.0,1752500.0,0.0,0.0,0.0,,44.548262075863896,385.1793518066406,81.92944983378304,,
1551,982500.0,1757500.0,0.0,0.0,0.0,,43.23812242036037,439.3836669921875,40.53348444023777,,
1552,982500.0,1762500.0,0.0,0.0,0.0,,42.47967522117238,274.708251953125,127.5276743201749,,
1553,982500.0,1767500.0,0.0,0.0,0.0,,42.30260492398197,257.97998046875,88.22351242993828,,
1554,982500.0,1772500.0,0.0,0.0,0.0,,40.87750769972775,428.65667724609375,31.716446348956627,,
1555,982500.0,1777500.0,0.0,0.0,0.0,,39.813263198409935,431.73809814453125,63.45622602595004,,
1556,982500.0,1782500.0,0.0,0.0,0.0,,39.26565412131992,359.12091064453125,132.7377679740765,,
1557,982500.0,1787500.0,0.0,0.0,0.0,,39.24162680750626,471.7883605957031,135.48324730831584,,
1558,982500.0,1792500.0,0.0,0.0,0.0,,39.8499555259985,453.8680114746094,132.6598826733397,,
1559,982500.0,1797500.0,0.0,0.0,0.0,,41.06254541974383,231.4984893798828,54.71276547655534,,
1560,982500.0,1802500.0,0.0,0.0,0.0,,42.828101957394644,115.021728515625,37.506897617189296,,
1561,982500.0,1807500.0,0.0,0.0,0.0,,45.08170358579473,108.54006958007812,39.10975664563095,,
1562,982500.0,1812500.0,0.0,0.0,0.0,,47.754305346449364,122.84512329101562,73.98944802437586,,
1563,982500.0,1817500.0,0.0,0.0,0.0,,50.77979283185772,104.76032257080078,9.535792216487799,,
1564,982500.0,1822500.0,0.0,0.0,0.0,,54.098992975570766,147.3716278076172,74.91031886772996,,
1565,982500.0,1827500.0,0.0,0.0,0.0,,53.13626082397398,115.05775451660156,35.15794846284818,,
1571,987500.0,1587500.0,0.0,0.0,0.0,,18.291678922105817,43.228271484375,74.31497522377741,0.30288814306259154,0.15324103832244873
1575,987500.0,1607500.0,0.0,0.0,0.0,,2.595797652758171,-2.0,1.6806063510953546,,
1576,987500.0,1612500.0,0.0,0.0,0.0,,1.7318653967167745,29.316923141479492,56.63226813964819,,
1577,987500.0,1617500.0,0.0,0.0,0.0,,0.18686553073320045,0.3600081503391266,6.587557681997016,,
1578,987500.0,1622500.0,0.0,0.0,0.0,,0.24586279129979727,10.586349487304688,20.1485300023,,
1579,987500.0,1627500.0,0.0,0.0,0.0,,3.4602987055402314,111.93216705322266,61.572363518547675,,
1580,987500.0,1632500.0,0.0,0.0,0.0,,1.106993047440053,44.57177734375,21.912943091686287,,
1581,987500.0,1637500.0,0.0,0.0,0.0,,2.1720762179122906,26.37444496154785,7.847588268110958,,
1582,987500.0,1642500.0,0.0,0.0,0.0,,0.26700901143025146,1.5864009857177734,1.0198257556703811,,
1583,987500.0,1647500.0,0.0,0.0,0.0,,0.28986998967410565,59.517757415771484,43.64253119875097,,
1584,987500.0,1652500.0,0.0,0.0,0.0,,4.6327118428153895,314.15155029296875,172.6710891209216,,
1585,987500.0,1657500.0,0.0,0.0,0.0,,9.48494522652194,257.6277160644531,94.31927287790899,,
1586,987500.0,1662500.0,0.0,0.0,0.0,,14.433491806563639,206.7850799560547,38.97102383061941,,
1587,987500.0,1667500.0,0.0,0.0,0.0,,18.68111521460959,226.83999633789062,78.99135670700448,,
1588,987500.0,1672500.0,0.0,0.0,0.0,,22.303989684007398,207.25625610351562,31.832348981063408,,
1589,987500.0,1677500.0,40.0,7.0,41.0,산록하사면,26.380899264185413,373.2536926269531,91.91149962290773,,
1590,987500.0,1682500.0,0.0,0.0,0.0,,29.748065837539556,143.9702606201172,45.41891737520334,,
1591,987500.0,1687500.0,0.0,0.0,0.0,,33.49666828130584,65.68516540527344,40.60533534076195,,
1592,987500.0,1692500.0,0.0,0.0,0.0,,37.53806269403221,166.6792755126953,120.25996844821763,,
1593,987500.0,1697500.0,0.0,0.0,0.0,,41.787384647694154,229.80807495117188,126.12842197484773,,
1594,987500.0,1702500.0,0.0,0.0,0.0,,46.18728050629954,102.0140151977539,26.83483810344514,,
1595,987500.0,1707500.0,0.0,0.0,0.0,,50.698562557935006,175.50503540039062,45.22470232203489,,
1596,987500.0,1712500.0,0.0,0.0,0.0,,55.2939744485247,94.96703338623047,15.835696657647661,,
1597,987500.0,1717500.0,0.0,0.0,0.0,,59.954173959678194,217.60296630859375,28.028958777029896,,
1598,987500.0,1722500.0,0.0,0.0,0.0,,60.03212543096136,128.22427368164062,11.015266743310272,,
1599,987500.0,1727500.0,0.0,0.0,0.0,,57.75870956532027,146.04498291015625,5.4482025809189425,,
1600,987500.0,1732500.0,0.0,0.0,0.0,,55.80248210823472,157.6498565673828,15.159312171648702,,
1601,987500.0,1737500.0,0.0,0.0,0.0,,54.195301752698285,256.259033203125,30.600746389185115,,
1602,987500.0,1742500.0,0.0,0.0,0.0,,52.95672656382382,461.1888732910156,142.76318370377618,,
1603,987500.0,1747500.0,0.0,0.0,0.0,,50.96536282413522,321.808837890625,85.61143670179668,,
1604,987500.0,1752500.0,0.0,0.0,0.0,,49.31993293034735,331.49383544921875,22.981119804500885,,
1605,987500.0,1757500.0,0.0,0.0,0.0,,48.139831332402665,512.8352661132812,11.510268328658501,,
1606,987500.0,1762500.0,1.0,1.0,0.0,,47.459782312716044,660.0903930664062,42.73691936404246,,
1607,987500.0,1767500.0,0.0,0.0,0.0,,47.17304913674805,844.002685546875,181.82666896543344,,
1608,987500.0,1772500.0,0.0,0.0,0.0,,45.7101942199178,470.57489013671875,87.90720821237088,,
1609,987500.0,1777500.0,0.0,0.0,0.0,,44.761000283585794,589.7057495117188,43.46789855327164,,
1610,987500.0,1782500.0,0.0,0.0,0.0,,44.255243323691026,354.66912841796875,152.25015283424662,,
1611,987500.0,1787500.0,0.0,0.0,0.0,,44.23392637516554,219.23709106445312,45.93527523811825,,
1612,987500.0,1792500.0,0.0,0.0,0.0,,44.77447848370801,281.0905456542969,69.56215586726925,,
1613,987500.0,1797500.0,0.0,0.0,0.0,,45.85703440490343,214.2134246826172,57.34963718598502,,
1614,987500.0,1802500.0,0.0,0.0,0.0,,47.44450743064958,328.6846923828125,21.545841876154217,,
1615,987500.0,1807500.0,0.0,0.0,0.0,,49.488331617275485,215.32168579101562,35.128601927045466,,
1616,987500.0,1812500.0,0.0,0.0,0.0,,51.93465747635094,117.39080047607422,42.36317766319384,,
1617,987500.0,1817500.0,0.0,0.0,0.0,,54.72953798553721,54.56196594238281,32.32630080979124,,
1618,987500.0,1822500.0,0.0,0.0,0.0,,57.82245246472019,83.55225372314453,29.47195674669407,,
1619,987500.0,1827500.0,0.0,0.0,0.0,,57.03435626750221,99.80352020263672,45.315408715186855,,
1630,992500.0,1612500.0,0.0,0.0,0.0,,1.5059844816097756,-4.0,12.052331924438477,,
1631,992500.0,1617500.0,0.0,0.0,0.0,,0.32640814135388313,9.996882438659668,13.111033467550236,,
1632,992500.0,1622500.0,0.0,0.0,0.0,,0.41239650664986177,32.623512268066406,41.03602078590948,,
1633,992500.0,1627500.0,0.0,0.0,0.0,,3.1689929720682892,58.71888732910156,19.16159955146837,,
1634,992500.0,1632500.0,0.0,0.0,0.0,,0.3540409889233595,28.579345703125,25.408198521313135,,
1635,992500.0,1637500.0,0.0,0.0,0.0,,2.0411014844196833,-1.5,0.9013878188659973,,
1636,992500.0,1642500.0,0.0,0.0,0.0,,1.6341806468453657,7.734967231750488,16.858919237448436,,
1638,992500.0,1652500.0,0.0,0.0,0.0,,4.421426375421599,150.0506591796875,79.03157466543844,,
1639,992500.0,1657500.0,0.0,0.0,0.0,,9.033162135829185,288.7423400878906,47.01973235514932,,
1640,992500.0,1662500.0,0.0,0.0,0.0,,11.63276556649801,79.91693115234375,87.75418349479521,,
1641,992500.0,1667500.0,0.0,0.0,0.0,,15.290687521752968,415.44464111328125,71.37104690387213,,
1642,992500.0,1672500.0,0.0,0.0,0.0,,19.421153436518956,285.7422180175781,128.21501372082372,,
1643,992500.0,1677500.0,0.0,0.0,0.0,,22.677313899094496,163.3685760498047,50.007818622391866,,
1644,992500.0,1682500.0,0.0,0.0,0.0,,26.48282331156021,318.69940185546875,119.86490106725226,,
1645,992500.0,1687500.0,0.0,0.0,0.0,,30.633630137882275,125.93767547607422,116.18692964927396,,
1646,992500.0,1692500.0,0.0,0.0,0.0,,35.00712299372545,462.872314453125,106.57418315084524,,
1647,992500.0,1697500.0,1.0,1.0,0.0,,39.52945768880562,86.54728698730469,24.263423523058755,,
1648,992500.0,1702500.0,0.0,0.0,0.0,,44.154924867384004,437.403564453125,162.86444280460108,,
1649,992500.0,1707500.0,0.0,0.0,0.0,,48.85423988680593,267.0467529296875,143.50872102744952,,
1650,992500.0,1712500.0,0.0,0.0,0.0,,53.60798559721146,143.12051391601562,47.96892701289947,,
1651,992500.0,1717500.0,0.0,0.0,0.0,,58.25672053255767,254.71311950683594,83.39832093067224,,
1652,992500.0,1722500.0,0.0,0.0,0.0,,62.70862101205106,173.59774780273438,33.56479806661819,,
1653,992500.0,1727500.0,0.0,0.0,0.0,,62.33092863831027,274.43280029296875,114.60258845208891,,
1654,992500.0,1732500.0,0.0,0.0,0.0,,60.49115971369932,223.5291290283203,58.47079809087681,,
1655,992500.0,1737500.0,0.0,0.0,0.0,,59.01181344556737,615.2281494140625,138.52586623586853,,
1656,992500.0,1742500.0,0.0,0.0,0.0,,57.535977975625265,526.1180419921875,68.40918615099807,,
1657,992500.0,1747500.0,0.0,0.0,0.0,,55.63610642442417,441.4788818359375,48.90715770224003,,
1658,992500.0,1752500.0,0.0,0.0,0.0,,54.13283582566194,352.0429992675781,53.42850657862933,,
1659,992500.0,1757500.0,0.0,0.0,0.0,,53.059885893076384,418.45391845703125,86.25727047800055,,
1660,992500.0,1762500.0,0.0,0.0,0.0,,52.44367519009801,486.2835693359375,34.546349650115346,,
1661,992500.0,1767500.0,5.0,2.0,3.0,산록하사면,51.90132738899219,513.6065673828125,78.37646083436232,,
1662,992500.0,1772500.0,29.0,2.0,28.0,산록하사면,50.57541967699242,348.1296081542969,35.09910720047114,,
1663,992500.0,1777500.0,0.0,0.0,0.0,,49.71919514904152,477.55364990234375,147.46363379785043,,
1664,992500.0,1782500.0,0.0,0.0,0.0,,49.246944369199916,262.64947509765625,44.29580230588556,,
1665,992500.0,1787500.0,0.0,0.0,0.0,,49.22778900811551,386.5843200683594,39.054711882706705,,
1666,992500.0,1792500.0,0.0,0.0,0.0,,49.7140713636693,251.53025817871094,92.54743822484588,,
1667,992500.0,1797500.0,0.0,0.0,0.0,,50.69124749378801,200.91123962402344,6.358776009863773,,
1668,992500.0,1802500.0,0.0,0.0,0.0,,52.13172022292123,301.5882873535156,55.79935183048029,,
1669,992500.0,1807500.0,0.0,0.0,0.0,,53.99842529486764,125.14849853515625,51.97111727459109,,
1670,992500.0,1812500.0,0.0,0.0,0.0,,56.24894323673883,97.32315063476562,69.63870394836201,,
1671,992500.0,1817500.0,0.0,0.0,0.0,,58.83924962280138,42.78804397583008,13.324856966949698,,
1672,992500.0,1822500.0,0.0,0.0,0.0,,61.7265824187505,34.90067672729492,9.622026045558465,,
1673,992500.0,1827500.0,0.0,0.0,0.0,,61.09315326076521,38.77320861816406,8.761819831851463,,
1683,997500.0,1607500.0,0.0,0.0,0.0,,0.582086694787419,65.74439239501953,28.67787382358368,,
1684,997500.0,1612500.0,0.0,0.0,0.0,,3.954885429668044,66.65693664550781,29.671194339682835,,
1686,997500.0,1622500.0,0.0,0.0,0.0,,2.174738339839046,93.69062042236328,87.3268323782498,,
1687,997500.0,1627500.0,0.0,0.0,0.0,,0.3936429127526892,62.47998809814453,19.15139870635092,,
1689,997500.0,1637500.0,0.0,0.0,0.0,,6.65616676942329,-4.5,0.625,,
1690,997500.0,1642500.0,0.0,0.0,0.0,,4.724339222218346,1.75,3.268293327885184,,
1691,997500.0,1647500.0,0.0,0.0,0.0,,1.588970812622039,-0.25,6.336895927818288,,
1692,997500.0,1652500.0,0.0,0.0,0.0,,2.545575858676471,29.558666229248047,45.9578773854582,,
1693,997500.0,1657500.0,0.0,0.0,0.0,,4.6506839858267774,71.18055725097656,54.27165881886051,,
1694,997500.0,1662500.0,0.0,0.0,0.0,,8.375099638301366,120.40730285644531,62.3435877793347,,
1695,997500.0,1667500.0,0.0,0.0,0.0,,12.456300210963217,176.00816345214844,116.05577173345787,,
1696,997500.0,1672500.0,0.0,0.0,0.0,,15.606848185381342,274.6730041503906,113.4903620483963,,
1697,997500.0,1677500.0,0.0,0.0,0.0,,19.51033252291701,325.54473876953125,64.18785118443098,,
1698,997500.0,1682500.0,0.0,0.0,0.0,,23.82713663090984,75.65489959716797,76.19671485575165,,
1699,997500.0,1687500.0,0.0,0.0,0.0,,28.36920522153023,67.34024047851562,134.82216222602486,,
1700,997500.0,1692500.0,0.0,0.0,0.0,,33.04377656646635,62.193843841552734,22.228049217257617,,
1701,997500.0,1697500.0,0.0,0.0,0.0,,37.801726609346865,268.05169677734375,135.15316795892838,,
1702,997500.0,1702500.0,0.0,0.0,0.0,,42.61513697644365,208.71006774902344,55.87504402295175,,
1703,997500.0,1707500.0,0.0,0.0,0.0,,47.08186014613061,710.3834228515625,101.93204716501663,,
1704,997500.0,1712500.0,0.0,0.0,0.0,,51.528896910804576,405.0749206542969,125.46297685830683,,
1705,997500.0,1717500.0,0.0,0.0,0.0,,56.069179402492146,233.9633026123047,89.10798126805369,,
1706,997500.0,1722500.0,0.0,0.0,0.0,,60.68178096342735,261.5056457519531,130.05545776388746,,
1707,997500.0,1727500.0,0.0,0.0,0.0,,65.35139021411784,656.7709350585938,67.98341649384777,,
1708,997500.0,1732500.0,0.0,0.0,0.0,,65.22609751914261,536.7704467773438,47.243337933210356,,
1709,997500.0,1737500.0,0.0,0.0,0.0,,63.8541195430355,808.350341796875,67.33797868745893,,
1710,997500.0,1742500.0,0.0,0.0,0.0,,62.1151905083269,733.82470703125,141.53352618776108,,
1711,997500.0,1747500.0,0.0,0.0,0.0,,60.3596261448326,829.28466796875,126.88041978334505,,
1712,997500.0,1752500.0,0.0,0.0,0.0,,58.97687720456362,407.3387451171875,98.54944302057775,,
1713,997500.0,1757500.0,0.0,0.0,0.0,,57.99361707343657,335.3392028808594,82.86758379371483,,
1714,997500.0,1762500.0,1.0,1.0,0.0,산록하사면,57.43036825337801,346.47210693359375,63.999293189878365,,
1715,997500.0,1767500.0,0.0,0.0,0.0,,56.6762649141654,357.8184814453125,38.299886939800146,,
1716,997500.0,1772500.0,0.0,0.0,0.0,,55.464622016067295,305.13140869140625,53.10650780406146,,
1717,997500.0,1777500.0,0.0,0.0,0.0,,54.68500330209168,476.6559143066406,39.25494459530732,,
1718,997500.0,1782500.0,0.0,0.0,0.0,,54.240174204799935,320.94635009765625,58.22461502531651,,
1719,997500.0,1787500.0,23.0,4.0,26.0,산록하평지,54.222782837950234,236.87110900878906,77.15393836799865,,
1720,997500.0,1792500.0,0.0,0.0,0.0,,54.66464908527243,156.48867797851562,6.526468158418652,,
1721,997500.0,1797500.0,0.0,0.0,0.0,,55.55481563771445,260.3839111328125,25.26575320038671,,
1722,997500.0,1802500.0,0.0,0.0,0.0,,56.87223594571351,380.1042785644531,19.27208798528834,,
1723,997500.0,1807500.0,0.0,0.0,0.0,,58.588095227523596,160.19345092773438,70.73560288797769,,
1724,997500.0,1812500.0,0.0,0.0,0.0,,60.66859635193351,130.4285430908203,95.04582511418268,,
1725,997500.0,1817500.0,0.0,0.0,0.0,,63.07766850667758,177.81817626953125,50.50211563556175,,
1726,997500.0,1822500.0,0.0,0.0,0.0,,65.77922122648437,163.1311798095703,50.143164683437504,,
1727,997500.0,1827500.0,0.0,0.0,0.0,,65.28268496192788,76.47906494140625,24.544331793580078,,
1744,1002500.0,1642500.0,0.0,0.0,0.0,,3.1968931966732157,-2.75,1.0,,
1745,1002500.0,1647500.0,0.0,0.0,0.0,,0.9070738937502237,50.24641418457031,42.229935106255446,,
1746,1002500.0,1652500.0,0.0,0.0,0.0,,0.3105828118299643,43.83580017089844,100.98246094819815,,
1747,1002500.0,1657500.0,0.0,0.0,0.0,,2.5378346242870156,7.005066871643066,16.62980201770517,,
1748,1002500.0,1662500.0,0.0,0.0,0.0,,5.529333358635992,33.633087158203125,35.5898760555799,,
1749,1002500.0,1667500.0,0.0,0.0,0.0,,8.537379860649125,139.0135955810547,53.23382732636037,,
1750,1002500.0,1672500.0,0.0,0.0,0.0,,12.647775288890518,540.5504150390625,60.45895939954921,,
1751,1002500.0,1677500.0,0.0,0.0,0.0,,17.235010433171254,686.8321533203125,107.22112007661833,,
1752,1002500.0,1682500.0,0.0,0.0,0.0,,22.002839578217497,302.7550048828125,115.53908964030066,,
1753,1002500.0,1687500.0,0.0,0.0,0.0,,26.855247427235273,121.79472351074219,173.86174802379094,,
1754,1002500.0,1692500.0,0.0,0.0,0.0,,31.639089120999557,321.63983154296875,66.56591209153686,,
1755,1002500.0,1697500.0,0.0,0.0,0.0,,35.910411059065815,817.1907958984375,218.10327893479248,,
1756,1002500.0,1702500.0,0.0,0.0,0.0,,40.34951405476404,818.4556884765625,64.07688768678688,,
1757,1002500.0,1707500.0,0.0,0.0,0.0,,44.906669287313264,1008.2496948242188,135.37266924134886,,
1758,1002500.0,1712500.0,0.0,0.0,0.0,,49.54931491458433,543.336181640625,70.49615836638586,,
1759,1002500.0,1717500.0,0.0,0.0,0.0,,54.255509126071,470.0601501464844,4.7946616578533074,,
1760,1002500.0,1722500.0,0.0,0.0,0.0,,59.01004942002419,355.99188232421875,76.39204987375838,,
1761,1002500.0,1727500.0,0.0,0.0,0.0,,63.80212844865147,402.61541748046875,25.952292051326147,,
1762,1002500.0,1732500.0,0.0,0.0,0.0,,68.62388255267072,461.60968017578125,71.9235741662542,,
1763,1002500.0,1737500.0,0.0,0.0,0.0,,68.70206405204468,512.1273193359375,75.600840325529,,
1764,1002500.0,1742500.0,1.0,1.0,0.0,,66.75481272657315,553.54150390625,73.50496789103852,,
1765,1002500.0,1747500.0,0.0,0.0,0.0,,65.12443933438557,356.6042785644531,38.01728323281746,,
1766,1002500.0,1752500.0,0.0,0.0,0.0,,63.84496984944299,448.2472839355469,76.21594769017338,,
1767,1002500.0,1757500.0,0.0,0.0,0.0,,62.937808601305,422.22906494140625,23.01656343739135,,
1768,1002500.0,1762500.0,0.0,0.0,0.0,,62.41919038238735,520.0242309570312,86.91153213512818,,
1769,1002500.0,1767500.0,0.0,0.0,0.0,,61.48699231953016,330.3756408691406,70.77118093261186,,
1770,1002500.0,1772500.0,0.0,0.0,0.0,,60.37197624118762,269.3402099609375,79.84949241613934,,
1771,1002500.0,1777500.0,0.0,0.0,0.0,,59.65590325367699,316.751220703125,50.95269200878383,,
1772,1002500.0,1782500.0,0.0,0.0,0.0,,59.234546219507884,406.3285827636719,103.38026559511506,,
1773,1002500.0,1787500.0,0.0,0.0,0.0,,59.218621621543015,203.42807006835938,42.88584509720828,,
1774,1002500.0,1792500.0,0.0,0.0,0.0,,59.62347547468151,184.14857482910156,45.25580879377267,,
1775,1002500.0,1797500.0,0.0,0.0,0.0,,60.44065278109109,201.40359497070312,44.02649177596055,,
1776,1002500.0,1802500.0,0.0,0.0,0.0,,61.653760546530165,391.44378662109375,244.75270297980796,,
1777,1002500.0,1807500.0,0.0,0.0,0.0,,63.24001795108336,197.94772338867188,89.85857519453789,,
1778,1002500.0,1812500.0,0.0,0.0,0.0,,65.17218387761616,195.06521606445312,66.94211747155717,,
1779,1002500.0,1817500.0,0.0,0.0,0.0,,67.42052530425937,207.7068328857422,102.05890507870518,,
1780,1002500.0,1822500.0,0.0,0.0,0.0,,69.95456320517444,115.35272216796875,40.339212704183964,,
1781,1002500.0,1827500.0,0.0,0.0,0.0,,69.57933986704172,118.96449279785156,39.60572695386125,,
1795,1007500.0,1627500.0,0.0,0.0,0.0,,0.13091285704848113,20.25,9.372700411218885,,
1796,1007500.0,1632500.0,0.0,0.0,0.0,,2.2553319350638725,45.812644958496094,80.65831859072397,,
1797,1007500.0,1637500.0,0.0,0.0,0.0,,0.3675940461890372,63.08481979370117,17.21049599556553,,
1798,1007500.0,1642500.0,0.0,0.0,0.0,,1.0458777036308509,55.05508804321289,20.072360976658523,,
1799,1007500.0,1647500.0,0.0,0.0,0.0,,3.361465337308523,255.29122924804688,42.996174622424654,,
1800,1007500.0,1652500.0,0.0,0.0,0.0,,0.9420036281489466,46.146175384521484,40.180406081394,,
1801,1007500.0,1657500.0,0.0,0.0,0.0,,0.6129533691464534,6.945955276489258,12.876563480251779,,
1802,1007500.0,1662500.0,0.0,0.0,0.0,,1.4832395249903745,19.182811737060547,30.99421383387286,,
1803,1007500.0,1667500.0,2.0,2.0,1.0,산록하평지,6.267325136112377,88.46534729003906,90.07626694404252,,
1804,1007500.0,1672500.0,0.0,0.0,0.0,,11.24093987329344,303.3424072265625,45.142782565722186,,
1805,1007500.0,1677500.0,0.0,0.0,0.0,,16.230776140044895,666.71435546875,191.4732618943682,,
1806,1007500.0,1682500.0,0.0,0.0,0.0,,20.58854118236227,588.2269897460938,189.84856694979422,,
1807,1007500.0,1687500.0,3.0,2.0,3.0,구릉정상부,24.74699355562916,630.175048828125,30.485238463319728,,
1808,1007500.0,1692500.0,0.0,0.0,0.0,,29.17086478092268,435.1162109375,235.72372585464308,,
1809,1007500.0,1697500.0,0.0,0.0,0.0,,33.755962645011316,568.2939453125,180.2164535520457,,
1810,1007500.0,1702500.0,0.0,0.0,0.0,,38.44464430991557,1257.5506591796875,257.3124476524941,,
1811,1007500.0,1707500.0,0.0,0.0,0.0,,43.20319823971887,724.9973754882812,199.99082182509167,,
1812,1007500.0,1712500.0,0.0,0.0,0.0,,48.0108529414441,745.1275024414062,141.0099921839774,,
1813,1007500.0,1717500.0,0.0,0.0,0.0,,52.85421139502032,492.5740051269531,41.0411113848545,,
1814,1007500.0,1722500.0,0.0,0.0,0.0,,57.72428712607908,655.1439208984375,99.93631186132764,,
1815,1007500.0,1727500.0,0.0,0.0,0.0,,62.614846372394325,811.0572509765625,41.071177666932535,,
1816,1007500.0,1732500.0,0.0,0.0,0.0,,67.52143843449329,613.9478759765625,134.45837862990786,,
1817,1007500.0,1737500.0,0.0,0.0,0.0,,72.44080556073071,862.4141235351562,42.277930298834384,,
1818,1007500.0,1742500.0,0.0,0.0,0.0,,71.44307630858262,473.60015869140625,44.95886632185553,,
1819,1007500.0,1747500.0,27.0,2.0,12.0,구릉정상,69.92210472298568,359.8418273925781,19.107335112087497,,
1820,1007500.0,1752500.0,0.0,0.0,0.0,,68.73200350164683,618.5006103515625,58.836852762575745,,
1821,1007500.0,1757500.0,0.0,0.0,0.0,,67.89017514934402,516.3087158203125,59.483773182846505,,
1822,1007500.0,1762500.0,0.0,0.0,0.0,,67.40966887818709,488.4062194824219,89.94689004525002,,
1823,1007500.0,1767500.0,0.0,0.0,0.0,,66.32572234347143,421.2105712890625,13.926700454875268,,
1824,1007500.0,1772500.0,0.0,0.0,0.0,,65.29338967420689,388.21734619140625,109.97879425037029,,
1825,1007500.0,1777500.0,0.0,0.0,0.0,,64.62742526563753,201.53884887695312,24.490630734800153,,
1826,1007500.0,1782500.0,0.0,0.0,0.0,,64.22979397363024,330.4401550292969,46.13799077473909,,
1827,1007500.0,1787500.0,0.0,0.0,0.0,,64.215108150804,158.73666381835938,3.900093981146194,,
1828,1007500.0,1792500.0,0.0,0.0,0.0,,64.58865067288463,319.9915771484375,57.56520931064617,,
1829,1007500.0,1797500.0,0.0,0.0,0.0,,65.34376386977097,393.83770751953125,130.61261279925424,,
1830,1007500.0,1802500.0,1.0,1.0,0.0,,66.46744434377518,466.3255920410156,54.35614412488188,,
1831,1007500.0,1807500.0,0.0,0.0,0.0,,67.94140739282133,136.33551025390625,44.46800574032571,,
1832,1007500.0,1812500.0,0.0,0.0,0.0,,69.74344786029569,123.58767700195312,26.346630442823436,,
1833,1007500.0,1817500.0,0.0,0.0,0.0,,71.84888447544783,110.96028900146484,29.22897438362493,,
1834,1007500.0,1822500.0,0.0,0.0,0.0,,74.23190608687558,321.20562744140625,50.32866500172052,,
1835,1007500.0,1827500.0,0.0,0.0,0.0,,73.71974168216843,108.63607788085938,51.436923886174526,,
1849,1012500.0,1627500.0,0.0,0.0,0.0,,0.5777893574616121,25.74020767211914,15.481411926270441,,
1850,1012500.0,1632500.0,0.0,0.0,0.0,,0.443480728209866,0.5,8.597317728058961,,
1851,1012500.0,1637500.0,0.0,0.0,0.0,,1.6683621662784474,77.93177032470703,54.18893142235269,,
1852,1012500.0,1642500.0,0.0,0.0,0.0,,4.284680727563437,53.00294494628906,22.677940851025987,,
1853,1012500.0,1647500.0,0.0,0.0,0.0,,0.2694426710504045,1.229819416999817,13.357813729670937,,
1854,1012500.0,1652500.0,0.0,0.0,0.0,,3.3295479541666326,0.29486215114593506,4.845801793084499,,
1855,1012500.0,1657500.0,0.0,0.0,0.0,,0.847461338520099,16.786579132080078,55.939262151703346,,
1856,1012500.0,1662500.0,0.0,0.0,0.0,,3.241190753939067,213.76205444335938,84.00559527035381,,
1857,1012500.0,1667500.0,0.0,0.0,0.0,,7.297674592751483,338.70587158203125,109.45863847406562,,
1858,1012500.0,1672500.0,0.0,0.0,0.0,,9.835857645833535,381.24346923828125,172.8549988776616,,
1859,1012500.0,1677500.0,0.0,0.0,0.0,,13.611383385006318,833.3893432617188,107.7582247254447,,
1860,1012500.0,1682500.0,0.0,0.0,0.0,,17.99431631594127,300.6448059082031,172.59775619607072,,
1861,1012500.0,1687500.0,0.0,0.0,0.0,,22.63451085627154,80.8975830078125,142.44439152821687,,
1862,1012500.0,1692500.0,0.0,0.0,0.0,,27.401582869009562,180.35494995117188,140.09012998913573,,
1863,1012500.0,1697500.0,0.0,0.0,0.0,,32.23929908902677,504.3280029296875,255.35534803634607,,
1864,1012500.0,1702500.0,0.0,0.0,0.0,,37.120049404280785,1173.05419921875,128.07095691619367,,
1865,1012500.0,1707500.0,0.0,0.0,0.0,,42.02884402170455,668.2769775390625,153.11265643379153,,
1866,1012500.0,1712500.0,0.0,0.0,0.0,,46.95688865145661,601.513671875,144.01058034868453,,
1867,1012500.0,1717500.0,0.0,0.0,0.0,,51.8986999244665,707.6589965820312,217.65511455778008,,
1868,1012500.0,1722500.0,0.0,0.0,0.0,,56.85068791030011,552.0322875976562,114.86690755337284,,
1869,1012500.0,1727500.0,0.0,0.0,0.0,,61.810406711967744,324.00177001953125,58.27188289730452,,
1870,1012500.0,1732500.0,0.0,0.0,0.0,,66.77613375992497,418.24822998046875,94.23170074417774,,
1871,1012500.0,1737500.0,0.0,0.0,0.0,,71.7466215368216,737.0304565429688,159.92143716045211,,
1872,1012500.0,1742500.0,0.0,0.0,0.0,,76.17100027377919,844.942138671875,71.87037812567291,,
1873,1012500.0,1747500.0,0.0,0.0,0.0,,74.74629662509228,457.8135070800781,63.73562740569296,,
1874,1012500.0,1752500.0,0.0,0.0,0.0,,73.63420696676579,697.7428588867188,146.0957509962338,,
1875,1012500.0,1757500.0,0.0,0.0,0.0,,72.84904949333736,454.01800537109375,50.32013356349601,,
1876,1012500.0,1762500.0,0.0,0.0,0.0,,72.40146123208379,502.80633544921875,90.22511362838765,,
1877,1012500.0,1767500.0,0.0,0.0,0.0,,71.18674500400036,704.4694213867188,142.0226985726373,,
1878,1012500.0,1772500.0,0.0,0.0,0.0,,70.22590658032927,462.53668212890625,45.35063914069614,,
1879,1012500.0,1777500.0,0.0,0.0,0.0,,69.59894727759806,273.46563720703125,19.35300267931423,,
1880,1012500.0,1782500.0,0.0,0.0,0.0,,69.22572789042351,243.92530822753906,47.723515111241866,,
1881,1012500.0,1787500.0,0.0,0.0,0.0,,69.21210214177451,356.00579833984375,127.04094598133415,,
1882,1012500.0,1792500.0,0.0,0.0,0.0,,69.55881514091433,129.6335906982422,26.94581945133111,,
1883,1012500.0,1797500.0,0.0,0.0,0.0,,70.26053262488378,241.41122436523438,87.36536250889016,,
1884,1012500.0,1802500.0,0.0,0.0,0.0,,71.306774752872,141.38839721679688,71.51162176138128,,
1885,1012500.0,1807500.0,0.0,0.0,0.0,,72.6826651037322,123.08293151855469,13.30640591472256,,
1886,1012500.0,1812500.0,0.0,0.0,0.0,,74.36990982585468,247.3302459716797,131.58708469251883,,
1887,1012500.0,1817500.0,0.0,0.0,0.0,,76.34786944263881,117.13732147216797,16.80574602370066,,
1888,1012500.0,1822500.0,0.0,0.0,0.0,,78.59459809271047,219.337890625,122.57684851166495,,
1889,1012500.0,1827500.0,0.0,0.0,0.0,,77.8808226220771,361.9826965332031,39.776778862509495,,
1902,1017500.0,1622500.0,0.0,0.0,0.0,,4.892643185793017,23.29950523376465,17.116379466909063,,
1904,1017500.0,1632500.0,0.0,0.0,0.0,,3.5299937603824407,-3.25,2.2534695471649933,,
1905,1017500.0,1637500.0,0.0,0.0,0.0,,0.9527332778859916,-1.0121374130249023,27.692697865727812,,
1906,1017500.0,1642500.0,0.0,0.0,0.0,,4.981881038858175,124.39248657226562,18.776748323828087,,
1907,1017500.0,1647500.0,0.0,0.0,0.0,,1.1083886222294181,81.92115783691406,108.88977430954758,,
1908,1017500.0,1652500.0,0.0,0.0,0.0,,2.8541839309951036,-2.75,2.9501059303014867,,
1910,1017500.0,1662500.0,0.0,0.0,0.0,,2.230064237936122,111.36380004882812,149.93793364833815,,
1911,1017500.0,1667500.0,0.0,0.0,0.0,,2.850583320112017,125.4540023803711,97.84034087926207,,
1912,1017500.0,1672500.0,0.0,0.0,0.0,,6.8301894036274655,149.43887329101562,64.51992752596273,,
1913,1017500.0,1677500.0,0.0,0.0,0.0,,11.62657083210475,102.0753402709961,117.1222624809101,,
1914,1017500.0,1682500.0,0.0,0.0,0.0,,16.543966009952783,18.673166275024414,38.32082039488596,,
1915,1017500.0,1687500.0,0.0,0.0,0.0,,21.499499374706314,379.5899658203125,194.45949729445027,,
1916,1017500.0,1692500.0,0.0,0.0,0.0,,26.471761093427865,1021.4429931640625,42.2285546924371,,
1917,1017500.0,1697500.0,0.0,0.0,0.0,,31.452818592489372,1011.9285888671875,163.94559016727115,,
1918,1017500.0,1702500.0,0.0,0.0,0.0,,36.439065018693455,1445.20361328125,157.1301295701079,,
1919,1017500.0,1707500.0,0.0,0.0,0.0,,41.428626835330824,875.16015625,185.6619695605204,,
1920,1017500.0,1712500.0,0.0,0.0,0.0,,46.42043497734179,327.70758056640625,100.41297396420279,,
1921,1017500.0,1717500.0,0.0,0.0,0.0,,51.413835156601,597.2996215820312,161.05894428379864,,
1922,1017500.0,1722500.0,0.0,0.0,0.0,,56.40840458242606,365.0782470703125,179.35291427257056,,
1923,1017500.0,1727500.0,0.0,0.0,0.0,,61.40385793709699,309.72772216796875,117.28897321272551,,
1924,1017500.0,1732500.0,0.0,0.0,0.0,,65.70464129257788,840.4403076171875,113.17110396397086,,
1925,1017500.0,1737500.0,0.0,0.0,0.0,,70.01347152897122,430.06121826171875,91.77182222583232,,
1926,1017500.0,1742500.0,0.0,0.0,0.0,,74.40882006650689,444.01214599609375,55.249340364103034,,
1927,1017500.0,1747500.0,0.0,0.0,0.0,,78.8762246297421,725.3651733398438,195.6145648492023,,
1928,1017500.0,1752500.0,0.0,0.0,0.0,,78.54874006563445,887.4491577148438,167.5091153039336,,
1929,1017500.0,1757500.0,0.0,0.0,0.0,,77.81318745789059,765.457275390625,70.74893803674735,,
1930,1017500.0,1762500.0,0.0,0.0,0.0,,77.27793083009738,551.4097290039062,74.0707136925359,,
1931,1017500.0,1767500.0,0.0,0.0,0.0,,76.06578655444164,596.7459106445312,70.58711494116606,,
1932,1017500.0,1772500.0,0.0,0.0,0.0,,75.167341145676,847.5733032226562,191.63773013985553,,
1933,1017500.0,1777500.0,0.0,0.0,0.0,,74.5709238852414,329.2547912597656,48.78111446883691,,
1934,1017500.0,1782500.0,0.0,0.0,0.0,,74.2222094121627,376.1130676269531,37.295230525832984,,
1935,1017500.0,1787500.0,0.0,0.0,0.0,,74.20950108272794,208.55471801757812,40.5499314096312,,
1936,1017500.0,1792500.0,9.0,1.0,9.0,구릉사면,74.53297077047087,122.55670166015625,43.48688543648274,,
1937,1017500.0,1797500.0,0.0,0.0,0.0,,75.18827975686324,175.12298583984375,23.811396570964916,,
1938,1017500.0,1802500.0,2.0,1.0,2.0,구릉사면,76.16686348879543,117.5262451171875,21.760331316081537,,
1939,1017500.0,1807500.0,0.0,0.0,0.0,,77.45647019226517,268.8956298828125,40.66368662107013,,
1940,1017500.0,1812500.0,0.0,0.0,0.0,,79.04187785958611,190.99661254882812,114.11667653602906,,
1941,1017500.0,1817500.0,0.0,0.0,0.0,,80.90569903594056,167.826904296875,82.67107063150078,,
1942,1017500.0,1822500.0,0.0,0.0,0.0,,83.02918653954559,233.68453979492188,59.600312543000065,,
1943,1017500.0,1827500.0,0.0,0.0,0.0,,82.04079297107806,200.04820251464844,9.059459672914349,,
1954,1022500.0,1612500.0,0.0,0.0,0.0,,0.5084519126065514,51.98910140991211,61.24426613128632,,
1955,1022500.0,1617500.0,0.0,0.0,0.0,,0.05907292765753147,22.188982009887695,113.09414581724505,,
1956,1022500.0,1622500.0,0.0,0.0,0.0,,0.993471982723727,16.30602264404297,42.529566915236856,,
1957,1022500.0,1627500.0,0.0,0.0,0.0,,0.3828795197040238,136.3804931640625,14.852864027798821,,
1958,1022500.0,1632500.0,0.0,0.0,0.0,,2.3881283867701604,-1.0,5.308207837169447,,
1959,1022500.0,1637500.0,0.0,0.0,0.0,,0.012577549963448438,35.41962432861328,34.418205946465946,,
1960,1022500.0,1642500.0,0.0,0.0,0.0,,1.173294072674375,41.52845764160156,57.50162156669623,,
1961,1022500.0,1647500.0,0.0,0.0,0.0,,2.1603680367436517,170.22018432617188,122.32788037787212,,
1962,1022500.0,1652500.0,0.0,0.0,0.0,,2.830340804230082,-4.5,5.445364895479276,,
1963,1022500.0,1657500.0,0.0,0.0,0.0,,4.620507736217307,6.032222270965576,10.95033685505879,,
1964,1022500.0,1662500.0,0.0,0.0,0.0,,0.3054066212900431,45.83628845214844,4.31170792420237,,
1965,1022500.0,1667500.0,0.0,0.0,0.0,,2.604758036201324,171.76296997070312,72.76826466518641,,
1966,1022500.0,1672500.0,0.0,0.0,0.0,,6.823406696786276,84.5846176147461,87.4281533141186,,
1967,1022500.0,1677500.0,0.0,0.0,0.0,,11.622587533517306,182.7760009765625,84.98938896023463,,
1968,1022500.0,1682500.0,0.0,0.0,0.0,,16.541166917687395,445.0565185546875,161.92547379638341,,
1969,1022500.0,1687500.0,0.0,0.0,0.0,,21.497345534351908,543.372314453125,81.56485847643741,,
1970,1022500.0,1692500.0,0.0,0.0,0.0,,26.470011844497613,611.3746948242188,170.12670273048278,,
1971,1022500.0,1697500.0,0.0,0.0,0.0,,31.451346379326406,469.1070251464844,169.8131339737522,,
1972,1022500.0,1702500.0,0.0,0.0,0.0,,36.43779426772279,1128.6912841796875,192.03111026310367,,
1973,1022500.0,1707500.0,0.0,0.0,0.0,,41.363996491774145,1207.3968505859375,201.45791141931366,,
1974,1022500.0,1712500.0,1.0,1.0,0.0,,45.99952948116843,889.9240112304688,225.76552540647435,,
1975,1022500.0,1717500.0,28.0,6.0,12.0,구릉정상,50.435321592456944,331.8263854980469,43.70839067949627,,
1976,1022500.0,1722500.0,0.0,0.0,0.0,,54.57570862834754,267.2848205566406,19.838309204511113,,
1977,1022500.0,1727500.0,0.0,0.0,0.0,,58.849760241126084,207.471435546875,67.68695178325642,,
1978,1022500.0,1732500.0,0.0,0.0,0.0,,63.230377103017176,374.56219482421875,58.7666695033386,,
1979,1022500.0,1737500.0,0.0,0.0,0.0,,67.69687508845215,645.5756225585938,184.0732828149708,,
1980,1022500.0,1742500.0,0.0,0.0,0.0,,72.23332475314443,986.3192749023438,158.02558716143466,,
1981,1022500.0,1747500.0,0.0,0.0,0.0,,76.82733571486756,863.6132202148438,75.34173855290409,,
1982,1022500.0,1752500.0,0.0,0.0,0.0,,81.46917098631052,578.283935546875,103.47944892518956,,
1983,1022500.0,1757500.0,0.0,0.0,0.0,,82.78164212330492,1025.523681640625,166.38441296981503,,
1984,1022500.0,1762500.0,0.0,0.0,0.0,,82.09951165057329,1472.608154296875,111.855705323676,,
1985,1022500.0,1767500.0,0.0,0.0,0.0,,80.95958932718953,744.0428466796875,39.51469751958398,,
1986,1022500.0,1772500.0,0.0,0.0,0.0,,80.11604330464493,697.6049194335938,158.24384076341985,,
1987,1022500.0,1777500.0,0.0,0.0,0.0,,79.54594683051072,746.0032348632812,162.21764813082336,,
1988,1022500.0,1782500.0,0.0,0.0,0.0,,79.21913492387368,431.9852600097656,75.2606607881366,,
1989,1022500.0,1787500.0,0.0,0.0,0.0,,79.20722832552198,419.2821044921875,110.32322471720106,,
1990,1022500.0,1792500.0,0.0,0.0,0.0,,79.51036850584858,215.2095947265625,12.823388412774465,,
1991,1022500.0,1797500.0,0.0,0.0,0.0,,80.12497975575594,197.80386352539062,31.746524961707227,,
1992,1022500.0,1802500.0,0.0,0.0,0.0,,81.04397609807141,203.08285522460938,11.37203166728304,,
1993,1022500.0,1807500.0,0.0,0.0,0.0,,82.25715617932116,299.26214599609375,37.08386357676598,,
1994,1022500.0,1812500.0,0.0,0.0,0.0,,83.751736839505,143.28604125976562,62.37685743078687,,
1995,1022500.0,1817500.0,0.0,0.0,0.0,,85.51296454081196,271.9588928222656,74.90771673277635,,
1996,1022500.0,1822500.0,0.0,0.0,0.0,,87.52474384699809,260.2644348144531,151.58540868911442,,
1997,1022500.0,1827500.0,0.0,0.0,0.0,,85.88184459935705,149.82032775878906,17.888817046387853,,
2006,1027500.0,1602500.0,0.0,0.0,0.0,,8.250444390218407,14.929474830627441,57.205696890231366,0.34885034561157235,0.15264679491519928
2010,1027500.0,1622500.0,0.0,0.0,0.0,,1.0282354606453472,142.33340454101562,78.76366028406441,,
2018,1027500.0,1662500.0,0.0,0.0,0.0,,0.10897296432600273,-0.7937586903572083,3.60463894165278,,
2019,1027500.0,1667500.0,0.0,0.0,0.0,,4.824087096397038,61.509159088134766,63.43159484278128,,
2020,1027500.0,1672500.0,0.0,0.0,0.0,,9.646439315334295,296.03216552734375,25.64598579680525,,
2021,1027500.0,1677500.0,0.0,0.0,0.0,,13.601173943251913,39.36697769165039,62.271542070919004,,
2022,1027500.0,1682500.0,0.0,0.0,0.0,,17.252471027447424,102.86279296875,46.30401041386771,,
2023,1027500.0,1687500.0,0.0,0.0,0.0,,21.274967996927572,558.0865478515625,75.966162553724,,
2024,1027500.0,1692500.0,0.0,0.0,0.0,,25.64372769290128,446.13836669921875,217.15055311866277,,
2025,1027500.0,1697500.0,76.0,9.0,62.0,평지,30.20889400003005,642.3270874023438,164.08979122246296,,
2026,1027500.0,1702500.0,0.0,0.0,0.0,,34.89346333373102,513.6723022460938,87.27373539770097,,
2027,1027500.0,1707500.0,0.0,0.0,0.0,,39.43513343497793,501.4334716796875,123.85184381530568,,
2028,1027500.0,1712500.0,0.0,0.0,0.0,,43.473164793769605,463.6963806152344,126.96633539073582,,
2029,1027500.0,1717500.0,0.0,0.0,0.0,,47.69383990976176,247.17074584960938,119.16910760497466,,
2030,1027500.0,1722500.0,0.0,0.0,0.0,,52.05274895228607,151.2906036376953,53.22026382211829,,
2031,1027500.0,1727500.0,0.0,0.0,0.0,,56.517917350531,267.7474060058594,66.27541285416369,,
2032,1027500.0,1732500.0,0.0,0.0,0.0,,61.06604039720595,342.9842529296875,98.81506991781148,,
2033,1027500.0,1737500.0,0.0,0.0,0.0,,65.67988731678004,223.25787353515625,44.91524605759273,,
2034,1027500.0,1742500.0,0.0,0.0,0.0,,70.34652732080426,604.030029296875,153.58608138214933,,
2035,1027500.0,1747500.0,0.0,0.0,0.0,,75.05611376995476,624.1742553710938,112.02676871009601,,
2036,1027500.0,1752500.0,0.0,0.0,0.0,,79.80104336661351,406.93353271484375,73.4175545638408,,
2037,1027500.0,1757500.0,0.0,0.0,0.0,,84.57536775298033,563.7614135742188,140.24134180930216,,
2038,1027500.0,1762500.0,0.0,0.0,0.0,,86.94125046917559,1158.5191650390625,30.50052953639592,,
2039,1027500.0,1767500.0,0.0,0.0,0.0,,85.86562946784053,690.6572265625,46.59649229208871,,
2040,1027500.0,1772500.0,0.0,0.0,0.0,,85.07074476383198,574.6793212890625,101.68449539720814,,
2041,1027500.0,1777500.0,0.0,0.0,0.0,,84.52391747444275,377.62835693359375,59.36203698390333,,
2042,1027500.0,1782500.0,0.0,0.0,0.0,,84.21642539404577,435.4403991699219,65.91706988503994,,
2043,1027500.0,1787500.0,18.0,2.0,20.0,평지,84.20522541431346,450.2490234375,116.31462296450349,,
2044,1027500.0,1792500.0,44.0,2.0,27.0,구릉정상부,84.49043536400916,282.9025573730469,68.67024785184209,,
2045,1027500.0,1797500.0,0.0,0.0,0.0,,85.06907398652153,152.43624877929688,31.750458657952304,,
2046,1027500.0,1802500.0,0.0,0.0,0.0,,85.93521414326457,174.95205688476562,35.638103916571595,,
2047,1027500.0,1807500.0,0.0,0.0,0.0,,87.08027739260599,247.2398223876953,5.044754668053079,,
2048,1027500.0,1812500.0,0.0,0.0,0.0,,88.49343699787951,303.8927307128906,76.36953741890036,,
2049,1027500.0,1817500.0,0.0,0.0,0.0,,90.1620877787451,237.043212890625,75.67655481505425,,
2050,1027500.0,1822500.0,0.0,0.0,0.0,,92.07233978533729,203.3462371826172,47.31709502380876,,
2051,1027500.0,1827500.0,0.0,0.0,0.0,,89.8370232824582,146.94760131835938,12.151399099357622,,
2068,1032500.0,1642500.0,5.0,1.0,5.0,산록하평지,0.3093904918421895,10.095351219177246,39.32486054586702,,
2069,1032500.0,1647500.0,0.0,0.0,0.0,,1.798186009888436,163.20640563964844,148.35409557001833,,
2070,1032500.0,1652500.0,0.0,0.0,0.0,,2.239921910389794,172.05792236328125,117.1933904525756,,
2071,1032500.0,1657500.0,3.0,3.0,0.0,산록하사면,0.8899606404529162,14.67977523803711,25.504154977051414,,
2072,1032500.0,1662500.0,0.0,0.0,0.0,,0.9779602641408146,45.593570709228516,72.53533594792202,,
2073,1032500.0,1667500.0,0.0,0.0,0.0,,5.839555972272391,421.39361572265625,199.16923936945904,,
2074,1032500.0,1672500.0,0.0,0.0,0.0,,7.0174658878017,54.860389709472656,18.103244139975597,,
2075,1032500.0,1677500.0,16.0,3.0,19.0,산록하평지,10.208885061741078,188.32180786132812,58.62430156532824,,
2076,1032500.0,1682500.0,0.0,0.0,0.0,,14.463673147621245,228.3988037109375,136.42707780837407,,
2077,1032500.0,1687500.0,30.0,7.0,13.0,산록하사면,19.08335263098703,258.6656799316406,99.9470694542357,,
2078,1032500.0,1692500.0,0.0,0.0,0.0,,23.85688274599134,434.2285461425781,64.76180899484227,,
2079,1032500.0,1697500.0,1.0,1.0,1.0,,28.575126140307308,154.69158935546875,54.047206216926206,,
2080,1032500.0,1702500.0,0.0,0.0,0.0,,32.42412901044851,550.0531616210938,146.86974678012578,,
2081,1032500.0,1707500.0,0.0,0.0,0.0,,36.55284462580093,443.8883056640625,229.5277998019242,,
2082,1032500.0,1712500.0,39.0,11.0,12.0,산록하사면,40.876604046687625,361.6236572265625,218.10172050808768,,
2083,1032500.0,1717500.0,0.0,0.0,0.0,,45.33964122643026,130.39871215820312,43.80468584276867,,
2084,1032500.0,1722500.0,0.0,0.0,0.0,,49.90460274056041,176.22463989257812,76.94263078117453,,
2085,1032500.0,1727500.0,0.0,0.0,0.0,,54.545904363617296,338.3951416015625,125.26267624613584,,
2086,1032500.0,1732500.0,0.0,0.0,0.0,,59.245607356129106,375.2082824707031,68.35369923468417,,
2087,1032500.0,1737500.0,0.0,0.0,0.0,,63.99084543236129,368.9159851074219,21.09645910483359,,
2088,1032500.0,1742500.0,0.0,0.0,0.0,,68.77219356178838,367.40008544921875,68.56616632588113,,
2089,1032500.0,1747500.0,0.0,0.0,0.0,,73.58261286100014,313.4910583496094,108.17831566637884,,
2090,1032500.0,1752500.0,0.0,0.0,0.0,,78.41675346253223,353.2774658203125,4.224997643363065,,
2091,1032500.0,1757500.0,0.0,0.0,0.0,,83.27048415708471,454.2393798828125,100.79692820378509,,
2092,1032500.0,1762500.0,0.0,0.0,0.0,,88.14056863843703,620.1591796875,127.47295879638486,,
2093,1032500.0,1767500.0,0.0,0.0,0.0,,90.78192300116687,652.35009765625,37.455551271632345,,
2094,1032500.0,1772500.0,0.0,0.0,0.0,,90.03045503913857,513.1182250976562,105.2269050256398,,
2095,1032500.0,1777500.0,0.0,0.0,0.0,,89.50434399117388,773.0499267578125,168.97534097411608,,
2096,1032500.0,1782500.0,0.0,0.0,0.0,,89.21401949365833,921.3579711914062,189.76956801153193,,
2097,1032500.0,1787500.0,0.0,0.0,0.0,,89.20344699135407,753.2227783203125,55.782180412606166,,
2098,1032500.0,1792500.0,0.0,0.0,0.0,,89.4727256546026,381.75787353515625,32.062025458571256,,
2099,1032500.0,1797500.0,0.0,0.0,0.0,,90.01934412662784,302.787353515625,58.025031210916396,,
2100,1032500.0,1802500.0,0.0,0.0,0.0,,90.83829587741457,342.1043701171875,23.50046418868703,,
2101,1032500.0,1807500.0,0.0,0.0,0.0,,91.92230240174132,155.30316162109375,18.921354275193107,,
2102,1032500.0,1812500.0,0.0,0.0,0.0,,93.262121784579,212.2739715576172,16.317526083447582,,
2103,1032500.0,1817500.0,0.0,0.0,0.0,,94.84691371197121,249.47706604003906,40.54205361296091,,
2104,1032500.0,1822500.0,0.0,0.0,0.0,,96.664630147798,229.98866271972656,88.33914190013216,,
2105,1032500.0,1827500.0,0.0,0.0,0.0,,93.89190738672723,200.01084899902344,32.148006326306955,,
2121,1037500.0,1637500.0,0.0,0.0,0.0,,0.385339458981772,9.0,78.49368645828713,0.027600711584091185,0.01611485332250595
2122,1037500.0,1642500.0,0.0,0.0,0.0,,2.2937074930215697,179.09442138671875,198.86668905929156,,
2123,1037500.0,1647500.0,0.0,0.0,0.0,,1.7925389043152655,97.5013427734375,55.654019174540714,,
2124,1037500.0,1652500.0,0.0,0.0,0.0,,0.26517665558641934,-1.5,5.427218069134763,,
2125,1037500.0,1657500.0,0.0,0.0,0.0,,2.3770806809533895,147.0851593017578,160.3290116448069,,
2127,1037500.0,1667500.0,0.0,0.0,0.0,,1.2007807494048226,15.173744201660156,13.065364361414769,,
2128,1037500.0,1672500.0,0.0,0.0,0.0,,3.2855611171864756,38.61406707763672,16.96592522995078,,
2129,1037500.0,1677500.0,0.0,0.0,0.0,,8.109957988309638,218.77203369140625,108.1794041493131,,
2130,1037500.0,1682500.0,6.0,4.0,5.0,산록하사면,13.067054958540847,133.45510864257812,29.806365427063948,,
2131,1037500.0,1687500.0,0.0,0.0,0.0,,18.047837322153217,79.03759765625,19.037098692813736,,
2132,1037500.0,1692500.0,0.0,0.0,0.0,,21.51121165778834,196.48443603515625,45.42360664506954,,
2133,1037500.0,1697500.0,0.0,0.0,0.0,,25.44638550242262,150.835205078125,74.24553863971781,,
2134,1037500.0,1702500.0,0.0,0.0,0.0,,29.703616670190836,350.28936767578125,63.552859212558864,,
2135,1037500.0,1707500.0,0.0,0.0,0.0,,34.162715808925,123.4911880493164,61.648222479699676,,
2136,1037500.0,1712500.0,0.0,0.0,0.0,,38.75406378166178,238.57247924804688,66.38895156631442,,
2137,1037500.0,1717500.0,0.0,0.0,0.0,,43.43574297447718,347.0848388671875,41.53691093156883,,
2138,1037500.0,1722500.0,0.0,0.0,0.0,,48.181428744865784,352.0565490722656,98.52076114733138,,
2139,1037500.0,1727500.0,0.0,0.0,0.0,,52.97392173558905,578.7924194335938,105.66233006937276,,
2140,1037500.0,1732500.0,0.0,0.0,0.0,,57.801580360748346,811.4346313476562,76.02050864950863,,
2141,1037500.0,1737500.0,0.0,0.0,0.0,,62.65627662374923,282.151611328125,105.22121812343,,
2142,1037500.0,1742500.0,0.0,0.0,0.0,,67.5321797997334,197.92398071289062,11.085873952941734,,
2143,1037500.0,1747500.0,0.0,0.0,0.0,,72.42500684608359,237.09194946289062,43.50515856063076,,
2144,1037500.0,1752500.0,0.0,0.0,0.0,,77.33154547018306,338.20989990234375,61.94549967251139,,
2145,1037500.0,1757500.0,0.0,0.0,0.0,,82.24934183906109,371.84661865234375,116.43612075032611,,
2146,1037500.0,1762500.0,0.0,0.0,0.0,,87.17649075932374,519.593505859375,88.62078158770613,,
2147,1037500.0,1767500.0,0.0,0.0,0.0,,92.11149140721909,485.8868713378906,48.76161175960733,,
2148,1037500.0,1772500.0,0.0,0.0,0.0,,94.9943895945211,697.6250610351562,37.713943578873916,,
2149,1037500.0,1777500.0,0.0,0.0,0.0,,94.48683803236489,438.08343505859375,92.89525090637599,,
2150,1037500.0,1782500.0,0.0,0.0,0.0,,94.21186890343924,790.7355346679688,176.43947562944322,,
2151,1037500.0,1787500.0,0.0,0.0,0.0,,94.2018573235331,653.8316650390625,150.2821494808987,,
2152,1037500.0,1792500.0,0.0,0.0,0.0,,94.45688754203026,326.6403503417969,64.11186424844881,,
2153,1037500.0,1797500.0,0.0,0.0,0.0,,94.97482448023906,220.84121704101562,26.31727101725313,,
2154,1037500.0,1802500.0,0.0,0.0,0.0,,95.7514019008426,190.7775115966797,51.6714703109335,,
2155,1037500.0,1807500.0,0.0,0.0,0.0,,96.78039391788582,272.6004333496094,71.78448732945334,,
2156,1037500.0,1812500.0,0.0,0.0,0.0,,98.05385422218556,592.0630493164062,134.1046000273183,,
2157,1037500.0,1817500.0,0.0,0.0,0.0,,99.56240258626788,320.82635498046875,55.09061232009924,,
2158,1037500.0,1822500.0,0.0,0.0,0.0,,100.86114099495096,342.98260498046875,63.553419886189026,,
2159,1037500.0,1827500.0,0.0,0.0,0.0,,98.03412565623557,243.19583129882812,43.77689734042284,,
2175,1042500.0,1637500.0,0.0,0.0,0.0,,0.19154696893412237,120.99169921875,64.89855462593614,,
2176,1042500.0,1642500.0,0.0,0.0,0.0,,2.0526071808451976,64.57941436767578,94.47936592418345,,
2177,1042500.0,1647500.0,0.0,0.0,0.0,,0.9979949795232415,-1.5,6.825488822921579,,
2178,1042500.0,1652500.0,0.0,0.0,0.0,,0.1322778115047988,26.50211524963379,73.09706628856713,,
2180,1042500.0,1662500.0,0.0,0.0,0.0,,2.69677739029655,0.0,11.554896148386621,,
2181,1042500.0,1667500.0,0.0,0.0,0.0,,1.5538915797960369,15.130511283874512,14.393144712410836,,
2182,1042500.0,1672500.0,20.0,2.0,16.0,구릉정상,3.4812397984666617,44.13042449951172,14.08336800147469,,
2183,1042500.0,1677500.0,0.0,0.0,0.0,,7.13395326995025,146.6491241455078,35.88478712656583,,
2184,1042500.0,1682500.0,0.0,0.0,0.0,,11.054778400584249,54.932533264160156,52.609871390335755,,
2185,1042500.0,1687500.0,0.0,0.0,0.0,,14.454294172939198,77.57598876953125,29.002903980703135,,
2186,1042500.0,1692500.0,0.0,0.0,0.0,,18.539496438404118,45.982391357421875,25.319392753940615,,
2187,1042500.0,1697500.0,0.0,0.0,0.0,,22.989111256012794,90.7834243774414,63.16376306773986,,
2188,1042500.0,1702500.0,0.0,0.0,0.0,,27.62762285273688,123.05363464355469,38.96864648807863,,
2189,1042500.0,1707500.0,0.0,0.0,0.0,,32.37393786126124,347.8161315917969,89.45816793584254,,
2190,1042500.0,1712500.0,52.0,5.0,46.0,평지,37.186800894894674,257.47265625,93.21849135588658,,
2191,1042500.0,1717500.0,0.0,0.0,0.0,,42.043364148796115,369.0679626464844,89.62084534970306,,
2192,1042500.0,1722500.0,0.0,0.0,0.0,,46.930062615556025,944.8920288085938,71.57893614436496,,
2193,1042500.0,1727500.0,0.0,0.0,0.0,,51.838374639370635,413.6579895019531,159.38931338493015,,
2194,1042500.0,1732500.0,0.0,0.0,0.0,,56.76269367642342,246.93251037597656,62.665913691480235,,
2195,1042500.0,1737500.0,0.0,0.0,0.0,,61.69918720335961,255.39295959472656,37.52516982087887,,
2196,1042500.0,1742500.0,0.0,0.0,0.0,,66.64514993386202,465.8954772949219,36.23083717082076,,
2197,1042500.0,1747500.0,0.0,0.0,0.0,,71.59861952481126,391.14691162109375,77.0927935593725,,
2198,1042500.0,1752500.0,0.0,0.0,0.0,,76.55813886198135,509.0997009277344,56.49026149222998,,
2199,1042500.0,1757500.0,0.0,0.0,0.0,,81.52260382349274,589.05029296875,50.26045512596736,,
2200,1042500.0,1762500.0,0.0,0.0,0.0,,86.49116279894662,1064.6156005859375,124.93904082445333,,
2201,1042500.0,1767500.0,0.0,0.0,0.0,,91.46314859256499,363.4084777832031,102.96212720820868,,
2202,1042500.0,1772500.0,0.0,0.0,0.0,,96.43803118385068,281.73614501953125,17.133698165851662,,
2203,1042500.0,1777500.0,0.0,0.0,0.0,,99.4710889123987,317.05169677734375,84.42068815967163,,
2204,1042500.0,1782500.0,0.0,0.0,0.0,,99.20993503849701,392.29217529296875,72.80195136954009,,
2205,1042500.0,1787500.0,0.0,0.0,0.0,,99.2004278784485,625.2445068359375,145.26173587118677,,
2206,1042500.0,1792500.0,0.0,0.0,0.0,,99.44263960792536,715.143798828125,223.07756294399914,,
2207,1042500.0,1797500.0,0.0,0.0,0.0,,99.93473997122418,407.2424011230469,40.90747257129518,,
2208,1042500.0,1802500.0,0.0,0.0,0.0,,100.67306459048845,265.3883972167969,49.23597190122041,,
2209,1042500.0,1807500.0,0.0,0.0,0.0,,101.65224845012096,514.8123779296875,162.33418908542885,,
2210,1042500.0,1812500.0,0.0,0.0,0.0,,102.86541350662812,249.33631896972656,18.305455513754097,,
2211,1042500.0,1817500.0,0.0,0.0,0.0,,104.30439576937329,268.4100646972656,16.621703994859395,,
2212,1042500.0,1822500.0,0.0,0.0,0.0,,104.96651505727053,270.70831298828125,11.25945334832996,,
2213,1042500.0,1827500.0,0.0,0.0,0.0,,102.25306505747106,310.7013854980469,55.958023448620864,,
2229,1047500.0,1637500.0,0.0,0.0,0.0,,2.568704241277433,120.20609283447266,118.95642591254492,,
2230,1047500.0,1642500.0,0.0,0.0,0.0,,4.097830055550946,104.85379028320312,38.52763636931086,,
2231,1047500.0,1647500.0,0.0,0.0,0.0,,0.10003714188343105,75.5357437133789,58.213140046659234,,
2232,1047500.0,1652500.0,0.0,0.0,0.0,,0.08389899000333369,4.893104553222656,4.945420871385553,,
2233,1047500.0,1657500.0,0.0,0.0,0.0,,0.030967573098602316,129.96902465820312,59.90684159131355,,
2235,1047500.0,1667500.0,0.0,0.0,0.0,,0.21983752595330264,9.777560234069824,13.459935727470718,,
2236,1047500.0,1672500.0,0.0,0.0,0.0,,1.0937836633852887,19.537113189697266,9.633025741557999,,
2237,1047500.0,1677500.0,0.0,0.0,0.0,,4.014874134427467,52.23828887939453,10.444835131724222,,
2238,1047500.0,1682500.0,0.0,0.0,0.0,,7.424352705088785,58.403255462646484,17.988038928907528,,
2239,1047500.0,1687500.0,0.0,0.0,0.0,,11.828242525468191,44.57587814331055,8.667615500177673,,
2240,1047500.0,1692500.0,0.0,0.0,0.0,,16.57388395618327,67.90229034423828,25.798154634007926,,
2241,1047500.0,1697500.0,0.0,0.0,0.0,,21.43548314232185,205.683349609375,66.28912365221323,,
2242,1047500.0,1702500.0,0.0,0.0,0.0,,26.348932534288732,159.69036865234375,98.02716193318304,,
2243,1047500.0,1707500.0,0.0,0.0,0.0,,31.28981549719068,127.24261474609375,61.77062864153158,,
2244,1047500.0,1712500.0,0.0,0.0,0.0,,36.24691520667612,88.39227294921875,31.29228966827931,,
2245,1047500.0,1717500.0,0.0,0.0,0.0,,41.214380623172104,220.3582763671875,82.66006213782231,,
2246,1047500.0,1722500.0,0.0,0.0,0.0,,46.188867471539496,421.8193359375,94.75846790176325,,
2247,1047500.0,1727500.0,0.0,0.0,0.0,,51.16832796227735,169.87701416015625,52.411322066651515,,
2248,1047500.0,1732500.0,0.0,0.0,0.0,,56.1514389362099,349.2586669921875,103.17270390725845,,
2249,1047500.0,1737500.0,0.0,0.0,0.0,,61.137307781408275,288.49884033203125,102.10376416987536,,
2250,1047500.0,1742500.0,0.0,0.0,0.0,,66.12531066777969,259.1064758300781,11.786880095005198,,
2251,1047500.0,1747500.0,0.0,0.0,0.0,,71.1149985520784,344.4730529785156,88.6072671770695,,
2252,1047500.0,1752500.0,0.0,0.0,0.0,,76.10604001795028,672.5643310546875,156.52664203491386,,
2253,1047500.0,1757500.0,0.0,0.0,0.0,,81.09818515457411,706.1488037109375,169.96278854082212,,
2254,1047500.0,1762500.0,0.0,0.0,0.0,,86.09124196756206,846.7695922851562,139.51404818952665,,
2255,1047500.0,1767500.0,0.0,0.0,0.0,,91.085060529535,372.3672790527344,35.86631006491019,,
2256,1047500.0,1772500.0,0.0,0.0,0.0,,96.07952206282454,458.86517333984375,160.88965371708485,,
2257,1047500.0,1777500.0,0.0,0.0,0.0,,100.90948565647624,181.5889434814453,65.30654838214797,,
2258,1047500.0,1782500.0,0.0,0.0,0.0,,104.20818671489667,233.19711303710938,104.75355087697046,,
2259,1047500.0,1787500.0,0.0,0.0,0.0,,104.1991355978121,513.6847534179688,136.53312653144877,,
2260,1047500.0,1792500.0,0.0,0.0,0.0,,104.42975409458597,120.35564422607422,28.700237019216136,,
2261,1047500.0,1797500.0,0.0,0.0,0.0,,104.89846148147342,303.2713623046875,109.09915370817589,,
2262,1047500.0,1802500.0,0.0,0.0,0.0,,105.60208758402757,264.86407470703125,51.98461645604577,,
2263,1047500.0,1807500.0,0.0,0.0,0.0,,106.53597788085062,435.466552734375,12.48674148430363,,
2264,1047500.0,1812500.0,0.0,0.0,0.0,,107.69414219888452,326.2453308105469,17.663600350026467,,
2265,1047500.0,1817500.0,0.0,0.0,0.0,,109.06943634620117,390.93890380859375,125.65870420906089,,
2266,1047500.0,1822500.0,0.0,0.0,0.0,,109.1465473743124,122.54582214355469,3.4847839189039638,,
2267,1047500.0,1827500.0,0.0,0.0,0.0,,106.53961157293672,239.39207458496094,71.7441314746942,,
2288,1052500.0,1662500.0,0.0,0.0,0.0,,1.856647791907968,49.990787506103516,42.98587747951824,,
2289,1052500.0,1667500.0,0.0,0.0,0.0,,1.8727462659489789,119.94512939453125,37.323146493607176,,
2290,1052500.0,1672500.0,0.0,0.0,0.0,,1.7405641113517643,46.540611267089844,65.77412140982213,,
2291,1052500.0,1677500.0,0.0,0.0,0.0,,1.14691156644889,7.001777648925781,7.386333972880475,,
2292,1052500.0,1682500.0,0.0,0.0,0.0,,6.008470212374299,70.58854675292969,20.416804254449936,,
2293,1052500.0,1687500.0,0.0,0.0,0.0,,10.994908932989132,66.82716369628906,24.19552804722179,,
2294,1052500.0,1692500.0,0.0,0.0,0.0,,15.98981959236749,95.28301239013672,15.051744812856422,,
2295,1052500.0,1697500.0,0.0,0.0,0.0,,20.987154136475823,79.282958984375,38.91395368519092,,
2296,1052500.0,1702500.0,0.0,0.0,0.0,,25.9855141742458,144.56280517578125,52.0762414749963,,
2297,1052500.0,1707500.0,0.0,0.0,0.0,,30.984403416100562,102.51043701171875,3.795059294634535,,
2298,1052500.0,1712500.0,0.0,0.0,0.0,,35.983601309532645,153.67877197265625,50.61319327150026,,
2299,1052500.0,1717500.0,0.0,0.0,0.0,,40.982994904656906,269.57122802734375,37.665565615110395,,
2300,1052500.0,1722500.0,0.0,0.0,0.0,,45.98252036923236,278.3147888183594,41.65142547195286,,
2301,1052500.0,1727500.0,0.0,0.0,0.0,,50.98213890823534,76.74198913574219,7.753445049459709,,
2302,1052500.0,1732500.0,0.0,0.0,0.0,,55.98182558483011,317.412109375,63.0543172940085,,
2303,1052500.0,1737500.0,0.0,0.0,0.0,,60.98156363985819,351.5218811035156,87.03765994349446,,
2304,1052500.0,1742500.0,0.0,0.0,0.0,,65.98134139371379,772.7896728515625,120.06852059832077,,
2305,1052500.0,1747500.0,0.0,0.0,0.0,,70.98115045746684,785.3914184570312,137.653097875027,,
2306,1052500.0,1752500.0,0.0,0.0,0.0,,75.98098465022204,750.03662109375,158.26950372336134,,
2307,1052500.0,1757500.0,0.0,0.0,0.0,,80.98083931751395,917.9839477539062,33.45850710802337,,
2308,1052500.0,1762500.0,0.0,0.0,0.0,,85.58596501682423,647.8579711914062,88.93589371511166,,
2309,1052500.0,1767500.0,0.0,0.0,0.0,,89.77674789199054,511.8508605957031,112.31516800118001,,
2310,1052500.0,1772500.0,0.0,0.0,0.0,,94.04664542801616,326.5887756347656,8.004389337859584,,
2311,1052500.0,1777500.0,0.0,0.0,0.0,,98.38535750031076,459.3375549316406,133.52680874770914,,
2312,1052500.0,1782500.0,0.0,0.0,0.0,,102.78417010739017,116.18179321289062,43.28576340720108,,
2313,1052500.0,1787500.0,0.0,0.0,0.0,,107.23568752456377,110.5089111328125,39.67181243968365,,
2314,1052500.0,1792500.0,0.0,0.0,0.0,,109.41804471073165,69.13322448730469,19.40137335726267,,
2315,1052500.0,1797500.0,0.0,0.0,0.0,,109.86547314440573,305.3922119140625,132.54141037195453,,
2316,1052500.0,1802500.0,0.0,0.0,0.0,,110.53748626673487,177.28140258789062,69.72890624675323,,
2317,1052500.0,1807500.0,0.0,0.0,0.0,,111.43002087001989,169.35647583007812,59.12716487920098,,
2318,1052500.0,1812500.0,0.0,0.0,0.0,,112.53783022618454,179.80081176757812,117.46854587093055,,
2319,1052500.0,1817500.0,0.0,0.0,0.0,,113.85463061703727,94.02921295166016,27.68409766287696,,
2320,1052500.0,1822500.0,0.0,0.0,0.0,,113.39298181191747,167.09390258789062,92.9739379725686,,
2321,1052500.0,1827500.0,0.0,0.0,0.0,,110.8859249615435,343.9871826171875,130.05614271114538,,
2341,1057500.0,1657500.0,0.0,0.0,0.0,,0.9620123690088591,116.91923522949219,23.570631343860207,,
2342,1057500.0,1662500.0,0.0,0.0,0.0,,3.6649969941364606,67.95626831054688,59.35664958357465,,
2343,1057500.0,1667500.0,0.0,0.0,0.0,,6.871350663595955,243.32208251953125,130.43079950924016,,
2344,1057500.0,1672500.0,0.0,0.0,0.0,,6.271129466514777,112.23542022705078,111.83991832646319,,
2345,1057500.0,1677500.0,0.0,0.0,0.0,,5.682966421217384,109.85594177246094,13.843762404703428,,
2346,1057500.0,1682500.0,0.0,0.0,0.0,,8.19038555236683,68.28536224365234,10.909528141133707,,
2347,1057500.0,1687500.0,0.0,0.0,0.0,,12.323502896829062,20.482555389404297,5.527244602765135,,
2348,1057500.0,1692500.0,0.0,0.0,0.0,,16.930889870290024,17.57347869873047,8.607945934280494,,
2349,1057500.0,1697500.0,0.0,0.0,0.0,,21.712699969179887,46.11231231689453,14.58387376755606,,
2350,1057500.0,1702500.0,0.0,0.0,0.0,,26.574943990596843,122.90411376953125,32.727369781355065,,
2351,1057500.0,1707500.0,0.0,0.0,0.0,,31.48037414414089,142.40872192382812,9.173398652257259,,
2352,1057500.0,1712500.0,0.0,0.0,0.0,,36.41154026413644,179.40023803710938,35.1110743982691,,
2353,1057500.0,1717500.0,0.0,0.0,0.0,,41.35923805582695,126.25896453857422,11.69406701733669,,
2354,1057500.0,1722500.0,0.0,0.0,0.0,,46.31817009241944,187.50628662109375,54.23632710225842,,
2355,1057500.0,1727500.0,0.0,0.0,0.0,,51.28507764313157,118.25103759765625,52.14995347789358,,
2356,1057500.0,1732500.0,0.0,0.0,0.0,,56.25784831482421,106.22802734375,46.073820184887616,,
2357,1057500.0,1737500.0,0.0,0.0,0.0,,61.23505372877126,170.61842346191406,72.9162032579184,,
2358,1057500.0,1742500.0,0.0,0.0,0.0,,66.21569385966774,156.2704315185547,43.45247872390354,,
2359,1057500.0,1747500.0,0.0,0.0,0.0,,70.47829822198845,305.1039733886719,124.95480952351566,,
2360,1057500.0,1752500.0,0.0,0.0,0.0,,74.51239879690162,307.490478515625,137.44814777167687,,
2361,1057500.0,1757500.0,0.0,0.0,0.0,,78.65751476285956,810.5757446289062,230.30411561788026,,
2362,1057500.0,1762500.0,0.0,0.0,0.0,,82.89699441397399,382.8114013671875,99.77640471602197,,
2363,1057500.0,1767500.0,0.0,0.0,0.0,,87.21707824200142,320.6869812011719,132.56893145595586,,
2364,1057500.0,1772500.0,0.0,0.0,0.0,,91.6063632684562,359.3000183105469,109.78849526677502,,
2365,1057500.0,1777500.0,0.0,0.0,0.0,,96.05536343939013,216.39401245117188,49.03160889423713,,
2366,1057500.0,1782500.0,0.0,0.0,0.0,,100.55615296775375,163.82568359375,71.01986832185983,,
2367,1057500.0,1787500.0,0.0,0.0,0.0,,105.10207873241735,123.45527648925781,46.12290440159515,,
2368,1057500.0,1792500.0,0.0,0.0,0.0,,109.68752895418976,61.032310485839844,6.446452805332526,,
2369,1057500.0,1797500.0,0.0,0.0,0.0,,111.82357940518439,75.81826782226562,16.264349053880466,,
2370,1057500.0,1802500.0,0.0,0.0,0.0,,111.72677498940868,168.62347412109375,89.0999646219193,,
2371,1057500.0,1807500.0,0.0,0.0,0.0,,111.76930125044423,365.2791748046875,98.30606644243845,,
2372,1057500.0,1812500.0,0.0,0.0,0.0,,111.81376266309188,240.4282989501953,46.47048175689602,,
2373,1057500.0,1817500.0,0.0,0.0,0.0,,111.86206618767562,68.00735473632812,12.903818191784273,,
2374,1057500.0,1822500.0,0.0,0.0,0.0,,112.0595353897393,140.51931762695312,50.02499630914998,,
2375,1057500.0,1827500.0,0.0,0.0,0.0,,112.47914069618663,278.364013671875,59.83722255161684,,
2390,1062500.0,1632500.0,0.0,0.0,0.0,,5.9179850518530595,3.75,83.64006162322363,0.1720924139022828,0.0946887880563736
2394,1062500.0,1652500.0,0.0,0.0,0.0,,3.1327917587484717,29.75,43.33868915310365,,
2395,1062500.0,1657500.0,0.0,0.0,0.0,,1.860405952707686,87.82845306396484,125.05508537630872,,
2396,1062500.0,1662500.0,0.0,0.0,0.0,,3.6778376177775076,112.46244812011719,96.05810437253446,,
2397,1062500.0,1667500.0,0.0,0.0,0.0,,7.813730581239738,113.84428405761719,85.86977047030688,,
2398,1062500.0,1672500.0,0.0,0.0,0.0,,11.027838619902381,213.1602325439453,56.074948199617374,,
2399,1062500.0,1677500.0,0.0,0.0,0.0,,10.643157827830722,46.92255401611328,7.478475630813916,,
2400,1062500.0,1682500.0,0.0,0.0,0.0,,12.168118864469125,80.4076919555664,39.678289939325396,,
2401,1062500.0,1687500.0,0.0,0.0,0.0,,15.259404472376515,115.49141693115234,82.81832255820943,,
2402,1062500.0,1692500.0,0.0,0.0,0.0,,19.173829377652222,57.14325714111328,22.759502408241648,,
2403,1062500.0,1697500.0,0.0,0.0,0.0,,23.503660165069064,123.39434814453125,34.54397286623195,,
2404,1062500.0,1702500.0,0.0,0.0,0.0,,28.057233457823124,110.59960174560547,36.195202461637,,
2405,1062500.0,1707500.0,0.0,0.0,0.0,,32.74132950047271,207.67257690429688,110.25837976654154,,
2406,1062500.0,1712500.0,0.0,0.0,0.0,,37.50707887333082,519.7780151367188,144.85766761007366,,
2407,1062500.0,1717500.0,0.0,0.0,0.0,,42.32690957017763,239.81674194335938,22.910786352280684,,
2408,1062500.0,1722500.0,0.0,0.0,0.0,,47.18425141838884,102.23298645019531,25.493496511201585,,
2409,1062500.0,1727500.0,0.0,0.0,0.0,,52.06860752954187,108.27593231201172,31.96376133470929,,
2410,1062500.0,1732500.0,0.0,0.0,0.0,,55.762206131698385,36.19477844238281,9.02131461255156,,
2411,1062500.0,1737500.0,0.0,0.0,0.0,,59.53428161047201,111.82614135742188,46.83792543971838,,
2412,1062500.0,1742500.0,0.0,0.0,0.0,,63.476276994448476,92.5001220703125,43.5611239903887,,
2413,1062500.0,1747500.0,0.0,0.0,0.0,,67.55845465429854,284.8537902832031,113.37744743236652,,
2414,1062500.0,1752500.0,0.0,0.0,0.0,,71.7568940902397,165.39891052246094,52.646776161993834,,
2415,1062500.0,1757500.0,0.0,0.0,0.0,,76.05234318335525,166.31829833984375,43.18546631762396,,
2416,1062500.0,1762500.0,0.0,0.0,0.0,,80.42926058269965,99.51110076904297,18.07351131207305,,
2417,1062500.0,1767500.0,0.0,0.0,0.0,,84.87504351740132,193.82565307617188,15.152920199373717,,
2418,1062500.0,1772500.0,0.0,0.0,0.0,,89.37941634560909,228.7085418701172,118.6356356676826,,
2419,1062500.0,1777500.0,0.0,0.0,0.0,,93.93395084037877,214.75393676757812,71.49061395970735,,
2420,1062500.0,1782500.0,0.0,0.0,0.0,,98.53169122005194,588.670654296875,10.77796376845633,,
2421,1062500.0,1787500.0,0.0,0.0,0.0,,103.16686109834217,111.95774841308594,9.6585475671845,,
2422,1062500.0,1792500.0,0.0,0.0,0.0,,107.16291743366592,123.77607727050781,56.29196347245135,,
2423,1062500.0,1797500.0,0.0,0.0,0.0,,106.82813398838846,56.64795684814453,28.630185434012184,,
2424,1062500.0,1802500.0,0.0,0.0,0.0,,106.72679864957752,142.75010681152344,37.58638277747423,,
2425,1062500.0,1807500.0,0.0,0.0,0.0,,106.76949893607365,77.93771362304688,23.064407038925523,,
2426,1062500.0,1812500.0,0.0,0.0,0.0,,106.81396034872128,373.6367492675781,63.993695977980714,,
2427,1062500.0,1817500.0,0.0,0.0,0.0,,106.86283862506289,423.7842102050781,103.14854692567847,,
2428,1062500.0,1822500.0,0.0,0.0,0.0,,107.06952834020773,258.27105712890625,121.43876681704924,,
2429,1062500.0,1827500.0,0.0,0.0,0.0,,107.50861137128904,48.02055740356445,15.374986752830285,,
